{
  "options": [
    {
      "enabled": false,
      "definition": {
        "id": "5d58cc01-7c75-450c-be18-a388ddb129ec"
      },
      "inputs": {
        "branchFilters": "[\"+refs/heads/*\"]",
        "additionalFields": "{}"
      }
    },
    {
      "enabled": false,
      "definition": {
        "id": "a9db38f9-9fdc-478c-b0f9-464221e58316"
      },
      "inputs": {
        "workItemType": "Bug",
        "assignToRequestor": "true",
        "additionalFields": "{}"
      }
    }
  ],
  "variables": {
    "SourceBranch": {
      "value": "rhr",
      "allowOverride": true
    },
    "system.debug": {
      "value": "false",
      "allowOverride": true
    },
    "UserEmail": {
      "value": "hipdevelopmentteam@partners.org",
      "allowOverride": true
    }
  },
  "properties": {},
  "tags": [],
  "_links": "{}",
  "jobAuthorizationScope": "projectCollection",
  "jobTimeoutInMinutes": 60,
  "jobCancelTimeoutInMinutes": 5,
  "process": {
    "phases": [
      {
        "steps": [
          {
            "environment": {},
            "enabled": true,
            "continueOnError": false,
            "alwaysRun": false,
            "displayName": "Create Initial Folder Structure in Repo",
            "timeoutInMinutes": 0,
            "retryCountOnTaskFailure": 0,
            "condition": "succeeded()",
            "task": {
              "id": "d9bafed4-0b18-4f58-968d-86655b4d2ce9",
              "versionSpec": "2.*",
              "definitionType": "task"
            },
            "inputs": {
              "script": "SET PATH C:\\agents\\2.163.1\\externals\\git\\cmd\\;%path%\ngit init\ngit config user.email $(UserEmail)\ngit config user.name \"Automatic Build\"\n\ngit branch $(SourceBranch)\ngit checkout -b $(SourceBranch)\n\nIF EXIST Documentation (ECHO Documentation Exists) ELSE (\nMD Documentation\nECHO \" \" > Documentation\\.keep)\n\nIF EXIST Patches (ECHO Patches Exists) ELSE (\nMD Patches\nECHO \" \" > Patches\\.keep)\n\nIF EXIST Solutions ECHO Solutions Exists) ELSE (\nMD Solutions\nECHO \" \" > Solutions\\.keep)\n\nIF EXIST Test_Data ECHO Test_Data Exists) ELSE (\nMD Test_Data\nECHO \" \" > Test_Data\\.keep)\n\nIF EXIST Test_Script ECHO Test_Script Exists) ELSE (\nMD Test_Script\nECHO \" \" > Test_Script\\.keep)\n\n\ngit add .\ngit status\n\ngit commit -m \"Initial Folder Structure\"\n\ngit pull origin $(SourceBranch)\n\ngit push origin $(SourceBranch)",
              "workingDirectory": "",
              "failOnStderr": "false"
            }
          }
        ],
        "name": "Agent job 1",
        "refName": "Job_1",
        "condition": "succeeded()",
        "target": {
          "executionOptions": {
            "type": 0
          },
          "allowScriptsAuthAccessOption": false,
          "type": 1,
          "queue": "{}"
        },
        "jobAuthorizationScope": "projectCollection"
      }
    ],
    "target": {
      "agentSpecification": {
        "identifier": "vs2017-win2016"
      }
    },
    "type": 1
  },
  "repository": {
    "properties": {
      "fullName": "repository",
      "cloneUrl": "https://SQACAG-ADO@dev.azure.com/SQACAG-ADO/DEMO-CMMI/_git/PPM-HIP",
      "isPrivate": "True",
      "checkoutNestedSubmodules": "false",
      "cleanOptions": "0",
      "fetchDepth": "0",
      "gitLfsSupport": "false",
      "reportBuildStatus": "true",
      "connectedServiceId": "$GitHub_08d922b1$",
      "skipSyncSource": "false",
      "labelSourcesFormat": "$(build.buildNumber)",
      "labelSources": "0"
    },
    "id": "https://SQACAG-ADO@dev.azure.com/SQACAG-ADO/DEMO-CMMI/_git/PPM-HIP",
    "type": "Git",
    "name": "Git connection 1",
    "url": "https://SQACAG-ADO@dev.azure.com/SQACAG-ADO/DEMO-CMMI/_git/PPM-HIP",
    "defaultBranch": "master",
    "clean": "false",
    "checkoutSubmodules": false
  },
  "processParameters": {},
  "quality": "definition",
  "authoredBy": "{}",
  "drafts": [],
  "queue": {
    "_links": "{}",
    "id": "",
    "name": "Azure Pipelines",
    "url": "",
    "pool": {
      "id": "",
      "name": "Azure Pipelines",
      "isHosted": true
    }
  },
  "id": "",
  "name": "_Create Folders in DevOps",
  "url": "",
  "uri": "",
  "path": "\\WIP",
  "type": "build",
  "queueStatus": "enabled",
  "revision": 14,
  "createdDate": "",
  "project": "{}"
}