{
  "options": [
    {
      "enabled": false,
      "definition": {
        "id": "5d58cc01-7c75-450c-be18-a388ddb129ec"
      },
      "inputs": {
        "branchFilters": "[\"+refs/heads/*\"]",
        "additionalFields": "{}"
      }
    },
    {
      "enabled": false,
      "definition": {
        "id": "a9db38f9-9fdc-478c-b0f9-464221e58316"
      },
      "inputs": {
        "workItemType": "Bug",
        "assignToRequestor": "true",
        "additionalFields": "{}"
      }
    }
  ],
  "variables": {
    "SolutionName": {
      "value": "SMSConversation",
      "allowOverride": true
    },
    "SolutionVersion": {
      "value": "1.0.0.1",
      "allowOverride": true
    },
    "SourceBranch": {
      "value": "rhr",
      "allowOverride": true
    },
    "system.debug": {
      "value": "false",
      "allowOverride": true
    }
  },
  "properties": {},
  "tags": [],
  "_links": "{}",
  "jobAuthorizationScope": "projectCollection",
  "jobTimeoutInMinutes": 60,
  "jobCancelTimeoutInMinutes": 5,
  "process": {
    "phases": [
      {
        "steps": [
          {
            "environment": {},
            "enabled": true,
            "continueOnError": false,
            "alwaysRun": false,
            "displayName": "PowerApps Tool Installer ",
            "timeoutInMinutes": 0,
            "retryCountOnTaskFailure": 0,
            "condition": "succeeded()",
            "task": {
              "id": "70e9ed60-670f-11e9-be16-a150d2ff01e4",
              "versionSpec": "0.*",
              "definitionType": "task"
            },
            "inputs": {
              "XrmOnlineManagementApiVersion": "1.1.0.9060",
              "XrmToolingCrmConnectorVersion": "3.3.0.862",
              "XrmToolingPackageDeploymentVersion": "3.3.0.862",
              "MicrosoftPowerAppsCheckerVersion": "1.0.2",
              "CrmSdkCoreToolsVersion": "9.1.0.17"
            }
          },
          {
            "environment": {},
            "enabled": true,
            "continueOnError": false,
            "alwaysRun": false,
            "displayName": "PowerApps Pack Solution ",
            "timeoutInMinutes": 0,
            "retryCountOnTaskFailure": 0,
            "condition": "succeeded()",
            "task": {
              "id": "bfde445b-beda-4a1d-8459-a1869f3f63af",
              "versionSpec": "0.*",
              "definitionType": "task"
            },
            "inputs": {
              "SolutionSourceFolder": "$(Build.SourcesDirectory)\\Solutions\\$(SolutionName)_$(SolutionVersion)",
              "SolutionOutputFile": "$(Build.ArtifactStagingDirectory)\\$(SolutionName)_$(SolutionVersion)_Managed.zip",
              "SolutionType": "Managed"
            }
          },
          {
            "environment": {},
            "enabled": true,
            "continueOnError": false,
            "alwaysRun": false,
            "displayName": "PowerApps Import Solution ",
            "timeoutInMinutes": 0,
            "retryCountOnTaskFailure": 0,
            "condition": "succeeded()",
            "task": {
              "id": "9f15c5c5-3882-4d37-af7d-8a42a406002a",
              "versionSpec": "0.*",
              "definitionType": "task"
            },
            "inputs": {
              "PowerAppsEnvironment": "1cb05757-1af9-4a4c-b074-c547074fa6b9",
              "SolutionInputFile": "$(Build.ArtifactStagingDirectory)\\$(SolutionName)_$(SolutionVersion)_Managed.zip",
              "AsyncOperation": "true",
              "MaxAsyncWaitTime": "240",
              "HoldingSolution": "false",
              "OverwriteUnmanagedCustomizations": "false",
              "PublishWorkflows": "true",
              "SkipProductUpdateDependencies": "false"
            }
          },
          {
            "environment": {},
            "enabled": true,
            "continueOnError": false,
            "alwaysRun": false,
            "displayName": "Publish Pipeline Artifact",
            "timeoutInMinutes": 0,
            "retryCountOnTaskFailure": 0,
            "condition": "succeeded()",
            "refName": "",
            "task": {
              "id": "ecdc45f6-832d-4ad9-b52b-ee49e94659be",
              "versionSpec": "1.*",
              "definitionType": "task"
            },
            "inputs": {
              "path": "$(Build.ArtifactStagingDirectory)\\$(SolutionName)_$(SolutionVersion)_Managed.zip",
              "artifactName": "drop",
              "artifactType": "pipeline",
              "fileSharePath": "",
              "parallel": "false",
              "parallelCount": "8"
            }
          }
        ],
        "name": "Agent job 1",
        "refName": "Job_1",
        "condition": "succeeded()",
        "target": {
          "executionOptions": {
            "type": 0
          },
          "allowScriptsAuthAccessOption": false,
          "type": 1,
          "queue": "{}"
        },
        "jobAuthorizationScope": "projectCollection"
      }
    ],
    "target": {
      "agentSpecification": {
        "identifier": "vs2017-win2016"
      }
    },
    "type": 1
  },
  "repository": {
    "properties": {
      "fullName": "repository",
      "cloneUrl": "https://SQACAG-ADO@dev.azure.com/SQACAG-ADO/DEMO-CMMI/_git/PPM-HIP",
      "isPrivate": "True",
      "checkoutNestedSubmodules": "false",
      "cleanOptions": "3",
      "fetchDepth": "0",
      "gitLfsSupport": "false",
      "reportBuildStatus": "true",
      "connectedServiceId": "$GitHub_db60f7fe$",
      "skipSyncSource": "false",
      "labelSourcesFormat": "$(build.buildNumber)",
      "labelSources": "0"
    },
    "id": "https://SQACAG-ADO@dev.azure.com/SQACAG-ADO/DEMO-CMMI/_git/PPM-HIP",
    "type": "Git",
    "name": "Git connection 1",
    "url": "https://SQACAG-ADO@dev.azure.com/SQACAG-ADO/DEMO-CMMI/_git/PPM-HIP",
    "defaultBranch": "$(SourceBranch)",
    "clean": "true",
    "checkoutSubmodules": false
  },
  "processParameters": {},
  "quality": "definition",
  "authoredBy": "{}",
  "drafts": [],
  "queue": {
    "_links": "{}",
    "id": "",
    "name": "Azure Pipelines",
    "url": "",
    "pool": {
      "id": "",
      "name": "Azure Pipelines",
      "isHosted": true
    }
  },
  "id": "",
  "name": "_Import Release Candidate and Create Manage Solution",
  "url": "",
  "uri": "",
  "path": "\\WIP",
  "type": "build",
  "queueStatus": "enabled",
  "revision": 21,
  "createdDate": "",
  "project": "{}"
}