{
  "options": [
    {
      "enabled": false,
      "definition": {
        "id": "5d58cc01-7c75-450c-be18-a388ddb129ec"
      },
      "inputs": {
        "branchFilters": "[\"+refs/heads/*\"]",
        "additionalFields": "{}"
      }
    },
    {
      "enabled": false,
      "definition": {
        "id": "a9db38f9-9fdc-478c-b0f9-464221e58316"
      },
      "inputs": {
        "workItemType": "Bug",
        "assignToRequestor": "true",
        "additionalFields": "{}"
      }
    }
  ],
  "variables": {
    "system.debug": {
      "value": "false",
      "allowOverride": true
    }
  },
  "properties": {},
  "tags": [],
  "_links": "{}",
  "jobAuthorizationScope": "projectCollection",
  "jobTimeoutInMinutes": 60,
  "jobCancelTimeoutInMinutes": 5,
  "process": {
    "phases": [
      {
        "steps": [
          {
            "environment": {},
            "enabled": true,
            "continueOnError": false,
            "alwaysRun": false,
            "displayName": "PowerApps Tool Installer ",
            "timeoutInMinutes": 0,
            "retryCountOnTaskFailure": 0,
            "condition": "succeeded()",
            "task": {
              "id": "70e9ed60-670f-11e9-be16-a150d2ff01e4",
              "versionSpec": "0.*",
              "definitionType": "task"
            },
            "inputs": {
              "XrmOnlineManagementApiVersion": "1.1.0.9060",
              "XrmToolingCrmConnectorVersion": "3.3.0.862",
              "XrmToolingPackageDeploymentVersion": "3.3.0.862",
              "MicrosoftPowerAppsCheckerVersion": "1.0.2",
              "CrmSdkCoreToolsVersion": "9.1.0.17"
            }
          },
          {
            "environment": {},
            "enabled": true,
            "continueOnError": false,
            "alwaysRun": false,
            "displayName": "PowerShell Script",
            "timeoutInMinutes": 0,
            "retryCountOnTaskFailure": 0,
            "condition": "succeeded()",
            "task": {
              "id": "e213ff0f-5d5c-4791-802d-52ea3e7be1f1",
              "versionSpec": "2.*",
              "definitionType": "task"
            },
            "inputs": {
              "targetType": "inline",
              "filePath": "",
              "arguments": "",
              "script": "# Write your PowerShell commands here.\n\nWrite-Host \"Hello World\"\n\nCD \\SDK PackageDeployer\\PowerShell\n.\\RegisterXRMTooling.ps1\nAdd-PSSnapin Microsoft.Xrm.Tooling.Connector\nAdd-PSSnapin Microsoft.Xrm.Tooling.PackageDeployment\n\n$Cred = Get-Credential",
              "errorActionPreference": "stop",
              "failOnStderr": "false",
              "ignoreLASTEXITCODE": "false",
              "pwsh": "false",
              "workingDirectory": ""
            }
          }
        ],
        "name": "Agent job 1",
        "refName": "Job_1",
        "condition": "succeeded()",
        "target": {
          "executionOptions": {
            "type": 0
          },
          "allowScriptsAuthAccessOption": false,
          "type": 1,
          "queue": "{}"
        },
        "jobAuthorizationScope": "projectCollection"
      }
    ],
    "target": {
      "agentSpecification": {
        "identifier": "vs2017-win2016"
      }
    },
    "type": 1
  },
  "repository": {
    "properties": {
      "fullName": "repository",
      "cloneUrl": "https://SQACAG-ADO@dev.azure.com/SQACAG-ADO/DEMO-CMMI/_git/PPM-HIP",
      "isPrivate": "True",
      "checkoutNestedSubmodules": "false",
      "cleanOptions": "0",
      "fetchDepth": "0",
      "gitLfsSupport": "false",
      "reportBuildStatus": "true",
      "connectedServiceId": "$GitHub_ca4d8897$",
      "skipSyncSource": "false",
      "labelSourcesFormat": "$(build.buildNumber)",
      "labelSources": "0"
    },
    "id": "https://SQACAG-ADO@dev.azure.com/SQACAG-ADO/DEMO-CMMI/_git/PPM-HIP",
    "type": "Git",
    "name": "Git connection 1",
    "url": "https://SQACAG-ADO@dev.azure.com/SQACAG-ADO/DEMO-CMMI/_git/PPM-HIP",
    "defaultBranch": "master",
    "clean": "false",
    "checkoutSubmodules": false
  },
  "processParameters": {},
  "quality": "definition",
  "authoredBy": "{}",
  "drafts": [],
  "queue": {
    "_links": "{}",
    "id": "",
    "name": "Azure Pipelines",
    "url": "",
    "pool": {
      "id": "",
      "name": "Azure Pipelines",
      "isHosted": true
    }
  },
  "id": "",
  "name": "DEMO-CMMI-CI",
  "url": "",
  "uri": "",
  "path": "\\WIP",
  "type": "build",
  "queueStatus": "enabled",
  "revision": 1,
  "createdDate": "",
  "project": "{}"
}