{
  "options": [
    {
      "enabled": false,
      "definition": {
        "id": "5d58cc01-7c75-450c-be18-a388ddb129ec"
      },
      "inputs": {
        "branchFilters": "[\"+refs/heads/*\"]",
        "additionalFields": "{}"
      }
    },
    {
      "enabled": false,
      "definition": {
        "id": "a9db38f9-9fdc-478c-b0f9-464221e58316"
      },
      "inputs": {
        "workItemType": "Bug",
        "assignToRequestor": "true",
        "additionalFields": "{}"
      }
    }
  ],
  "triggers": [
    {
      "branchFilters": [
        "+refs/heads/main"
      ],
      "pathFilters": [],
      "batchChanges": false,
      "maxConcurrentBuildsPerBranch": 1,
      "pollingInterval": 0,
      "triggerType": "continuousIntegration"
    }
  ],
  "variables": {
    "system.debug": {
      "value": "false",
      "allowOverride": true
    }
  },
  "properties": {},
  "tags": [],
  "_links": "{}",
  "jobAuthorizationScope": "project",
  "jobTimeoutInMinutes": 60,
  "jobCancelTimeoutInMinutes": 5,
  "process": {
    "phases": [
      {
        "steps": [
          {
            "environment": {},
            "enabled": true,
            "continueOnError": false,
            "alwaysRun": false,
            "displayName": "Install Terraform latest",
            "timeoutInMinutes": 0,
            "retryCountOnTaskFailure": 0,
            "condition": "succeeded()",
            "task": {
              "id": "a4789e5d-f6e8-431f-add9-379d640a883c",
              "versionSpec": "1.*",
              "definitionType": "task"
            },
            "inputs": {
              "terraformVersion": "latest"
            }
          },
          {
            "environment": {},
            "enabled": true,
            "continueOnError": false,
            "alwaysRun": false,
            "displayName": "Terraform Init",
            "timeoutInMinutes": 0,
            "retryCountOnTaskFailure": 0,
            "condition": "succeeded()",
            "task": {
              "id": "fe504acc-6115-40cb-89ff-191386b5e7bf",
              "versionSpec": "4.*",
              "definitionType": "task"
            },
            "inputs": {
              "provider": "azurerm",
              "command": "init",
              "workingDirectory": "$(System.DefaultWorkingDirectory)",
              "customCommand": "",
              "commandOptions": "",
              "outputTo": "console",
              "outputFormat": "default",
              "fileName": "",
              "environmentServiceNameAzureRM": "",
              "environmentServiceNameAWS": "",
              "environmentServiceNameGCP": "",
              "backendServiceArm": "b2afb5da-b777-4a50-a81b-337fc3381dbf",
              "backendAzureRmResourceGroupName": "dfci-ia-sandbox-rahul-terraform-e2-rg",
              "backendAzureRmStorageAccountName": "dfcirahulmaurya",
              "backendAzureRmContainerName": "rahul",
              "backendAzureRmKey": "terraform.tfstate",
              "backendServiceAWS": "",
              "backendAWSBucketName": "",
              "backendAWSKey": "",
              "backendServiceGCP": "",
              "backendGCPBucketName": "",
              "backendGCPPrefix": ""
            }
          },
          {
            "environment": {},
            "enabled": true,
            "continueOnError": false,
            "alwaysRun": false,
            "displayName": "Terraform Plan",
            "timeoutInMinutes": 0,
            "retryCountOnTaskFailure": 0,
            "condition": "succeeded()",
            "task": {
              "id": "fe504acc-6115-40cb-89ff-191386b5e7bf",
              "versionSpec": "4.*",
              "definitionType": "task"
            },
            "inputs": {
              "provider": "azurerm",
              "command": "plan",
              "workingDirectory": "$(System.DefaultWorkingDirectory)",
              "customCommand": "",
              "commandOptions": "",
              "outputTo": "console",
              "outputFormat": "default",
              "fileName": "",
              "environmentServiceNameAzureRM": "b2afb5da-b777-4a50-a81b-337fc3381dbf",
              "environmentServiceNameAWS": "",
              "environmentServiceNameGCP": "",
              "backendServiceArm": "",
              "backendAzureRmResourceGroupName": "",
              "backendAzureRmStorageAccountName": "",
              "backendAzureRmContainerName": "",
              "backendAzureRmKey": "",
              "backendServiceAWS": "",
              "backendAWSBucketName": "",
              "backendAWSKey": "",
              "backendServiceGCP": "",
              "backendGCPBucketName": "",
              "backendGCPPrefix": ""
            }
          },
          {
            "environment": {},
            "enabled": true,
            "continueOnError": false,
            "alwaysRun": false,
            "displayName": "Terraform Apply",
            "timeoutInMinutes": 0,
            "retryCountOnTaskFailure": 0,
            "condition": "succeeded()",
            "task": {
              "id": "fe504acc-6115-40cb-89ff-191386b5e7bf",
              "versionSpec": "4.*",
              "definitionType": "task"
            },
            "inputs": {
              "provider": "azurerm",
              "command": "apply",
              "workingDirectory": "$(System.DefaultWorkingDirectory)",
              "customCommand": "",
              "commandOptions": "",
              "outputTo": "console",
              "outputFormat": "default",
              "fileName": "",
              "environmentServiceNameAzureRM": "b2afb5da-b777-4a50-a81b-337fc3381dbf",
              "environmentServiceNameAWS": "",
              "environmentServiceNameGCP": "",
              "backendServiceArm": "",
              "backendAzureRmResourceGroupName": "",
              "backendAzureRmStorageAccountName": "",
              "backendAzureRmContainerName": "",
              "backendAzureRmKey": "",
              "backendServiceAWS": "",
              "backendAWSBucketName": "",
              "backendAWSKey": "",
              "backendServiceGCP": "",
              "backendGCPBucketName": "",
              "backendGCPPrefix": ""
            }
          }
        ],
        "name": "poc-ci",
        "refName": "Job_1",
        "condition": "succeeded()",
        "target": {
          "executionOptions": {
            "type": 0
          },
          "allowScriptsAuthAccessOption": false,
          "type": 1,
          "queue": "{}"
        },
        "jobAuthorizationScope": "project"
      }
    ],
    "target": {
      "agentSpecification": {
        "identifier": "windows-2019"
      }
    },
    "type": 1
  },
  "repository": {
    "properties": {
      "cleanOptions": "0",
      "labelSources": "0",
      "labelSourcesFormat": "$(build.buildNumber)",
      "reportBuildStatus": "true",
      "fetchDepth": "1",
      "gitLfsSupport": "false",
      "skipSyncSource": "false",
      "checkoutNestedSubmodules": "false",
      "connectedServiceId": ""
    },
    "id": "$DFCI-Mediaflux$",
    "type": "TfsGit",
    "name": "DFCI-Mediaflux",
    "url": "",
    "defaultBranch": "refs/heads/main",
    "clean": "false",
    "checkoutSubmodules": false
  },
  "processParameters": {},
  "quality": "definition",
  "authoredBy": "{}",
  "drafts": [],
  "queue": {
    "_links": "{}",
    "id": "",
    "name": "Azure Pipelines",
    "url": "",
    "pool": {
      "id": "",
      "name": "Azure Pipelines",
      "isHosted": true
    }
  },
  "id": "",
  "name": "Deployment-using-Terraform",
  "url": "",
  "uri": "",
  "path": "\\",
  "type": "build",
  "queueStatus": "enabled",
  "revision": 6,
  "createdDate": "",
  "project": "{}"
}