{
  "options": [
    {
      "enabled": false,
      "definition": {
        "id": "5d58cc01-7c75-450c-be18-a388ddb129ec"
      },
      "inputs": {
        "branchFilters": "[\"+refs/heads/*\"]",
        "additionalFields": "{}"
      }
    },
    {
      "enabled": false,
      "definition": {
        "id": "a9db38f9-9fdc-478c-b0f9-464221e58316"
      },
      "inputs": {
        "workItemType": "Bug",
        "assignToRequestor": "true",
        "additionalFields": "{}"
      }
    }
  ],
  "variables": {
    "system.debug": {
      "value": "false",
      "allowOverride": true
    }
  },
  "properties": {},
  "tags": [],
  "_links": "{}",
  "jobAuthorizationScope": "projectCollection",
  "jobTimeoutInMinutes": 60,
  "jobCancelTimeoutInMinutes": 5,
  "process": {
    "phases": [
      {
        "steps": [
          {
            "environment": {},
            "enabled": true,
            "continueOnError": false,
            "alwaysRun": false,
            "displayName": "Command Line Script",
            "timeoutInMinutes": 0,
            "retryCountOnTaskFailure": 0,
            "condition": "succeeded()",
            "task": {
              "id": "d9bafed4-0b18-4f58-968d-86655b4d2ce9",
              "versionSpec": "2.*",
              "definitionType": "task"
            },
            "inputs": {
              "script": "dir $(Build.ArtifactStagingDirectory)\ndir $(Pipeline.Workspace)",
              "workingDirectory": "",
              "failOnStderr": "false"
            }
          },
          {
            "environment": {},
            "enabled": true,
            "continueOnError": false,
            "alwaysRun": false,
            "displayName": "Publish Pipeline Artifact",
            "timeoutInMinutes": 0,
            "retryCountOnTaskFailure": 0,
            "condition": "succeeded()",
            "task": {
              "id": "ecdc45f6-832d-4ad9-b52b-ee49e94659be",
              "versionSpec": "1.*",
              "definitionType": "task"
            },
            "inputs": {
              "path": "$(Build.ArtifactStagingDirectory)/util/src/main/python",
              "artifactName": "ppm-hip-pipeline-helpers",
              "artifactType": "pipeline",
              "fileSharePath": "",
              "parallel": "false",
              "parallelCount": "8"
            }
          }
        ],
        "name": "Publish job",
        "refName": "Job_1",
        "condition": "succeeded()",
        "target": {
          "executionOptions": {
            "type": 0
          },
          "allowScriptsAuthAccessOption": false,
          "type": 1,
          "queue": "{}"
        },
        "jobAuthorizationScope": "projectCollection"
      }
    ],
    "target": {
      "agentSpecification": {
        "identifier": "vs2017-win2016"
      }
    },
    "type": 1
  },
  "repository": {
    "properties": {
      "fullName": "repository",
      "cloneUrl": "https://SQACAG-ADO@dev.azure.com/SQACAG-ADO/DEMO-CMMI/_git/PPM-HIP",
      "isPrivate": "True",
      "checkoutNestedSubmodules": "false",
      "cleanOptions": "0",
      "fetchDepth": "0",
      "gitLfsSupport": "false",
      "reportBuildStatus": "true",
      "connectedServiceId": "$GitHub_d787a54d$",
      "skipSyncSource": "false",
      "labelSourcesFormat": "$(build.buildNumber)",
      "labelSources": "0"
    },
    "id": "https://SQACAG-ADO@dev.azure.com/SQACAG-ADO/DEMO-CMMI/_git/PPM-HIP",
    "type": "Git",
    "name": "PPM-HIP-GIT",
    "url": "https://SQACAG-ADO@dev.azure.com/SQACAG-ADO/DEMO-CMMI/_git/PPM-HIP",
    "defaultBranch": "master",
    "clean": "false",
    "checkoutSubmodules": false
  },
  "processParameters": {},
  "quality": "definition",
  "authoredBy": "{}",
  "drafts": [],
  "queue": {
    "_links": "{}",
    "id": "",
    "name": "Azure Pipelines",
    "url": "",
    "pool": {
      "id": "",
      "name": "Azure Pipelines",
      "isHosted": true
    }
  },
  "id": "",
  "name": "Publish Utility Scripts",
  "url": "",
  "uri": "",
  "path": "\\",
  "type": "build",
  "queueStatus": "enabled",
  "revision": 3,
  "createdDate": "",
  "project": "{}"
}