{
  "options": [
    {
      "enabled": false,
      "definition": {
        "id": "5d58cc01-7c75-450c-be18-a388ddb129ec"
      },
      "inputs": {
        "branchFilters": "[\"+refs/heads/*\"]",
        "additionalFields": "{}"
      }
    },
    {
      "enabled": false,
      "definition": {
        "id": "a9db38f9-9fdc-478c-b0f9-464221e58316"
      },
      "inputs": {
        "workItemType": "Bug",
        "assignToRequestor": "true",
        "additionalFields": "{}"
      }
    }
  ],
  "variables": {
    "system.debug": {
      "value": "false",
      "allowOverride": true
    }
  },
  "properties": {},
  "tags": [],
  "_links": "{}",
  "jobAuthorizationScope": "project",
  "jobTimeoutInMinutes": 60,
  "jobCancelTimeoutInMinutes": 5,
  "process": {
    "phases": [
      {
        "steps": [
          {
            "environment": {},
            "enabled": true,
            "continueOnError": false,
            "alwaysRun": false,
            "displayName": "Command Line Script",
            "timeoutInMinutes": 0,
            "retryCountOnTaskFailure": 0,
            "condition": "succeeded()",
            "task": {
              "id": "d9bafed4-0b18-4f58-968d-86655b4d2ce9",
              "versionSpec": "2.*",
              "definitionType": "task"
            },
            "inputs": {
              "script": "echo Write your commands here\n\necho Hello world Pipeline has run\n",
              "workingDirectory": "",
              "failOnStderr": "false"
            }
          }
        ],
        "name": "Agent job 1",
        "refName": "Job_1",
        "condition": "succeeded()",
        "target": {
          "executionOptions": {
            "type": 0
          },
          "allowScriptsAuthAccessOption": false,
          "type": 1,
          "queue": "{}"
        },
        "jobAuthorizationScope": "project"
      }
    ],
    "target": {
      "agentSpecification": {
        "identifier": "windows-2019"
      }
    },
    "type": 1
  },
  "repository": {
    "properties": {
      "cleanOptions": "3",
      "labelSources": "0",
      "labelSourcesFormat": "$(build.buildNumber)",
      "reportBuildStatus": "true",
      "fetchDepth": "1",
      "gitLfsSupport": "false",
      "skipSyncSource": "false",
      "checkoutNestedSubmodules": "false",
      "connectedServiceId": ""
    },
    "id": "$SNOW2ADO$",
    "type": "TfsGit",
    "name": "SNOW2ADO",
    "url": "",
    "defaultBranch": "refs/heads/main",
    "clean": "true",
    "checkoutSubmodules": false
  },
  "processParameters": {},
  "quality": "definition",
  "authoredBy": "{}",
  "drafts": [],
  "queue": {
    "_links": "{}",
    "id": "",
    "name": "Azure Pipelines",
    "url": "",
    "pool": {
      "id": "",
      "name": "Azure Pipelines",
      "isHosted": true
    }
  },
  "id": "",
  "name": "SNOW2ADO-CI",
  "url": "",
  "uri": "",
  "path": "\\SNOW2ADO-Builds",
  "type": "build",
  "queueStatus": "enabled",
  "revision": 2,
  "createdDate": "",
  "project": "{}"
}