{
  "options": [
    {
      "enabled": false,
      "definition": {
        "id": "5d58cc01-7c75-450c-be18-a388ddb129ec"
      },
      "inputs": {
        "branchFilters": "[\"+refs/heads/*\"]",
        "additionalFields": "{}"
      }
    },
    {
      "enabled": false,
      "definition": {
        "id": "a9db38f9-9fdc-478c-b0f9-464221e58316"
      },
      "inputs": {
        "workItemType": "Bug",
        "assignToRequestor": "true",
        "additionalFields": "{}"
      }
    }
  ],
  "variables": {
    "environmentTag01": {
      "value": "",
      "allowOverride": true
    },
    "environmentTag02": {
      "value": "",
      "allowOverride": true
    },
    "RITM": {
      "value": "",
      "allowOverride": true
    },
    "system.debug": {
      "value": "false",
      "allowOverride": true
    },
    "variableA": {
      "value": "",
      "allowOverride": true
    },
    "variableB": {
      "value": "",
      "allowOverride": true
    },
    "variableC": {
      "value": "",
      "allowOverride": true
    }
  },
  "properties": {},
  "tags": [],
  "_links": "{}",
  "jobAuthorizationScope": "project",
  "jobTimeoutInMinutes": 60,
  "jobCancelTimeoutInMinutes": 5,
  "process": {
    "phases": [
      {
        "steps": [
          {
            "environment": {
              "tag1": "$(environmentTag01)",
              "tag2": "$(environmentTag02)"
            },
            "enabled": true,
            "continueOnError": false,
            "alwaysRun": false,
            "displayName": "PS Tag Build",
            "timeoutInMinutes": 0,
            "retryCountOnTaskFailure": 0,
            "condition": "succeeded()",
            "task": {
              "id": "e213ff0f-5d5c-4791-802d-52ea3e7be1f1",
              "versionSpec": "2.*",
              "definitionType": "task"
            },
            "inputs": {
              "targetType": "inline",
              "filePath": "",
              "arguments": "",
              "script": "# Adding Build Tags based on Build Variables.\n\nIF ([string]::IsNullOrEmpty($tag1) -eq \"false\"){\n    Write-Host \"##vso[build.addbuildtag]$(environmentTag01)\"\n}\n\nIF ([string]::IsNullOrEmpty($tag2) -eq \"false\"){\n    Write-Host \"##vso[build.addbuildtag]$(environmentTag02)\"\n}\n\n",
              "errorActionPreference": "stop",
              "warningPreference": "default",
              "informationPreference": "default",
              "verbosePreference": "default",
              "debugPreference": "default",
              "progressPreference": "silentlyContinue",
              "failOnStderr": "false",
              "showWarnings": "false",
              "ignoreLASTEXITCODE": "false",
              "pwsh": "false",
              "workingDirectory": "",
              "runScriptInSeparateScope": "false"
            }
          },
          {
            "environment": {},
            "enabled": true,
            "continueOnError": false,
            "alwaysRun": false,
            "displayName": "PS - Write Environment Variables to console",
            "timeoutInMinutes": 0,
            "retryCountOnTaskFailure": 0,
            "condition": "succeeded()",
            "task": {
              "id": "e213ff0f-5d5c-4791-802d-52ea3e7be1f1",
              "versionSpec": "2.*",
              "definitionType": "task"
            },
            "inputs": {
              "targetType": "inline",
              "filePath": "",
              "arguments": "",
              "script": "# Write your PowerShell commands here.\n\nWrite-Host \"VariableA:\" $(variableA)\nWrite-Host \"VariableB:\" $(variableB)\nWrite-Host \"VariableC:\" $(variableC)\nWrite-Host \"RITM:\" $(RITM)",
              "errorActionPreference": "stop",
              "warningPreference": "default",
              "informationPreference": "default",
              "verbosePreference": "default",
              "debugPreference": "default",
              "progressPreference": "silentlyContinue",
              "failOnStderr": "true",
              "showWarnings": "false",
              "ignoreLASTEXITCODE": "false",
              "pwsh": "false",
              "workingDirectory": "",
              "runScriptInSeparateScope": "false"
            }
          },
          {
            "environment": {},
            "enabled": true,
            "continueOnError": false,
            "alwaysRun": false,
            "displayName": "Ant  build.xml",
            "timeoutInMinutes": 0,
            "retryCountOnTaskFailure": 0,
            "condition": "succeeded()",
            "task": {
              "id": "3a6a2d63-f2b2-4e93-bcf9-0cbe22f5dc26",
              "versionSpec": "1.*",
              "definitionType": "task"
            },
            "inputs": {
              "antBuildFile": "build.xml",
              "options": "",
              "targets": "",
              "publishJUnitResults": "true",
              "testResultsFiles": "**/TEST-*.xml",
              "testRunTitle": "",
              "codeCoverageTool": "None",
              "classFilesDirectories": ".",
              "classFilter": "",
              "srcDirectories": "",
              "failIfCoverageEmpty": "false",
              "antHomeUserInputPath": "",
              "javaHomeSelection": "JDKVersion",
              "jdkVersion": "default",
              "jdkUserInputPath": "",
              "jdkArchitecture": "x64"
            }
          }
        ],
        "name": "Agent job 1",
        "refName": "Job_1",
        "condition": "succeeded()",
        "target": {
          "executionOptions": {
            "type": 0
          },
          "allowScriptsAuthAccessOption": false,
          "type": 1,
          "queue": "{}"
        },
        "jobAuthorizationScope": "project"
      }
    ],
    "target": {
      "agentSpecification": {
        "identifier": "windows-2019"
      }
    },
    "type": 1
  },
  "repository": {
    "properties": {
      "cleanOptions": "0",
      "labelSources": "0",
      "labelSourcesFormat": "$(build.buildNumber)",
      "reportBuildStatus": "true",
      "fetchDepth": "1",
      "gitLfsSupport": "false",
      "skipSyncSource": "false",
      "checkoutNestedSubmodules": "false",
      "connectedServiceId": ""
    },
    "id": "$SNOW2ADO$",
    "type": "TfsGit",
    "name": "SNOW2ADO",
    "url": "",
    "defaultBranch": "refs/heads/main",
    "clean": "false",
    "checkoutSubmodules": false
  },
  "processParameters": {},
  "quality": "definition",
  "authoredBy": "{}",
  "drafts": [],
  "queue": {
    "_links": "{}",
    "id": "",
    "name": "Azure Pipelines",
    "url": "",
    "pool": {
      "id": "",
      "name": "Azure Pipelines",
      "isHosted": true
    }
  },
  "id": "",
  "name": "SNOW2ADO-Takis-CI",
  "url": "",
  "uri": "",
  "path": "\\SNOW2ADO-Builds",
  "type": "build",
  "queueStatus": "enabled",
  "revision": 12,
  "createdDate": "",
  "project": "{}"
}