{
  "options": [
    {
      "enabled": false,
      "definition": {
        "id": "5d58cc01-7c75-450c-be18-a388ddb129ec"
      },
      "inputs": {
        "branchFilters": "[\"+refs/heads/*\"]",
        "additionalFields": "{}"
      }
    },
    {
      "enabled": false,
      "definition": {
        "id": "a9db38f9-9fdc-478c-b0f9-464221e58316"
      },
      "inputs": {
        "workItemType": "Bug",
        "assignToRequestor": "true",
        "additionalFields": "{}"
      }
    }
  ],
  "variables": {
    "system.debug": {
      "value": "false",
      "allowOverride": true
    },
    "veracode.appName": {
      "value": "PHS - HIP",
      "allowOverride": true
    },
    "veracode.sandboxName": {
      "value": "SMSConversations",
      "allowOverride": true
    },
    "veracode.scanNamePrefix": {
      "value": "SMSConversations",
      "allowOverride": true
    }
  },
  "properties": {},
  "tags": [],
  "_links": "{}",
  "jobAuthorizationScope": "projectCollection",
  "jobTimeoutInMinutes": 60,
  "jobCancelTimeoutInMinutes": 5,
  "process": {
    "phases": [
      {
        "steps": [
          {
            "environment": {},
            "enabled": true,
            "continueOnError": false,
            "alwaysRun": false,
            "displayName": "Command Line Script",
            "timeoutInMinutes": 0,
            "retryCountOnTaskFailure": 0,
            "condition": "succeeded()",
            "task": {
              "id": "d9bafed4-0b18-4f58-968d-86655b4d2ce9",
              "versionSpec": "2.*",
              "definitionType": "task"
            },
            "inputs": {
              "script": "dir ",
              "workingDirectory": "",
              "failOnStderr": "false"
            }
          },
          {
            "environment": {},
            "enabled": true,
            "continueOnError": false,
            "alwaysRun": false,
            "displayName": "Build solution **/*.sln",
            "timeoutInMinutes": 0,
            "retryCountOnTaskFailure": 0,
            "condition": "succeeded()",
            "task": {
              "id": "c6c4c611-aa2e-4a33-b606-5eaba2196824",
              "versionSpec": "1.*",
              "definitionType": "task"
            },
            "inputs": {
              "solution": "**/*.sln",
              "msbuildLocationMethod": "version",
              "msbuildVersion": "latest",
              "msbuildArchitecture": "x86",
              "msbuildLocation": "",
              "platform": "",
              "configuration": "",
              "msbuildArguments": "/t:Rebuild  /p:OutputPath=$(build.artifactstagingdirectory) /p:DeployOnBuild=true /p:WebPublishMethod=FileSystem  /p:PrecompileBeforePublish=true /p:EnableUpdateable=false /p:DebugSymbols=true  /p:UseMerge=false /p:DeleteAppCodeCompiledFiles=True /p:DeleteExistingFiles=True  /p:WDPMergeOption=CreateSeparateAssembly /p:UseFixedNames=true",
              "clean": "false",
              "maximumCpuCount": "false",
              "restoreNugetPackages": "true",
              "logProjectEvents": "false",
              "createLogFile": "false",
              "logFileVerbosity": "normal"
            }
          },
          {
            "environment": {},
            "enabled": true,
            "continueOnError": false,
            "alwaysRun": false,
            "displayName": "Upload and scan: $(build.artifactstagingdirectory)",
            "timeoutInMinutes": 0,
            "retryCountOnTaskFailure": 0,
            "condition": "succeeded()",
            "task": {
              "id": "6292a058-d4f5-407b-b6c6-815df9ee59d6",
              "versionSpec": "2.*",
              "definitionType": "task"
            },
            "inputs": {
              "ConnectionDetailsSelection": "Endpoint",
              "AnalysisService": "a3928a27-6963-43b7-a780-7889896f9780",
              "username": "",
              "password": "",
              "veracodeAppProfile": "$(veracode.appName)",
              "version": "$(veracode.scanNamePrefix)-$(build.sourceBranchName)-$(build.buildNumber)",
              "filepath": "$(build.artifactstagingdirectory)",
              "sandboxName": "$(veracode.sandboxName) ",
              "createSandBox": "true",
              "optargs": "",
              "createProfile": "false",
              "failTheBuildIfVeracodeScanDidNotInitiate": "false",
              "scanStatusCheckInterval": "60",
              "importResults": "true",
              "failBuildOnPolicyFail": "false"
            }
          }
        ],
        "name": "Veracode scan",
        "refName": "Job_1",
        "condition": "succeeded()",
        "target": {
          "executionOptions": {
            "type": 0
          },
          "allowScriptsAuthAccessOption": false,
          "type": 1,
          "queue": "{}"
        },
        "jobAuthorizationScope": "projectCollection"
      }
    ],
    "target": {
      "agentSpecification": {
        "identifier": "vs2017-win2016"
      }
    },
    "type": 1
  },
  "repository": {
    "properties": {
      "fullName": "repository",
      "cloneUrl": "https://partnershealthcare.visualstudio.com/PPM-HIP/_git/SMSConversationPlugins",
      "isPrivate": "True",
      "checkoutNestedSubmodules": "false",
      "cleanOptions": "0",
      "fetchDepth": "0",
      "gitLfsSupport": "false",
      "reportBuildStatus": "true",
      "connectedServiceId": "$GitHub_71c83690$",
      "skipSyncSource": "false",
      "labelSourcesFormat": "$(build.buildNumber)",
      "labelSources": "0"
    },
    "id": "https://partnershealthcare.visualstudio.com/PPM-HIP/_git/SMSConversationPlugins",
    "type": "Git",
    "name": "SMSConversationPlugin-Prod",
    "url": "https://partnershealthcare.visualstudio.com/PPM-HIP/_git/SMSConversationPlugins",
    "defaultBranch": "develop",
    "clean": "false",
    "checkoutSubmodules": false
  },
  "processParameters": {},
  "quality": "definition",
  "authoredBy": "{}",
  "drafts": [],
  "queue": {
    "_links": "{}",
    "id": "",
    "name": "Azure Pipelines",
    "url": "",
    "pool": {
      "id": "",
      "name": "Azure Pipelines",
      "isHosted": true
    }
  },
  "id": "",
  "name": "Veracode-scan",
  "url": "",
  "uri": "",
  "path": "\\",
  "type": "build",
  "queueStatus": "enabled",
  "revision": 9,
  "createdDate": "",
  "project": "{}"
}