{
  "options": [
    {
      "enabled": false,
      "definition": {
        "id": "5d58cc01-7c75-450c-be18-a388ddb129ec"
      },
      "inputs": {
        "branchFilters": "[\"+refs/heads/*\"]",
        "additionalFields": "{}"
      }
    },
    {
      "enabled": false,
      "definition": {
        "id": "a9db38f9-9fdc-478c-b0f9-464221e58316"
      },
      "inputs": {
        "workItemType": "Bug",
        "assignToRequestor": "true",
        "additionalFields": "{}"
      }
    }
  ],
  "variables": {
    "SolutionName": {
      "value": "rhrtest",
      "allowOverride": true
    },
    "SolutionVersion": {
      "value": "1.2.0.0",
      "allowOverride": true
    },
    "SourceBranch": {
      "value": "rhr",
      "allowOverride": true
    },
    "system.debug": {
      "value": "false",
      "allowOverride": true
    },
    "TagName": {
      "value": "",
      "allowOverride": true
    },
    "UserEmail": {
      "value": "hipdevelopmentteam@partners.org",
      "allowOverride": true
    }
  },
  "properties": {},
  "tags": [],
  "_links": "{}",
  "jobAuthorizationScope": "projectCollection",
  "jobTimeoutInMinutes": 60,
  "jobCancelTimeoutInMinutes": 5,
  "process": {
    "phases": [
      {
        "steps": [
          {
            "environment": {},
            "enabled": true,
            "continueOnError": false,
            "alwaysRun": false,
            "displayName": "PowerApps Tool Installer ",
            "timeoutInMinutes": 0,
            "retryCountOnTaskFailure": 0,
            "condition": "succeeded()",
            "task": {
              "id": "70e9ed60-670f-11e9-be16-a150d2ff01e4",
              "versionSpec": "0.*",
              "definitionType": "task"
            },
            "inputs": {
              "XrmOnlineManagementApiVersion": "1.1.0.9060",
              "XrmToolingCrmConnectorVersion": "3.3.0.862",
              "XrmToolingPackageDeploymentVersion": "3.3.0.862",
              "MicrosoftPowerAppsCheckerVersion": "1.0.2",
              "CrmSdkCoreToolsVersion": "9.1.0.17"
            }
          },
          {
            "environment": {},
            "enabled": true,
            "continueOnError": false,
            "alwaysRun": false,
            "displayName": "PowerApps Export Solution ",
            "timeoutInMinutes": 0,
            "retryCountOnTaskFailure": 0,
            "condition": "succeeded()",
            "task": {
              "id": "a5d28227-9530-4bb4-af3f-0ec0bf30e418",
              "versionSpec": "0.*",
              "definitionType": "task"
            },
            "inputs": {
              "PowerAppsEnvironment": "ee86a58d-2492-4371-be91-1513d77a0800",
              "SolutionName": "$(SolutionName)",
              "SolutionOutputFile": "$(Build.ArtifactStagingDirectory)\\$(SolutionName)+$(SolutionVersion).zip",
              "Managed": "false",
              "ExportAutoNumberingSettings": "false",
              "ExportCalendarSettings": "false",
              "ExportCustomizationSettings": "false",
              "ExportEmailTrackingSettings": "false",
              "ExportGeneralSettings": "false",
              "ExportIsvConfig": "false",
              "ExportMarketingSettings": "false",
              "ExportOutlookSynchronizationSettings": "false",
              "ExportRelationshipRoles": "false",
              "ExportSales": "false"
            }
          },
          {
            "environment": {},
            "enabled": true,
            "continueOnError": false,
            "alwaysRun": false,
            "displayName": "PowerApps Checker ",
            "timeoutInMinutes": 0,
            "retryCountOnTaskFailure": 0,
            "condition": "succeeded()",
            "task": {
              "id": "362f5782-8264-438d-95c8-90adaf35167f",
              "versionSpec": "0.*",
              "definitionType": "task"
            },
            "inputs": {
              "PowerAppsChecker": "5bc95b8d-e8cb-4ddf-a0bc-7bb64e1dc2c6",
              "FileLocation": "localFiles",
              "FilesToAnalyze": "$(Build.ArtifactStagingDirectory)\\$(SolutionName)+$(SolutionVersion).zip",
              "FilesToAnalyzeSasUri": "",
              "RuleSet": "0ad12346-e108-40b8-a956-9a8f95ea18c9",
              "ErrorLevel": "HighIssueCount",
              "ErrorThreshold": "0",
              "FailOnPowerAppsCheckerAnalysisError": "true"
            }
          },
          {
            "environment": {},
            "enabled": true,
            "continueOnError": false,
            "alwaysRun": false,
            "displayName": "PowerApps Unpack Solution ",
            "timeoutInMinutes": 0,
            "retryCountOnTaskFailure": 0,
            "condition": "succeeded()",
            "task": {
              "id": "0b0bfed5-a97d-4a64-ab3e-220eb9da6780",
              "versionSpec": "0.*",
              "definitionType": "task"
            },
            "inputs": {
              "SolutionInputFile": "$(Build.ArtifactStagingDirectory)\\$(SolutionName)+$(SolutionVersion).zip",
              "SolutionTargetFolder": "$(Build.SourcesDirectory)\\Solutions\\$(SolutionName)+$(SolutionVersion)",
              "SolutionType": "Unmanaged",
              "OverwriteFiles": "true"
            }
          },
          {
            "environment": {},
            "enabled": true,
            "continueOnError": false,
            "alwaysRun": false,
            "displayName": "Commit sln to repo",
            "timeoutInMinutes": 0,
            "retryCountOnTaskFailure": 0,
            "condition": "succeeded()",
            "task": {
              "id": "d9bafed4-0b18-4f58-968d-86655b4d2ce9",
              "versionSpec": "2.*",
              "definitionType": "task"
            },
            "inputs": {
              "script": "SET PATH C:\\agents\\2.163.1\\externals\\git\\cmd\\;%path%\necho commit all changes\ngit config user.email $(UserEmail)\n\ngit config user.name \"Automatic Build\"\ngit checkout -b $(SourceBranch)\n\ngit tag -a $(SolutionVersion) -m \"Release\"\n\ngit add --all\ngit commit -m \"Initial Solution\"\necho push code to $(SourceBranch)\ngit push -u origin $(SourceBranch) --tag",
              "workingDirectory": "",
              "failOnStderr": "false"
            }
          }
        ],
        "name": "Agent job 1",
        "refName": "Job_1",
        "condition": "succeeded()",
        "target": {
          "queue": "{}",
          "agentSpecification": {
            "identifier": "vs2017-win2016"
          },
          "executionOptions": {
            "type": 0
          },
          "allowScriptsAuthAccessOption": true,
          "type": 1
        },
        "jobAuthorizationScope": "projectCollection"
      }
    ],
    "target": {
      "agentSpecification": {
        "identifier": "vs2017-win2016"
      }
    },
    "type": 1
  },
  "repository": {
    "properties": {
      "fullName": "repository",
      "cloneUrl": "https://SQACAG-ADO@dev.azure.com/SQACAG-ADO/DEMO-CMMI/_git/PPM-HIP",
      "isPrivate": "True",
      "checkoutNestedSubmodules": "false",
      "cleanOptions": "3",
      "fetchDepth": "0",
      "gitLfsSupport": "false",
      "reportBuildStatus": "true",
      "connectedServiceId": "$GitHub_7cc2079e$",
      "skipSyncSource": "false",
      "labelSourcesFormat": "$(build.buildNumber)",
      "labelSources": "0"
    },
    "id": "https://SQACAG-ADO@dev.azure.com/SQACAG-ADO/DEMO-CMMI/_git/PPM-HIP",
    "type": "Git",
    "name": "Git connection 1",
    "url": "https://SQACAG-ADO@dev.azure.com/SQACAG-ADO/DEMO-CMMI/_git/PPM-HIP",
    "defaultBranch": "$(SourceBranch)",
    "clean": "true",
    "checkoutSubmodules": false
  },
  "processParameters": {},
  "quality": "definition",
  "authoredBy": "{}",
  "drafts": [],
  "queue": {
    "_links": "{}",
    "id": "",
    "name": "Azure Pipelines",
    "url": "",
    "pool": {
      "id": "",
      "name": "Azure Pipelines",
      "isHosted": true
    }
  },
  "id": "",
  "name": "zzz_Export Release Candidate Solution to DevOps",
  "url": "",
  "uri": "",
  "path": "\\",
  "type": "build",
  "queueStatus": "enabled",
  "revision": 13,
  "createdDate": "",
  "project": "{}"
}