{
  "count": 2,
  "value": [
    {
      "variables": {
        "application-id": {
          "value": null,
          "isSecret": true
        },
        "client-secret": {
          "value": null,
          "isSecret": true
        },
        "subscription-id": {
          "value": null,
          "isSecret": true
        },
        "tenant-id": {
          "value": null,
          "isSecret": true
        }
      },
      "id": "12",
      "type": "Vsts",
      "name": "adf-vars",
      "isShared": false
    },
    {
      "variables": {
        "docker_url": {
          "value": "default-route-openshift-image-registry.apps.dev-shared-aro-e2.partners.org/aro-samplesaml-dev/mgb-saml-sample"
        },
        "docker_user": {
          "value": "serviceaccount"
        },
        "docker_pwd": {
          "value": null,
          "isSecret": true
        }
      },
      "id": "3",
      "type": "Vsts",
      "name": "OpenShift-SampleDocker",
      "isShared": false
    }
  ]
}