﻿<?xml version="1.0" encoding="utf-8"?>
<witd:WITD application="Work item type editor" version="1.0" xmlns:witd="http://schemas.microsoft.com/VisualStudio/2008/workitemtracking/typedef">
  <WORKITEMTYPE name="Shared Steps" refname="Microsoft.VSTS.WorkItemTypes.SharedStep">
    <DESCRIPTION>Server-side data for reusable set of test steps.</DESCRIPTION>
    <FIELDS>
      <FIELD name="Title" refname="System.Title" type="String" reportable="dimension">
        <REQUIRED />
        <HELPTEXT>Short description of the shared step used to differentiate it in a list or report</HELPTEXT>
      </FIELD>
      <FIELD name="State" refname="System.State" type="String" reportable="dimension">
        <HELPTEXT>The workflow state of the shared step</HELPTEXT>
      </FIELD>
      <FIELD name="Rev" refname="System.Rev" type="Integer" reportable="dimension" />
      <FIELD name="Changed By" refname="System.ChangedBy" type="String" syncnamechanges="true" reportable="dimension">
        <VALIDUSER />
        <ALLOWEXISTINGVALUE />
      </FIELD>
      <FIELD name="Issue" refname="Microsoft.VSTS.Common.Issue" type="String" reportable="dimension">
        <REQUIRED />
        <ALLOWEDVALUES>
          <LISTITEM value="Yes" />
          <LISTITEM value="No" />
        </ALLOWEDVALUES>
        <DEFAULT from="value" value="No" />
        <HELPTEXT>Used to highlight the shared step, e.g., to mark it as an issue</HELPTEXT>
      </FIELD>
      <FIELD name="State Change Date" refname="Microsoft.VSTS.Common.StateChangeDate" type="DateTime">
        <WHENCHANGED field="System.State">
          <SERVERDEFAULT from="clock" />
        </WHENCHANGED>
        <WHENNOTCHANGED field="System.State">
          <READONLY />
        </WHENNOTCHANGED>
      </FIELD>
      <FIELD name="Activated Date" refname="Microsoft.VSTS.Common.ActivatedDate" type="DateTime" reportable="dimension">
        <WHENNOTCHANGED field="System.State">
          <READONLY />
        </WHENNOTCHANGED>
      </FIELD>
      <FIELD name="Activated By" refname="Microsoft.VSTS.Common.ActivatedBy" type="String" syncnamechanges="true" reportable="dimension">
        <WHENNOTCHANGED field="System.State">
          <READONLY />
        </WHENNOTCHANGED>
        <ALLOWEXISTINGVALUE />
      </FIELD>
      <FIELD name="Reason" refname="System.Reason" type="String" reportable="dimension">
        <HELPTEXT>The reason why the shared step is in the current state</HELPTEXT>
      </FIELD>
      <FIELD name="Iteration Path" refname="System.IterationPath" type="TreePath" reportable="dimension">
        <HELPTEXT>The iteration of the product with which this shared step is associated</HELPTEXT>
      </FIELD>
      <FIELD name="Iteration ID" refname="System.IterationId" type="Integer" />
      <FIELD name="Assigned To" refname="System.AssignedTo" type="String" syncnamechanges="true" reportable="dimension">
        <HELPTEXT>The person currently working on these shared steps</HELPTEXT>
        <ALLOWEXISTINGVALUE />
        <VALIDUSER />
      </FIELD>
      <FIELD name="Work Item Type" refname="System.WorkItemType" type="String" reportable="dimension" />
      <FIELD name="Closed Date" refname="Microsoft.VSTS.Common.ClosedDate" type="DateTime" reportable="dimension">
        <WHENNOTCHANGED field="System.State">
          <READONLY />
        </WHENNOTCHANGED>
      </FIELD>
      <FIELD name="Closed By" refname="Microsoft.VSTS.Common.ClosedBy" type="String" syncnamechanges="true" reportable="dimension">
        <WHENNOTCHANGED field="System.State">
          <READONLY />
        </WHENNOTCHANGED>
        <ALLOWEXISTINGVALUE />
      </FIELD>
      <FIELD name="Priority" refname="Microsoft.VSTS.Common.Priority" type="Integer" reportable="dimension">
        <ALLOWEDVALUES>
          <LISTITEM value="1" />
          <LISTITEM value="2" />
          <LISTITEM value="3" />
          <LISTITEM value="4" />
        </ALLOWEDVALUES>
        <DEFAULT from="value" value="2" />
        <HELPTEXT>Priority to the business</HELPTEXT>
      </FIELD>
      <FIELD name="Created Date" refname="System.CreatedDate" type="DateTime" reportable="dimension" />
      <FIELD name="Created By" refname="System.CreatedBy" type="String" syncnamechanges="true" reportable="dimension" />
      <FIELD name="Steps" refname="Microsoft.VSTS.TCM.Steps" type="HTML">
        <HELPTEXT>Steps required to perform the test</HELPTEXT>
      </FIELD>
      <FIELD name="Description" refname="System.Description" type="HTML" />
      <FIELD name="History" refname="System.History" type="History">
        <HELPTEXT>Discussion thread and other historical information</HELPTEXT>
      </FIELD>
      <FIELD name="External Link Count" refname="System.ExternalLinkCount" type="Integer" />
      <FIELD name="Related Link Count" refname="System.RelatedLinkCount" type="Integer" />
      <FIELD name="Team Project" refname="System.TeamProject" type="String" reportable="dimension" />
      <FIELD name="Hyperlink Count" refname="System.HyperLinkCount" type="Integer" />
      <FIELD name="Attached File Count" refname="System.AttachedFileCount" type="Integer" />
      <FIELD name="Node Name" refname="System.NodeName" type="String" />
      <FIELD name="Area Path" refname="System.AreaPath" type="TreePath" reportable="dimension">
        <HELPTEXT>The area of the product with which this shared step is associated</HELPTEXT>
      </FIELD>
      <FIELD name="Revised Date" refname="System.RevisedDate" type="DateTime" reportable="detail" />
      <FIELD name="Changed Date" refname="System.ChangedDate" type="DateTime" reportable="dimension" />
      <FIELD name="Id" refname="System.Id" type="Integer" reportable="dimension" />
      <FIELD name="Area ID" refname="System.AreaId" type="Integer" />
      <FIELD name="Parameters" refname="Microsoft.VSTS.TCM.Parameters" type="HTML" />
      <!-- **************** Team Build Integration Fields **************  -->
      <FIELD name="Integration Build" refname="Microsoft.VSTS.Build.IntegrationBuild" type="String" reportable="dimension">
        <SUGGESTEDVALUES>
          <LISTITEM value="&lt;None&gt;" />
        </SUGGESTEDVALUES>
        <HELPTEXT>The build in which the bug was fixed</HELPTEXT>
      </FIELD>
    </FIELDS>
    <WORKFLOW>
      <STATES>
        <STATE value="Active">
          <FIELDS>
            <FIELD refname="Microsoft.VSTS.Common.ClosedDate">
              <EMPTY />
            </FIELD>
            <FIELD refname="Microsoft.VSTS.Common.ClosedBy">
              <EMPTY />
            </FIELD>
          </FIELDS>
        </STATE>
        <STATE value="Closed" />
      </STATES>
      <TRANSITIONS>
        <TRANSITION from="" to="Active">
          <REASONS>
            <DEFAULTREASON value="New" />
          </REASONS>
          <FIELDS>
            <FIELD refname="Microsoft.VSTS.Common.ActivatedBy">
              <COPY from="currentuser" />
              <VALIDUSER />
              <REQUIRED />
            </FIELD>
            <FIELD refname="Microsoft.VSTS.Common.ActivatedDate">
              <SERVERDEFAULT from="clock" />
            </FIELD>
            <FIELD refname="System.AssignedTo">
              <DEFAULT from="currentuser" />
            </FIELD>
          </FIELDS>
        </TRANSITION>
        <TRANSITION from="Active" to="Closed">
          <REASONS>
            <REASON value="Deferred" />
            <REASON value="Duplicate" />
            <DEFAULTREASON value="Obsolete" />
          </REASONS>
          <FIELDS>
            <FIELD refname="Microsoft.VSTS.Common.ActivatedDate">
              <READONLY />
            </FIELD>
            <FIELD refname="Microsoft.VSTS.Common.ActivatedBy">
              <READONLY />
            </FIELD>
            <FIELD refname="Microsoft.VSTS.Common.ClosedDate">
              <SERVERDEFAULT from="clock" />
            </FIELD>
            <FIELD refname="Microsoft.VSTS.Common.ClosedBy">
              <COPY from="currentuser" />
              <VALIDUSER />
              <REQUIRED />
            </FIELD>
          </FIELDS>
        </TRANSITION>
        <TRANSITION from="Closed" to="Active">
          <REASONS>
            <DEFAULTREASON value="Reactivated" />
          </REASONS>
          <FIELDS>
            <FIELD refname="Microsoft.VSTS.Common.ActivatedBy">
              <COPY from="currentuser" />
              <VALIDUSER />
              <REQUIRED />
            </FIELD>
            <FIELD refname="Microsoft.VSTS.Common.ActivatedDate">
              <SERVERDEFAULT from="clock" />
            </FIELD>
          </FIELDS>
        </TRANSITION>
      </TRANSITIONS>
    </WORKFLOW>
    <FORM>
      <Layout HideReadOnlyEmptyFields="true" HideControlBorders="true">
        <Group Margin="(4,0,0,0)">
          <Column PercentWidth="90">
            <Control FieldName="System.Title" Type="FieldControl" ControlFontSize="large" EmptyText="&lt;Enter title here&gt;" />
          </Column>
          <Column PercentWidth="10">
            <Control FieldName="System.ID" Type="FieldControl" ControlFontSize="large" />
          </Column>
        </Group>
        <Group Margin="(10,0,0,0)">
          <Column PercentWidth="50">
            <Group Label="Status">
              <Column PercentWidth="100">
                <Control FieldName="System.AssignedTo" EmptyText="&lt;No one&gt;" Type="FieldControl" Label="Assi&amp;gned To" LabelPosition="Left" />
                <Control FieldName="System.State" Type="FieldControl" Label="Stat&amp;e" LabelPosition="Left" />
                <Control FieldName="Microsoft.VSTS.Common.Priority" Type="FieldControl" Label="Priority" LabelPosition="Left" />
              </Column>
            </Group>
          </Column>
          <Column PercentWidth="50">
            <Group Label="Classification">
              <Column PercentWidth="100">
                <Control FieldName="System.AreaPath" Type="WorkItemClassificationControl" Label="&amp;Area" LabelPosition="Left" />
                <Control FieldName="System.IterationPath" Type="WorkItemClassificationControl" Label="Ite&amp;ration" LabelPosition="Left" />
              </Column>
            </Group>
          </Column>
        </Group>
        <TabGroup>
          <Tab Label="Steps">
            <Control FieldName="Microsoft.VSTS.TCM.Steps" Type="TestStepsControl" LabelPosition="Top" Dock="Fill" />
          </Tab>
          <Tab Label="Summary">
            <Group>
              <Column PercentWidth="50">
                <Control FieldName="System.Description" Type="HtmlFieldControl" Label="Description" LabelPosition="Top" />
              </Column>
              <Column PercentWidth="50">
                <Control FieldName="System.History" Type="WorkItemLogControl" Label="Histor&amp;y" LabelPosition="Top" />
              </Column>
            </Group>
          </Tab>
          <Tab Label="Links">
            <Control Type="LinksControl" LabelPosition="Top">
              <LinksControlOptions>
                <LinkColumns>
                  <LinkColumn RefName="System.Id" />
                  <LinkColumn RefName="System.Title" />
                  <LinkColumn RefName="System.AssignedTo" />
                  <LinkColumn RefName="System.State" />
                  <LinkColumn LinkAttribute="System.Links.Comment" />
                </LinkColumns>
                <WorkItemLinkFilters FilterType="includeAll" />
                <ExternalLinkFilters FilterType="includeAll" />
                <WorkItemTypeFilters FilterType="includeAll" />
              </LinksControlOptions>
            </Control>
          </Tab>
          <Tab Label="File Attachments">
            <Control Type="AttachmentsControl" LabelPosition="Top" />
          </Tab>
        </TabGroup>
      </Layout>
      <WebLayout>
        <!--**********************Work Item Extensions**********************

Extension:
	Name: vsts-extensions-multivalue-control
	Id: ms-devlabs.vsts-extensions-multivalue-control

	Control contribution:
		Id: ms-devlabs.vsts-extensions-multivalue-control.multivalue-form-control
		Description: A work item form control which allows selection of multiple values.
		Inputs:
			Id: FieldName
			Description: 
			Type: WorkItemField
			Field Type: String; PlainText; HTML
			Data Type: String
			IsRequired: true

			Id: Values
			Description: Values can be user provided or from suggested values of the backing field
			Data Type: String
			IsRequired: false

			Id: AllowCustom
			Description: 
			Data Type: Boolean
			IsRequired: false

			Id: LabelDisplayLength
			Description: 
			Data Type: Number
			IsRequired: false


Note: For more information on work item extensions use the following topic:
http://go.microsoft.com/fwlink/?LinkId=816513
-->
        <SystemControls>
          <Control Type="FieldControl" FieldName="System.Title" EmptyText="Enter title" />
          <Control Label="Assi&amp;gned To" Type="FieldControl" FieldName="System.AssignedTo" />
          <Control Label="Stat&amp;e" Type="FieldControl" FieldName="System.State" />
          <Control Label="Reason" Type="FieldControl" FieldName="System.Reason" />
          <Control Label="&amp;Area" Type="WorkItemClassificationControl" FieldName="System.AreaPath" />
          <Control Label="Ite&amp;ration" Type="WorkItemClassificationControl" FieldName="System.IterationPath" />
          <Control Label="History" Type="WorkItemLogControl" FieldName="System.History" />
          <Control Label="Links" Type="LinksControl" Name="Links" />
          <Control Label="Attachments" Type="AttachmentsControl" Name="Attachments" />
        </SystemControls>
        <Page Label="Steps" LayoutMode="FirstColumnWide">
          <Section>
            <Group Label="Steps">
              <Control Label="Steps" Type="TestStepsControl" FieldName="Microsoft.VSTS.TCM.Steps" />
            </Group>
          </Section>
          <Section>
            <Group Label="Status">
              <Control Label="Priority" Type="FieldControl" FieldName="Microsoft.VSTS.Common.Priority" />
            </Group>
            <Group Label="Test Cases">
              <Control Type="LinksControl" Name="Test Cases">
                <LinksControlOptions ViewMode="List">
                  <LinkFilters>
                    <WorkItemLinkFilter Type="Microsoft.VSTS.TestCase.SharedStepReferencedBy" />
                  </LinkFilters>
                  <WorkItemTypeFilters>
                    <Filter WorkItemType="Test Case" />
                  </WorkItemTypeFilters>
                  <Columns>
                    <Column Name="System.State" />
                    <Column Name="System.ChangedDate" />
                    <Column Name="System.Links.Comment" />
                  </Columns>
                </LinksControlOptions>
              </Control>
            </Group>
          </Section>
        </Page>
        <Page Label="Summary" LayoutMode="FirstColumnWide">
          <Section>
            <Group Label="Description">
              <Control Label="Description" Type="HtmlFieldControl" FieldName="System.Description" />
            </Group>
          </Section>
        </Page>
      </WebLayout>
    </FORM>
  </WORKITEMTYPE>
</witd:WITD>