﻿<?xml version="1.0" encoding="utf-8"?>
<witd:WITD application="Work item type editor" version="1.0" xmlns:witd="http://schemas.microsoft.com/VisualStudio/2008/workitemtracking/typedef">
  <WORKITEMTYPE name="User Story" refname="Microsoft.VSTS.WorkItemTypes.UserStory">
    <DESCRIPTION>Tracks an activity the user will be able to perform with the product</DESCRIPTION>
    <FIELDS>
      <FIELD name="Id" refname="System.Id" type="Integer" reportable="dimension" />
      <FIELD name="Title" refname="System.Title" type="String" reportable="dimension">
        <REQUIRED />
        <HELPTEXT>What the user will be able to do when this is implemented</HELPTEXT>
      </FIELD>
      <FIELD name="Description" refname="System.Description" type="HTML">
        <HELPTEXT>Description or reference to the story that must work for this work to be considered complete</HELPTEXT>
      </FIELD>
      <FIELD name="Story Points" refname="Microsoft.VSTS.Scheduling.StoryPoints" type="Double" reportable="measure" formula="sum">
        <HELPTEXT>The size of work estimated for implementing this user story</HELPTEXT>
      </FIELD>
      <FIELD name="Assigned To" refname="System.AssignedTo" type="String" reportable="dimension" syncnamechanges="true">
        <ALLOWEXISTINGVALUE />
        <VALIDUSER />
        <HELPTEXT>The person currently working on this story</HELPTEXT>
      </FIELD>
      <FIELD name="Area Path" refname="System.AreaPath" type="TreePath" reportable="dimension">
        <HELPTEXT>The area of the product with which this user story is associated</HELPTEXT>
      </FIELD>
      <FIELD name="Iteration Path" refname="System.IterationPath" type="TreePath" reportable="dimension">
        <HELPTEXT>The iteration within which this user story will be implemented</HELPTEXT>
      </FIELD>
      <FIELD name="History" refname="System.History" type="History">
        <HELPTEXT>Discussion thread plus automatic record of changes</HELPTEXT>
      </FIELD>
      <FIELD name="State" refname="System.State" type="String" reportable="dimension">
        <HELPTEXT>New = Not started yet; Active = work remains to be done; Resolved = awaiting acceptance tests; Closed = acceptance tests passed</HELPTEXT>
      </FIELD>
      <FIELD name="Reason" refname="System.Reason" type="String" reportable="dimension">
        <HELPTEXT>The reason why the story is in its current state</HELPTEXT>
      </FIELD>
      <FIELD name="Changed Date" refname="System.ChangedDate" type="DateTime" reportable="dimension" />
      <FIELD name="Changed By" refname="System.ChangedBy" type="String" reportable="dimension" syncnamechanges="true">
        <VALIDUSER />
        <ALLOWEXISTINGVALUE />
      </FIELD>
      <FIELD name="Created Date" refname="System.CreatedDate" type="DateTime" reportable="dimension" />
      <FIELD name="Created By" refname="System.CreatedBy" type="String" reportable="dimension" syncnamechanges="true" />
      <FIELD name="State Change Date" refname="Microsoft.VSTS.Common.StateChangeDate" type="DateTime">
        <WHENCHANGED field="System.State">
          <SERVERDEFAULT from="clock" />
        </WHENCHANGED>
        <WHENNOTCHANGED field="System.State">
          <READONLY />
        </WHENNOTCHANGED>
      </FIELD>
      <FIELD name="Activated Date" refname="Microsoft.VSTS.Common.ActivatedDate" type="DateTime" reportable="dimension">
        <WHENNOTCHANGED field="System.State">
          <READONLY />
        </WHENNOTCHANGED>
      </FIELD>
      <FIELD name="Activated By" refname="Microsoft.VSTS.Common.ActivatedBy" type="String" syncnamechanges="true" reportable="dimension">
        <WHENNOTCHANGED field="System.State">
          <READONLY />
        </WHENNOTCHANGED>
        <ALLOWEXISTINGVALUE />
      </FIELD>
      <FIELD name="Resolved Date" refname="Microsoft.VSTS.Common.ResolvedDate" type="DateTime" reportable="dimension">
        <WHENNOTCHANGED field="System.State">
          <READONLY />
        </WHENNOTCHANGED>
      </FIELD>
      <FIELD name="Resolved By" refname="Microsoft.VSTS.Common.ResolvedBy" type="String" syncnamechanges="true" reportable="dimension">
        <WHENNOTCHANGED field="System.State">
          <READONLY />
        </WHENNOTCHANGED>
        <ALLOWEXISTINGVALUE />
      </FIELD>
      <FIELD name="Resolved Reason" refname="Microsoft.VSTS.Common.ResolvedReason" type="String" reportable="dimension" />
      <FIELD name="Closed Date" refname="Microsoft.VSTS.Common.ClosedDate" type="DateTime" reportable="dimension">
        <WHENNOTCHANGED field="System.State">
          <READONLY />
        </WHENNOTCHANGED>
      </FIELD>
      <FIELD name="Closed By" refname="Microsoft.VSTS.Common.ClosedBy" type="String" syncnamechanges="true" reportable="dimension">
        <WHENNOTCHANGED field="System.State">
          <READONLY />
        </WHENNOTCHANGED>
        <ALLOWEXISTINGVALUE />
      </FIELD>
      <FIELD name="Acceptance Criteria" refname="Microsoft.VSTS.Common.AcceptanceCriteria" type="HTML" />
      <FIELD name="Priority" refname="Microsoft.VSTS.Common.Priority" type="Integer" reportable="dimension">
        <HELPTEXT>Business importance. 1=must fix; 4=unimportant.</HELPTEXT>
        <ALLOWEDVALUES expanditems="true">
          <LISTITEM value="1" />
          <LISTITEM value="2" />
          <LISTITEM value="3" />
          <LISTITEM value="4" />
        </ALLOWEDVALUES>
        <DEFAULT from="value" value="2" />
      </FIELD>
      <FIELD name="Risk" refname="Microsoft.VSTS.Common.Risk" type="String" reportable="dimension">
        <ALLOWEDVALUES>
          <LISTITEM value="1 - High" />
          <LISTITEM value="2 - Medium" />
          <LISTITEM value="3 - Low" />
        </ALLOWEDVALUES>
        <HELPTEXT>Uncertainty in requirement or design</HELPTEXT>
      </FIELD>
      <FIELD name="Stack Rank" refname="Microsoft.VSTS.Common.StackRank" type="Double" reportable="dimension">
        <HELPTEXT>Work first on items with lower-valued stack rank. Set in triage.</HELPTEXT>
      </FIELD>
      <FIELD name="Start Date" refname="Microsoft.VSTS.Scheduling.StartDate" type="DateTime" reportable="dimension">
        <HELPTEXT>The start date for implementation of this story</HELPTEXT>
      </FIELD>
      <FIELD name="Finish Date" refname="Microsoft.VSTS.Scheduling.FinishDate" type="DateTime" reportable="dimension">
        <HELPTEXT>The completion date for all the tasks implementing this story</HELPTEXT>
      </FIELD>
      <FIELD name="Value Area" refname="Microsoft.VSTS.Common.ValueArea" type="String">
        <REQUIRED />
        <ALLOWEDVALUES>
          <LISTITEM value="Architectural" />
          <LISTITEM value="Business" />
        </ALLOWEDVALUES>
        <DEFAULT from="value" value="Business" />
        <HELPTEXT>Business = delivers value to a user or another system; Architectural = work to support other stories or components</HELPTEXT>
      </FIELD>
      <!-- **************** Team Build Integration Fields **************  -->
      <FIELD name="Integration Build" refname="Microsoft.VSTS.Build.IntegrationBuild" type="String" reportable="dimension">
        <SUGGESTEDVALUES>
          <LISTITEM value="&lt;None&gt;" />
        </SUGGESTEDVALUES>
        <HELPTEXT>The build in which the bug was fixed</HELPTEXT>
      </FIELD>
    </FIELDS>
    <WORKFLOW>
      <STATES>
        <STATE value="New">
          <FIELDS>
            <FIELD refname="Microsoft.VSTS.Common.ResolvedDate">
              <EMPTY />
            </FIELD>
            <FIELD refname="Microsoft.VSTS.Common.ResolvedBy">
              <EMPTY />
            </FIELD>
            <FIELD refname="Microsoft.VSTS.Common.ClosedDate">
              <EMPTY />
            </FIELD>
            <FIELD refname="Microsoft.VSTS.Common.ClosedBy">
              <EMPTY />
            </FIELD>
            <FIELD refname="Microsoft.VSTS.Common.ActivatedDate">
              <EMPTY />
            </FIELD>
            <FIELD refname="Microsoft.VSTS.Common.ActivatedBy">
              <EMPTY />
            </FIELD>
          </FIELDS>
        </STATE>
        <STATE value="Active">
          <FIELDS>
            <FIELD refname="Microsoft.VSTS.Common.ResolvedDate">
              <EMPTY />
            </FIELD>
            <FIELD refname="Microsoft.VSTS.Common.ResolvedBy">
              <EMPTY />
            </FIELD>
            <FIELD refname="Microsoft.VSTS.Common.ClosedDate">
              <EMPTY />
            </FIELD>
            <FIELD refname="Microsoft.VSTS.Common.ClosedBy">
              <EMPTY />
            </FIELD>
          </FIELDS>
        </STATE>
        <STATE value="Resolved">
          <FIELDS>
            <FIELD refname="Microsoft.VSTS.Common.ClosedDate">
              <EMPTY />
            </FIELD>
            <FIELD refname="Microsoft.VSTS.Common.ClosedBy">
              <EMPTY />
            </FIELD>
          </FIELDS>
        </STATE>
        <STATE value="Closed" />
        <STATE value="Removed" />
      </STATES>
      <TRANSITIONS>
        <TRANSITION from="" to="New">
          <REASONS>
            <DEFAULTREASON value="New" />
          </REASONS>
        </TRANSITION>
        <TRANSITION from="New" to="Active">
          <REASONS>
            <DEFAULTREASON value="Implementation started" />
          </REASONS>
          <FIELDS>
            <FIELD refname="Microsoft.VSTS.Common.ActivatedBy">
              <COPY from="currentuser" />
              <VALIDUSER />
              <REQUIRED />
            </FIELD>
            <FIELD refname="Microsoft.VSTS.Common.ActivatedDate">
              <SERVERDEFAULT from="clock" />
            </FIELD>
            <FIELD refname="System.AssignedTo">
              <DEFAULT from="currentuser" />
            </FIELD>
          </FIELDS>
        </TRANSITION>
        <TRANSITION from="New" to="Resolved">
          <REASONS>
            <DEFAULTREASON value="Code complete and unit tests pass" />
          </REASONS>
          <FIELDS>
            <FIELD refname="Microsoft.VSTS.Common.ActivatedDate">
              <SERVERDEFAULT from="clock" />
            </FIELD>
            <FIELD refname="Microsoft.VSTS.Common.ActivatedBy">
              <COPY from="currentuser" />
            </FIELD>
            <FIELD refname="System.AssignedTo">
              <DEFAULT from="currentuser" />
            </FIELD>
            <FIELD refname="Microsoft.VSTS.Common.ResolvedDate">
              <SERVERDEFAULT from="clock" />
            </FIELD>
            <FIELD refname="Microsoft.VSTS.Common.ResolvedBy">
              <COPY from="currentuser" />
              <VALIDUSER />
              <REQUIRED />
            </FIELD>
          </FIELDS>
          <ACTIONS>
            <ACTION value="Microsoft.VSTS.Actions.Checkin" />
          </ACTIONS>
        </TRANSITION>
        <TRANSITION from="New" to="Removed">
          <REASONS>
            <DEFAULTREASON value="Removed from the backlog" />
          </REASONS>
        </TRANSITION>
        <TRANSITION from="Active" to="Removed">
          <REASONS>
            <DEFAULTREASON value="Removed from the backlog" />
          </REASONS>
        </TRANSITION>
        <TRANSITION from="Resolved" to="Removed">
          <REASONS>
            <DEFAULTREASON value="Removed from the backlog" />
          </REASONS>
        </TRANSITION>
        <TRANSITION from="Active" to="New">
          <REASONS>
            <REASON value="Implementation halted" />
            <DEFAULTREASON value="Moved to the backlog" />
          </REASONS>
        </TRANSITION>
        <TRANSITION from="Active" to="Resolved">
          <REASONS>
            <DEFAULTREASON value="Code complete and unit tests pass" />
          </REASONS>
          <FIELDS>
            <FIELD refname="Microsoft.VSTS.Common.ActivatedDate">
              <READONLY />
            </FIELD>
            <FIELD refname="Microsoft.VSTS.Common.ActivatedBy">
              <READONLY />
            </FIELD>
            <FIELD refname="Microsoft.VSTS.Common.ResolvedDate">
              <SERVERDEFAULT from="clock" />
            </FIELD>
            <FIELD refname="Microsoft.VSTS.Common.ResolvedBy">
              <COPY from="currentuser" />
              <VALIDUSER />
              <REQUIRED />
            </FIELD>
          </FIELDS>
          <ACTIONS>
            <ACTION value="Microsoft.VSTS.Actions.Checkin" />
          </ACTIONS>
        </TRANSITION>
        <TRANSITION from="Resolved" to="Closed">
          <REASONS>
            <DEFAULTREASON value="Acceptance tests pass" />
          </REASONS>
          <FIELDS>
            <FIELD refname="Microsoft.VSTS.Common.ActivatedDate">
              <READONLY />
            </FIELD>
            <FIELD refname="Microsoft.VSTS.Common.ActivatedBy">
              <READONLY />
            </FIELD>
            <FIELD refname="Microsoft.VSTS.Common.ResolvedDate">
              <READONLY />
            </FIELD>
            <FIELD refname="Microsoft.VSTS.Common.ResolvedBy">
              <READONLY />
            </FIELD>
            <FIELD refname="Microsoft.VSTS.Common.ClosedDate">
              <SERVERDEFAULT from="clock" />
            </FIELD>
            <FIELD refname="Microsoft.VSTS.Common.ClosedBy">
              <COPY from="currentuser" />
              <VALIDUSER />
              <REQUIRED />
            </FIELD>
          </FIELDS>
        </TRANSITION>
        <TRANSITION from="Resolved" to="Active">
          <REASONS>
            <DEFAULTREASON value="Acceptance tests fail" />
          </REASONS>
          <FIELDS>
            <FIELD refname="Microsoft.VSTS.Common.ActivatedBy">
              <COPY from="currentuser" />
              <VALIDUSER />
              <REQUIRED />
            </FIELD>
            <FIELD refname="Microsoft.VSTS.Common.ActivatedDate">
              <SERVERDEFAULT from="clock" />
            </FIELD>
          </FIELDS>
        </TRANSITION>
        <TRANSITION from="Active" to="Closed">
          <REASONS>
            <REASON value="Abandoned" />
            <REASON value="Out of scope" />
            <REASON value="Rejected" />
            <DEFAULTREASON value="Acceptance tests pass" />
          </REASONS>
          <FIELDS>
            <FIELD refname="Microsoft.VSTS.Common.ActivatedDate">
              <READONLY />
            </FIELD>
            <FIELD refname="Microsoft.VSTS.Common.ActivatedBy">
              <READONLY />
            </FIELD>
            <FIELD refname="Microsoft.VSTS.Common.ResolvedDate">
              <SERVERDEFAULT from="clock" />
            </FIELD>
            <FIELD refname="Microsoft.VSTS.Common.ResolvedBy">
              <SERVERDEFAULT from="currentuser" />
            </FIELD>
            <FIELD refname="Microsoft.VSTS.Common.ClosedDate">
              <SERVERDEFAULT from="clock" />
            </FIELD>
            <FIELD refname="Microsoft.VSTS.Common.ClosedBy">
              <COPY from="currentuser" />
              <VALIDUSER />
              <REQUIRED />
            </FIELD>
          </FIELDS>
        </TRANSITION>
        <TRANSITION from="Closed" to="Active">
          <REASONS>
            <REASON value="Closed in error" />
            <DEFAULTREASON value="Reintroduced in Scope" />
          </REASONS>
          <FIELDS>
            <FIELD refname="Microsoft.VSTS.Common.ActivatedBy">
              <COPY from="currentuser" />
              <VALIDUSER />
              <REQUIRED />
            </FIELD>
            <FIELD refname="Microsoft.VSTS.Common.ActivatedDate">
              <SERVERDEFAULT from="clock" />
            </FIELD>
          </FIELDS>
        </TRANSITION>
        <TRANSITION from="Closed" to="Resolved">
          <REASONS>
            <DEFAULTREASON value="Closed in error" />
          </REASONS>
        </TRANSITION>
        <TRANSITION from="Removed" to="New">
          <REASONS>
            <DEFAULTREASON value="Reconsidering the User Story" />
          </REASONS>
        </TRANSITION>
        <TRANSITION from="Resolved" to="New">
          <REASONS>
            <DEFAULTREASON value="Moved to the backlog" />
          </REASONS>
        </TRANSITION>
        <TRANSITION from="Closed" to="New">
          <REASONS>
            <DEFAULTREASON value="Moved to the backlog" />
          </REASONS>
        </TRANSITION>
        <TRANSITION from="New" to="Closed">
          <REASONS>
            <DEFAULTREASON value="Acceptance tests pass" />
          </REASONS>
          <FIELDS>
            <FIELD refname="Microsoft.VSTS.Common.ActivatedDate">
              <SERVERDEFAULT from="clock" />
            </FIELD>
            <FIELD refname="Microsoft.VSTS.Common.ActivatedBy">
              <SERVERDEFAULT from="currentuser" />
            </FIELD>
            <FIELD refname="Microsoft.VSTS.Common.ResolvedDate">
              <SERVERDEFAULT from="clock" />
            </FIELD>
            <FIELD refname="Microsoft.VSTS.Common.ResolvedBy">
              <SERVERDEFAULT from="currentuser" />
            </FIELD>
            <FIELD refname="Microsoft.VSTS.Common.ClosedDate">
              <SERVERDEFAULT from="clock" />
            </FIELD>
            <FIELD refname="Microsoft.VSTS.Common.ClosedBy">
              <SERVERDEFAULT from="currentuser" />
            </FIELD>
          </FIELDS>
        </TRANSITION>
      </TRANSITIONS>
    </WORKFLOW>
    <FORM>
      <Layout HideReadOnlyEmptyFields="true" HideControlBorders="true">
        <Group Margin="(0,0,0,5)">
          <Column PercentWidth="90">
            <Control FieldName="System.Title" Type="FieldControl" ControlFontSize="large" EmptyText="&lt;Enter title here&gt;" />
          </Column>
          <Column PercentWidth="10">
            <Control FieldName="System.ID" Type="FieldControl" ControlFontSize="large" />
          </Column>
        </Group>
        <Group>
          <Column PercentWidth="70">
            <TabGroup>
              <Tab Label="Details">
                <Control FieldName="System.Description" Type="HtmlFieldControl" Dock="Fill" />
              </Tab>
              <Tab Label="Acceptance Criteria">
                <Control FieldName="Microsoft.VSTS.Common.AcceptanceCriteria" Type="HtmlFieldControl" Label="" LabelPosition="Top" Dock="Fill" />
              </Tab>
              <Tab Label="Storyboards">
                <Control Type="LinksControl" Name="StoryboardsControl">
                  <LinksControlOptions>
                    <WorkItemLinkFilters FilterType="excludeAll" />
                    <ExternalLinkFilters FilterType="include">
                      <Filter LinkType="Storyboard" />
                    </ExternalLinkFilters>
                    <LinkColumns>
                      <LinkColumn RefName="System.Title" />
                      <LinkColumn LinkAttribute="System.Links.Comment" />
                    </LinkColumns>
                  </LinksControlOptions>
                </Control>
              </Tab>
              <Tab Label="Implementation">
                <Control Type="LinksControl" Name="Hierarchy">
                  <LinksControlOptions>
                    <WorkItemLinkFilters FilterType="include">
                      <Filter LinkType="System.LinkTypes.Hierarchy" />
                    </WorkItemLinkFilters>
                    <WorkItemTypeFilters FilterType="include">
                      <Filter WorkItemType="User Story" />
                      <Filter WorkItemType="Task" />
                    </WorkItemTypeFilters>
                    <ExternalLinkFilters FilterType="excludeAll" />
                    <LinkColumns>
                      <LinkColumn RefName="System.ID" />
                      <LinkColumn RefName="System.WorkItemType" />
                      <LinkColumn RefName="System.Title" />
                      <LinkColumn RefName="System.AssignedTo" />
                      <LinkColumn RefName="System.State" />
                      <LinkColumn LinkAttribute="System.Links.Comment" />
                    </LinkColumns>
                  </LinksControlOptions>
                </Control>
              </Tab>
              <Tab Label="Test Cases">
                <Control Type="LinksControl" Name="TestedBy">
                  <LinksControlOptions>
                    <WorkItemLinkFilters FilterType="include">
                      <Filter LinkType="Microsoft.VSTS.Common.TestedBy" FilterOn="forwardname" />
                    </WorkItemLinkFilters>
                    <WorkItemTypeFilters FilterType="include">
                      <Filter WorkItemType="Test Case" />
                    </WorkItemTypeFilters>
                    <ExternalLinkFilters FilterType="excludeAll" />
                    <LinkColumns>
                      <LinkColumn RefName="System.ID" />
                      <LinkColumn RefName="System.WorkItemType" />
                      <LinkColumn RefName="System.Title" />
                      <LinkColumn RefName="System.AssignedTo" />
                      <LinkColumn RefName="System.State" />
                      <LinkColumn LinkAttribute="System.Links.Comment" />
                    </LinkColumns>
                  </LinksControlOptions>
                </Control>
              </Tab>
              <Tab Label="All Links">
                <Control Type="LinksControl" Name="GeneralLinks" LabelPosition="Top">
                  <LinksControlOptions>
                    <LinkColumns>
                      <LinkColumn RefName="System.ID" />
                      <LinkColumn RefName="System.WorkItemType" />
                      <LinkColumn RefName="System.Title" />
                      <LinkColumn RefName="System.AssignedTo" />
                      <LinkColumn RefName="System.State" />
                      <LinkColumn LinkAttribute="System.Links.Comment" />
                    </LinkColumns>
                    <WorkItemLinkFilters FilterType="includeAll" />
                    <ExternalLinkFilters FilterType="includeAll" />
                    <WorkItemTypeFilters FilterType="includeAll" />
                  </LinksControlOptions>
                </Control>
              </Tab>
              <Tab Label="Attachments">
                <Control Type="AttachmentsControl" LabelPosition="Top" />
              </Tab>
              <Tab Label="History">
                <Control FieldName="System.History" Type="WorkItemLogControl" Dock="Fill" />
              </Tab>
            </TabGroup>
          </Column>
          <Column PercentWidth="30">
            <Group Margin="(5,0,0,0)">
              <Column PercentWidth="100">
                <Group Label="Status">
                  <Column PercentWidth="100">
                    <Control FieldName="System.AssignedTo" EmptyText="&lt;No one&gt;" Type="FieldControl" Label="Assi&amp;gned To" LabelPosition="Left" />
                    <Control FieldName="System.State" Type="FieldControl" Label="Stat&amp;e" LabelPosition="Left" />
                    <Control FieldName="System.Reason" Type="FieldControl" Label="Reason" LabelPosition="Left" />
                  </Column>
                </Group>
                <Group Label="Planning">
                  <Column PercentWidth="100">
                    <Control FieldName="Microsoft.VSTS.Scheduling.StoryPoints" Type="FieldControl" Label="Story Points" LabelPosition="Left" />
                    <Control FieldName="Microsoft.VSTS.Common.Priority" Type="FieldControl" Label="Priority" LabelPosition="Left" />
                    <Control FieldName="Microsoft.VSTS.Common.Risk" Type="FieldControl" Label="Risk" LabelPosition="Left" />
                  </Column>
                </Group>
                <Group Label="Classification">
                  <Column PercentWidth="100">
                    <Control FieldName="System.AreaPath" Type="WorkItemClassificationControl" Label="&amp;Area" LabelPosition="Left" />
                    <Control FieldName="System.IterationPath" Type="WorkItemClassificationControl" Label="Ite&amp;ration" LabelPosition="Left" />
                    <Control FieldName="Microsoft.VSTS.Common.ValueArea" Type="FieldControl" Label="Value area" LabelPosition="Left" />
                  </Column>
                </Group>
              </Column>
            </Group>
          </Column>
        </Group>
      </Layout>
      <WebLayout>
        <!--**********************Work Item Extensions**********************

Extension:
	Name: vsts-extensions-multivalue-control
	Id: ms-devlabs.vsts-extensions-multivalue-control

	Control contribution:
		Id: ms-devlabs.vsts-extensions-multivalue-control.multivalue-form-control
		Description: A work item form control which allows selection of multiple values.
		Inputs:
			Id: FieldName
			Description: 
			Type: WorkItemField
			Field Type: String; PlainText; HTML
			Data Type: String
			IsRequired: true

			Id: Values
			Description: Values can be user provided or from suggested values of the backing field
			Data Type: String
			IsRequired: false

			Id: AllowCustom
			Description: 
			Data Type: Boolean
			IsRequired: false

			Id: LabelDisplayLength
			Description: 
			Data Type: Number
			IsRequired: false


Note: For more information on work item extensions use the following topic:
http://go.microsoft.com/fwlink/?LinkId=816513
-->
        <SystemControls>
          <Control Type="FieldControl" FieldName="System.Title" EmptyText="Enter title" />
          <Control Label="Assi&amp;gned To" Type="FieldControl" FieldName="System.AssignedTo" />
          <Control Label="Stat&amp;e" Type="FieldControl" FieldName="System.State" />
          <Control Label="Reason" Type="FieldControl" FieldName="System.Reason" />
          <Control Label="&amp;Area" Type="WorkItemClassificationControl" FieldName="System.AreaPath" />
          <Control Label="Ite&amp;ration" Type="WorkItemClassificationControl" FieldName="System.IterationPath" />
          <Control Label="History" Type="WorkItemLogControl" FieldName="System.History" />
          <Control Label="Links" Type="LinksControl" Name="Links" />
          <Control Label="Attachments" Type="AttachmentsControl" Name="Attachments" />
        </SystemControls>
        <Page Label="Details" LayoutMode="FirstColumnWide">
          <Section>
            <Group Label="Description">
              <Control Label="Description" Type="HtmlFieldControl" FieldName="System.Description" />
            </Group>
            <Group Label="Acceptance Criteria">
              <Control Label="Acceptance Criteria" Type="HtmlFieldControl" FieldName="Microsoft.VSTS.Common.AcceptanceCriteria" />
            </Group>
          </Section>
          <Section>
            <Group Label="Planning">
              <Control Label="Story Points" Type="FieldControl" FieldName="Microsoft.VSTS.Scheduling.StoryPoints" />
              <Control Label="Priority" Type="FieldControl" FieldName="Microsoft.VSTS.Common.Priority" />
              <Control Label="Risk" Type="FieldControl" FieldName="Microsoft.VSTS.Common.Risk" />
            </Group>
            <Group Label="Classification">
              <Control Label="Value area" Type="FieldControl" FieldName="Microsoft.VSTS.Common.ValueArea" />
            </Group>
          </Section>
          <Section>
            <Group Label="Deployment">
              <Control Type="DeploymentsControl" Name="Deployments" />
            </Group>
            <Group Label="Development">
              <Control Type="LinksControl" Name="Development">
                <LinksControlOptions ViewMode="List" ZeroDataExperience="Development" ShowCallToAction="true">
                  <ListViewOptions GroupLinks="false">
                  </ListViewOptions>
                  <LinkFilters>
                    <ExternalLinkFilter Type="Build" />
                    <ExternalLinkFilter Type="Integrated in build" />
                    <ExternalLinkFilter Type="Pull Request" />
                    <ExternalLinkFilter Type="Branch" />
                    <ExternalLinkFilter Type="Fixed in Commit" />
                    <ExternalLinkFilter Type="Fixed in Changeset" />
                    <ExternalLinkFilter Type="Source Code File" />
                    <ExternalLinkFilter Type="Found in build" />
                    <ExternalLinkFilter Type="GitHub Pull Request" />
                    <ExternalLinkFilter Type="GitHub Commit" />
                    <ExternalLinkFilter Type="GitHub Branch" />
                  </LinkFilters>
                </LinksControlOptions>
              </Control>
            </Group>
            <Group Label="Related Work">
              <Control Type="LinksControl" Name="Related Work">
                <LinksControlOptions ViewMode="List">
                  <LinkFilters>
                    <WorkItemLinkFilter Type="System.LinkTypes.Duplicate-Reverse" />
                    <WorkItemLinkFilter Type="System.LinkTypes.Hierarchy-Reverse" />
                    <WorkItemLinkFilter Type="Microsoft.VSTS.Common.TestedBy-Reverse" />
                    <WorkItemLinkFilter Type="Microsoft.VSTS.Common.TestedBy-Forward" />
                    <WorkItemLinkFilter Type="System.LinkTypes.Hierarchy-Forward" />
                    <WorkItemLinkFilter Type="System.LinkTypes.Duplicate-Forward" />
                    <WorkItemLinkFilter Type="System.LinkTypes.Dependency" />
                    <WorkItemLinkFilter Type="System.LinkTypes.Related" />
                    <ExternalLinkFilter Type="GitHub Issue" />
                  </LinkFilters>
                  <Columns>
                    <Column Name="System.State" />
                    <Column Name="System.ChangedDate" />
                    <Column Name="System.Links.Comment" />
                  </Columns>
                </LinksControlOptions>
              </Control>
            </Group>
          </Section>
        </Page>
      </WebLayout>
    </FORM>
  </WORKITEMTYPE>
</witd:WITD>