﻿<?xml version="1.0" encoding="utf-8"?>
<witd:WITD application="Work item type editor" version="1.0" xmlns:witd="http://schemas.microsoft.com/VisualStudio/2008/workitemtracking/typedef">
  <WORKITEMTYPE name="Issue" refname="Microsoft.VSTS.WorkItemTypes.Issue">
    <DESCRIPTION>Tracks an obstacle to progress.</DESCRIPTION>
    <FIELDS>
      <FIELD name="Id" refname="System.Id" type="Integer" reportable="dimension" />
      <FIELD name="Title" refname="System.Title" type="String" reportable="dimension">
        <REQUIRED />
        <HELPTEXT>The nature of the problem and why it is affecting or could affect the project</HELPTEXT>
      </FIELD>
      <FIELD name="Description" refname="System.Description" type="HTML">
        <HELPTEXT>Problem, resolution plan and status</HELPTEXT>
      </FIELD>
      <FIELD name="Assigned To" refname="System.AssignedTo" type="String" reportable="dimension" syncnamechanges="true">
        <HELPTEXT>The person currently working on this issue</HELPTEXT>
        <ALLOWEXISTINGVALUE />
        <VALIDUSER />
      </FIELD>
      <FIELD name="Area Path" refname="System.AreaPath" type="TreePath" reportable="dimension">
        <HELPTEXT>The area of the product with which this issue is associated</HELPTEXT>
      </FIELD>
      <FIELD name="Iteration Path" refname="System.IterationPath" type="TreePath" reportable="dimension">
        <HELPTEXT>The iteration within which this issue will be fixed</HELPTEXT>
      </FIELD>
      <FIELD name="History" refname="System.History" type="History">
        <HELPTEXT>Discussion thread plus automatic record of changes</HELPTEXT>
      </FIELD>
      <FIELD name="State" refname="System.State" type="String" reportable="dimension">
        <HELPTEXT>Change to Closed when the issue is resolved or not relevant anymore</HELPTEXT>
      </FIELD>
      <FIELD name="Reason" refname="System.Reason" type="String" reportable="dimension">
        <HELPTEXT>The reason why the issue is in the current state</HELPTEXT>
      </FIELD>
      <FIELD name="Changed Date" refname="System.ChangedDate" type="DateTime" reportable="dimension" />
      <FIELD name="Changed By" refname="System.ChangedBy" type="String" reportable="dimension" syncnamechanges="true">
        <VALIDUSER />
        <ALLOWEXISTINGVALUE />
      </FIELD>
      <FIELD name="Created Date" refname="System.CreatedDate" type="DateTime" reportable="dimension" />
      <FIELD name="Created By" refname="System.CreatedBy" type="String" reportable="dimension" syncnamechanges="true" />
      <FIELD name="State Change Date" refname="Microsoft.VSTS.Common.StateChangeDate" type="DateTime">
        <WHENCHANGED field="System.State">
          <SERVERDEFAULT from="clock" />
        </WHENCHANGED>
        <WHENNOTCHANGED field="System.State">
          <READONLY />
        </WHENNOTCHANGED>
      </FIELD>
      <FIELD name="Activated Date" refname="Microsoft.VSTS.Common.ActivatedDate" type="DateTime" reportable="dimension">
        <WHENNOTCHANGED field="System.State">
          <READONLY />
        </WHENNOTCHANGED>
      </FIELD>
      <FIELD name="Activated By" refname="Microsoft.VSTS.Common.ActivatedBy" type="String" syncnamechanges="true" reportable="dimension">
        <WHENNOTCHANGED field="System.State">
          <READONLY />
        </WHENNOTCHANGED>
        <ALLOWEXISTINGVALUE />
      </FIELD>
      <FIELD name="Closed Date" refname="Microsoft.VSTS.Common.ClosedDate" type="DateTime" reportable="dimension">
        <WHENNOTCHANGED field="System.State">
          <READONLY />
        </WHENNOTCHANGED>
      </FIELD>
      <FIELD name="Closed By" refname="Microsoft.VSTS.Common.ClosedBy" type="String" syncnamechanges="true" reportable="dimension">
        <WHENNOTCHANGED field="System.State">
          <READONLY />
        </WHENNOTCHANGED>
        <ALLOWEXISTINGVALUE />
      </FIELD>
      <FIELD name="Priority" refname="Microsoft.VSTS.Common.Priority" type="Integer" reportable="dimension">
        <ALLOWEDVALUES>
          <LISTITEM value="1" />
          <LISTITEM value="2" />
          <LISTITEM value="3" />
          <LISTITEM value="4" />
        </ALLOWEDVALUES>
        <DEFAULT from="value" value="2" />
        <HELPTEXT>Business importance. 1=must fix; 4=unimportant.</HELPTEXT>
      </FIELD>
      <FIELD name="Stack Rank" refname="Microsoft.VSTS.Common.StackRank" type="Double" reportable="dimension">
        <HELPTEXT>Work first on items with lower-valued stack rank. Set in triage.</HELPTEXT>
      </FIELD>
      <FIELD name="Due Date" refname="Microsoft.VSTS.Scheduling.DueDate" type="DateTime" reportable="dimension">
        <HELPTEXT>The date by which this issue needs to be closed</HELPTEXT>
      </FIELD>
      <!-- **************** Team Build Integration Fields **************  -->
      <FIELD name="Integration Build" refname="Microsoft.VSTS.Build.IntegrationBuild" type="String" reportable="dimension">
        <SUGGESTEDVALUES>
          <LISTITEM value="&lt;None&gt;" />
        </SUGGESTEDVALUES>
        <HELPTEXT>The build in which the bug was fixed</HELPTEXT>
      </FIELD>
      <FIELD name="Resolved By" refname="Microsoft.VSTS.Common.ResolvedBy" type="String" syncnamechanges="true" reportable="dimension">
        <WHENNOTCHANGED field="System.State">
          <READONLY />
        </WHENNOTCHANGED>
        <ALLOWEXISTINGVALUE />
      </FIELD>
      <FIELD name="Resolved Date" refname="Microsoft.VSTS.Common.ResolvedDate" type="DateTime" reportable="dimension">
        <WHENNOTCHANGED field="System.State">
          <READONLY />
        </WHENNOTCHANGED>
      </FIELD>
      <FIELD name="Activity" refname="Microsoft.VSTS.Common.Activity" type="String" reportable="dimension">
        <SUGGESTEDVALUES>
          <LISTITEM value="Development" />
          <LISTITEM value="Testing" />
          <LISTITEM value="Requirements" />
          <LISTITEM value="Design" />
          <LISTITEM value="Deployment" />
          <LISTITEM value="Documentation" />
        </SUGGESTEDVALUES>
      </FIELD>
      <FIELD name="Story Points" refname="Microsoft.VSTS.Scheduling.StoryPoints" type="Double" reportable="measure" formula="sum" />
      <FIELD name="Remaining Work" refname="Microsoft.VSTS.Scheduling.RemainingWork" type="Double" reportable="measure" formula="sum" />
    </FIELDS>
    <WORKFLOW>
      <STATES>
        <STATE value="Active">
          <FIELDS>
            <FIELD refname="Microsoft.VSTS.Common.ClosedDate">
              <EMPTY />
            </FIELD>
            <FIELD refname="Microsoft.VSTS.Common.ClosedBy">
              <EMPTY />
            </FIELD>
          </FIELDS>
        </STATE>
        <STATE value="Closed" />
      </STATES>
      <TRANSITIONS>
        <TRANSITION from="" to="Active">
          <REASONS>
            <DEFAULTREASON value="New" />
          </REASONS>
          <FIELDS>
            <FIELD refname="Microsoft.VSTS.Common.ActivatedBy">
              <COPY from="currentuser" />
              <VALIDUSER />
              <REQUIRED />
            </FIELD>
            <FIELD refname="Microsoft.VSTS.Common.ActivatedDate">
              <SERVERDEFAULT from="clock" />
            </FIELD>
            <FIELD refname="System.AssignedTo">
              <DEFAULT from="currentuser" />
            </FIELD>
          </FIELDS>
        </TRANSITION>
        <TRANSITION from="Active" to="Closed">
          <REASONS>
            <DEFAULTREASON value="Issue Resolved" />
          </REASONS>
          <FIELDS>
            <FIELD refname="Microsoft.VSTS.Common.ActivatedDate">
              <READONLY />
            </FIELD>
            <FIELD refname="Microsoft.VSTS.Common.ActivatedBy">
              <READONLY />
            </FIELD>
            <FIELD refname="Microsoft.VSTS.Common.ClosedBy">
              <COPY from="currentuser" />
              <VALIDUSER />
              <REQUIRED />
            </FIELD>
            <FIELD refname="Microsoft.VSTS.Common.ClosedDate">
              <SERVERDEFAULT from="clock" />
            </FIELD>
          </FIELDS>
          <ACTIONS>
            <ACTION value="Microsoft.VSTS.Actions.Checkin" />
          </ACTIONS>
        </TRANSITION>
        <TRANSITION from="Closed" to="Active">
          <REASONS>
            <DEFAULTREASON value="Reactivated" />
          </REASONS>
          <FIELDS>
            <FIELD refname="Microsoft.VSTS.Common.ActivatedBy">
              <COPY from="currentuser" />
              <VALIDUSER />
              <REQUIRED />
            </FIELD>
            <FIELD refname="Microsoft.VSTS.Common.ActivatedDate">
              <SERVERDEFAULT from="clock" />
            </FIELD>
            <FIELD refname="System.AssignedTo">
              <COPY from="field" field="Microsoft.VSTS.Common.ClosedBy" />
            </FIELD>
          </FIELDS>
        </TRANSITION>
      </TRANSITIONS>
    </WORKFLOW>
    <FORM>
      <Layout HideReadOnlyEmptyFields="true" HideControlBorders="true">
        <Group Margin="(4,0,0,0)">
          <Column PercentWidth="90">
            <Control FieldName="System.Title" Type="FieldControl" ControlFontSize="large" EmptyText="&lt;Enter title here&gt;" />
          </Column>
          <Column PercentWidth="10">
            <Control FieldName="System.ID" Type="FieldControl" ControlFontSize="large" />
          </Column>
        </Group>
        <Group Margin="(10,0,0,0)">
          <Column PercentWidth="33">
            <Group Label="Status">
              <Column PercentWidth="100">
                <Control FieldName="System.AssignedTo" EmptyText="&lt;No one&gt;" Type="FieldControl" Label="Assi&amp;gned To" LabelPosition="Left" />
                <Control FieldName="System.State" Type="FieldControl" Label="Stat&amp;e" LabelPosition="Left" />
                <Control FieldName="System.Reason" Type="FieldControl" Label="Reason" LabelPosition="Left" />
              </Column>
            </Group>
          </Column>
          <Column PercentWidth="33">
            <Group Label="Classification">
              <Column PercentWidth="100">
                <Control FieldName="System.AreaPath" Type="WorkItemClassificationControl" Label="&amp;Area" LabelPosition="Left" />
                <Control FieldName="System.IterationPath" Type="WorkItemClassificationControl" Label="Ite&amp;ration" LabelPosition="Left" />
              </Column>
            </Group>
          </Column>
          <Column PercentWidth="33">
            <Group Label="Planning">
              <Column PercentWidth="100">
                <Control FieldName="Microsoft.VSTS.Common.StackRank" Type="FieldControl" Label="Stack Rank" LabelPosition="Left" NumberFormat="DecimalNumbers" MaxLength="10" EmptyText="&lt;None&gt;" />
                <Control FieldName="Microsoft.VSTS.Common.Priority" Type="FieldControl" Label="Priority" LabelPosition="Left" />
                <Control FieldName="Microsoft.VSTS.Scheduling.DueDate" Type="DateTimeControl" Label="Due Date" LabelPosition="Left" Format="Short" EmptyText="&lt;None&gt;" />
              </Column>
            </Group>
          </Column>
        </Group>
        <Group>
          <Column PercentWidth="50">
            <TabGroup>
              <Tab Label="Description">
                <Control FieldName="System.Description" Type="HtmlFieldControl" Dock="Fill" />
              </Tab>
            </TabGroup>
          </Column>
          <Column PercentWidth="50">
            <TabGroup Margin="(5,0,0,0)">
              <Tab Label="History">
                <Control FieldName="System.History" Type="WorkItemLogControl" Dock="Fill" />
              </Tab>
              <Tab Label="Links">
                <Control Type="LinksControl" Name="IssueLinks" LabelPosition="Top">
                  <LinksControlOptions>
                    <LinkColumns>
                      <LinkColumn RefName="System.ID" />
                      <LinkColumn RefName="System.WorkItemType" />
                      <LinkColumn RefName="System.Title" />
                      <LinkColumn RefName="System.AssignedTo" />
                      <LinkColumn RefName="System.State" />
                      <LinkColumn LinkAttribute="System.Links.Comment" />
                    </LinkColumns>
                    <WorkItemLinkFilters FilterType="includeAll" />
                    <ExternalLinkFilters FilterType="includeAll" />
                    <WorkItemTypeFilters FilterType="includeAll" />
                  </LinksControlOptions>
                </Control>
              </Tab>
              <Tab Label="Attachments">
                <Control Type="AttachmentsControl" LabelPosition="Top" />
              </Tab>
            </TabGroup>
          </Column>
        </Group>
      </Layout>
      <WebLayout>
        <!--**********************Work Item Extensions**********************

Extension:
	Name: vsts-extensions-multivalue-control
	Id: ms-devlabs.vsts-extensions-multivalue-control

	Control contribution:
		Id: ms-devlabs.vsts-extensions-multivalue-control.multivalue-form-control
		Description: A work item form control which allows selection of multiple values.
		Inputs:
			Id: FieldName
			Description: 
			Type: WorkItemField
			Field Type: String; PlainText; HTML
			Data Type: String
			IsRequired: true

			Id: Values
			Description: Values can be user provided or from suggested values of the backing field
			Data Type: String
			IsRequired: false

			Id: AllowCustom
			Description: 
			Data Type: Boolean
			IsRequired: false

			Id: LabelDisplayLength
			Description: 
			Data Type: Number
			IsRequired: false


Note: For more information on work item extensions use the following topic:
http://go.microsoft.com/fwlink/?LinkId=816513
-->
        <SystemControls>
          <Control Type="FieldControl" FieldName="System.Title" EmptyText="Enter title" />
          <Control Label="Assi&amp;gned To" Type="FieldControl" FieldName="System.AssignedTo" />
          <Control Label="Stat&amp;e" Type="FieldControl" FieldName="System.State" />
          <Control Label="Reason" Type="FieldControl" FieldName="System.Reason" />
          <Control Label="&amp;Area" Type="WorkItemClassificationControl" FieldName="System.AreaPath" />
          <Control Label="Ite&amp;ration" Type="WorkItemClassificationControl" FieldName="System.IterationPath" />
          <Control Label="History" Type="WorkItemLogControl" FieldName="System.History" />
          <Control Label="Links" Type="LinksControl" Name="Links" />
          <Control Label="Attachments" Type="AttachmentsControl" Name="Attachments" />
        </SystemControls>
        <Page Label="Details" LayoutMode="FirstColumnWide">
          <Section>
            <Group Label="Description">
              <Control Label="Description" Type="HtmlFieldControl" FieldName="System.Description" />
            </Group>
          </Section>
          <Section>
            <Group Label="Planning">
              <Control Label="Stack Rank" Type="FieldControl" FieldName="Microsoft.VSTS.Common.StackRank" />
              <Control Label="Priority" Type="FieldControl" FieldName="Microsoft.VSTS.Common.Priority" />
              <Control Label="Due Date" Type="DateTimeControl" FieldName="Microsoft.VSTS.Scheduling.DueDate" />
            </Group>
          </Section>
          <Section>
            <Group Label="Deployment">
              <Control Type="DeploymentsControl" Name="Deployments" />
            </Group>
            <Group Label="Development">
              <Control Type="LinksControl" Name="Development">
                <LinksControlOptions ViewMode="List" ZeroDataExperience="Development" ShowCallToAction="true">
                  <ListViewOptions GroupLinks="false">
                  </ListViewOptions>
                  <LinkFilters>
                    <ExternalLinkFilter Type="Build" />
                    <ExternalLinkFilter Type="Integrated in build" />
                    <ExternalLinkFilter Type="Pull Request" />
                    <ExternalLinkFilter Type="Branch" />
                    <ExternalLinkFilter Type="Fixed in Commit" />
                    <ExternalLinkFilter Type="Fixed in Changeset" />
                    <ExternalLinkFilter Type="Source Code File" />
                    <ExternalLinkFilter Type="Found in build" />
                    <ExternalLinkFilter Type="GitHub Pull Request" />
                    <ExternalLinkFilter Type="GitHub Commit" />
                    <ExternalLinkFilter Type="GitHub Branch" />
                  </LinkFilters>
                </LinksControlOptions>
              </Control>
            </Group>
            <Group Label="Related Work">
              <Control Type="LinksControl" Name="Related Work">
                <LinksControlOptions ViewMode="List">
                  <LinkFilters>
                    <WorkItemLinkFilter Type="System.LinkTypes.Duplicate-Reverse" />
                    <WorkItemLinkFilter Type="System.LinkTypes.Hierarchy-Reverse" />
                    <WorkItemLinkFilter Type="Microsoft.VSTS.Common.TestedBy-Reverse" />
                    <WorkItemLinkFilter Type="Microsoft.VSTS.Common.TestedBy-Forward" />
                    <WorkItemLinkFilter Type="System.LinkTypes.Hierarchy-Forward" />
                    <WorkItemLinkFilter Type="System.LinkTypes.Duplicate-Forward" />
                    <WorkItemLinkFilter Type="System.LinkTypes.Dependency" />
                    <WorkItemLinkFilter Type="System.LinkTypes.Related" />
                    <ExternalLinkFilter Type="GitHub Issue" />
                  </LinkFilters>
                  <Columns>
                    <Column Name="System.State" />
                    <Column Name="System.ChangedDate" />
                    <Column Name="System.Links.Comment" />
                  </Columns>
                </LinksControlOptions>
              </Control>
            </Group>
          </Section>
        </Page>
      </WebLayout>
    </FORM>
  </WORKITEMTYPE>
</witd:WITD>