﻿<?xml version="1.0" encoding="utf-8"?>
<cat:CATEGORIES xmlns:cat="http://schemas.microsoft.com/VisualStudio/2008/workitemtracking/categories">
  <!-- Usage: for resilience in Test system. Even if WITs have different name, they can be referred to by the category -->
  <CATEGORY name="Bug Category" refname="Microsoft.BugCategory">
    <DEFAULTWORKITEMTYPE name="Bug" />
  </CATEGORY>
  <CATEGORY name="Epic Category" refname="Microsoft.EpicCategory">
    <DEFAULTWORKITEMTYPE name="Epic" />
  </CATEGORY>
  <CATEGORY name="Feature Category" refname="Microsoft.FeatureCategory">
    <DEFAULTWORKITEMTYPE name="Feature" />
  </CATEGORY>
  <CATEGORY name="Requirement Category" refname="Microsoft.RequirementCategory">
    <DEFAULTWORKITEMTYPE name="User Story" />
  </CATEGORY>
  <CATEGORY name="Test Case Category" refname="Microsoft.TestCaseCategory">
    <DEFAULTWORKITEMTYPE name="Test Case" />
  </CATEGORY>
  <CATEGORY name="Shared Step Category" refname="Microsoft.SharedStepCategory">
    <DEFAULTWORKITEMTYPE name="Shared Steps" />
  </CATEGORY>
  <CATEGORY name="Shared Parameter Category" refname="Microsoft.SharedParameterCategory">
    <DEFAULTWORKITEMTYPE name="Shared Parameter" />
  </CATEGORY>
  <CATEGORY name="Code Review Request Category" refname="Microsoft.CodeReviewRequestCategory">
    <DEFAULTWORKITEMTYPE name="Code Review Request" />
  </CATEGORY>
  <CATEGORY name="Code Review Response Category" refname="Microsoft.CodeReviewResponseCategory">
    <DEFAULTWORKITEMTYPE name="Code Review Response" />
  </CATEGORY>
  <CATEGORY name="Feedback Request Category" refname="Microsoft.FeedbackRequestCategory">
    <DEFAULTWORKITEMTYPE name="Feedback Request" />
  </CATEGORY>
  <CATEGORY name="Feedback Response Category" refname="Microsoft.FeedbackResponseCategory">
    <DEFAULTWORKITEMTYPE name="Feedback Response" />
  </CATEGORY>
  <CATEGORY name="Test Plan Category" refname="Microsoft.TestPlanCategory">
    <DEFAULTWORKITEMTYPE name="Test Plan" />
  </CATEGORY>
  <CATEGORY name="Test Suite Category" refname="Microsoft.TestSuiteCategory">
    <DEFAULTWORKITEMTYPE name="Test Suite" />
  </CATEGORY>
  <CATEGORY name="Task Category" refname="Microsoft.TaskCategory">
    <DEFAULTWORKITEMTYPE name="Task" />
  </CATEGORY>
  <CATEGORY name="Hidden Types Category" refname="Microsoft.HiddenCategory">
    <DEFAULTWORKITEMTYPE name="Code Review Request" />
    <WORKITEMTYPE name="Code Review Response" />
    <WORKITEMTYPE name="Feedback Request" />
    <WORKITEMTYPE name="Feedback Response" />
    <WORKITEMTYPE name="Shared Steps" />
    <WORKITEMTYPE name="Shared Parameter" />
    <WORKITEMTYPE name="Test Plan" />
    <WORKITEMTYPE name="Test Suite" />
  </CATEGORY>
</cat:CATEGORIES>
