﻿<?xml version="1.0" encoding="utf-8"?>
<witd:WITD application="Work item type editor" version="1.0" xmlns:witd="http://schemas.microsoft.com/VisualStudio/2008/workitemtracking/typedef">
  <WORKITEMTYPE name="Code Review Response" refname="Microsoft.VSTS.WorkItemTypes.CodeReviewResponse">
    <DESCRIPTION>This is a child work item that should be parented to a Code Review Request work item. It is assigned to the reviewer and contains the current state of the review for this reviewer.</DESCRIPTION>
    <FIELDS>
      <!-- ********** Core fields ******************* -->
      <FIELD name="Id" refname="System.Id" type="Integer" reportable="dimension" />
      <FIELD name="Assigned To" refname="System.AssignedTo" type="String" reportable="dimension" syncnamechanges="true">
        <ALLOWEXISTINGVALUE />
        <VALIDUSER />
      </FIELD>
      <FIELD name="Title" refname="System.Title" type="String" reportable="dimension">
        <REQUIRED />
      </FIELD>
      <FIELD name="Area Path" refname="System.AreaPath" type="TreePath" reportable="dimension" />
      <FIELD name="Iteration Path" refname="System.IterationPath" type="TreePath" reportable="dimension" />
      <FIELD name="Accepted Date" refname="Microsoft.VSTS.CodeReview.AcceptedDate" type="DateTime" reportable="dimension" />
      <FIELD name="Accepted By" refname="Microsoft.VSTS.CodeReview.AcceptedBy" type="String" reportable="dimension" syncnamechanges="true" />
      <FIELD name="Created Date" refname="System.CreatedDate" type="DateTime" reportable="dimension" />
      <FIELD name="Created By" refname="System.CreatedBy" type="String" reportable="dimension" syncnamechanges="true" />
      <FIELD name="Changed Date" refname="System.ChangedDate" type="DateTime" reportable="dimension" />
      <FIELD name="Changed By" refname="System.ChangedBy" type="String" reportable="dimension" syncnamechanges="true" />
      <FIELD name="Closed Date" refname="Microsoft.VSTS.Common.ClosedDate" type="DateTime" reportable="dimension" />
      <FIELD name="Closed By" refname="Microsoft.VSTS.Common.ClosedBy" type="String" reportable="dimension" syncnamechanges="true">
        <ALLOWEXISTINGVALUE />
        <VALIDUSER />
      </FIELD>
      <FIELD name="State" refname="System.State" type="String" reportable="dimension" />
      <FIELD name="Reason" refname="System.Reason" type="String" reportable="dimension" />
      <FIELD name="Reviewed By" refname="Microsoft.VSTS.Common.ReviewedBy" type="String" reportable="dimension" syncnamechanges="true">
        <ALLOWEXISTINGVALUE />
        <VALIDUSER />
      </FIELD>
      <FIELD name="Closing Comment" refname="Microsoft.VSTS.CodeReview.ClosingComment" type="String" />
      <FIELD name="Closed Status Code" refname="Microsoft.VSTS.CodeReview.ClosedStatusCode" type="Integer">
        <WHEN field="Microsoft.VSTS.CodeReview.ClosedStatus" value="">
          <COPY from="value" value="0" />
        </WHEN>
        <WHEN field="Microsoft.VSTS.CodeReview.ClosedStatus" value="Looks Good">
          <COPY from="value" value="1" />
        </WHEN>
        <WHEN field="Microsoft.VSTS.CodeReview.ClosedStatus" value="With Comments">
          <COPY from="value" value="2" />
        </WHEN>
        <WHEN field="Microsoft.VSTS.CodeReview.ClosedStatus" value="Needs Work">
          <COPY from="value" value="3" />
        </WHEN>
        <WHEN field="Microsoft.VSTS.CodeReview.ClosedStatus" value="Declined">
          <COPY from="value" value="4" />
        </WHEN>
        <WHEN field="Microsoft.VSTS.CodeReview.ClosedStatus" value="Removed">
          <COPY from="value" value="5" />
        </WHEN>
        <ALLOWEDVALUES expanditems="true">
          <LISTITEM value="0" />
          <LISTITEM value="1" />
          <LISTITEM value="2" />
          <LISTITEM value="3" />
          <LISTITEM value="4" />
          <LISTITEM value="5" />
        </ALLOWEDVALUES>
        <DEFAULT from="value" value="0" />
      </FIELD>
      <FIELD name="Closed Status" refname="Microsoft.VSTS.CodeReview.ClosedStatus" type="String" reportable="dimension">
        <WHEN field="Microsoft.VSTS.CodeReview.ClosedStatusCode" value="0">
          <COPY from="value" value="" />
        </WHEN>
        <WHEN field="Microsoft.VSTS.CodeReview.ClosedStatusCode" value="1">
          <COPY from="value" value="Looks Good" />
        </WHEN>
        <WHEN field="Microsoft.VSTS.CodeReview.ClosedStatusCode" value="2">
          <COPY from="value" value="With Comments" />
        </WHEN>
        <WHEN field="Microsoft.VSTS.CodeReview.ClosedStatusCode" value="3">
          <COPY from="value" value="Needs Work" />
        </WHEN>
        <WHEN field="Microsoft.VSTS.CodeReview.ClosedStatusCode" value="4">
          <COPY from="value" value="Declined" />
        </WHEN>
        <WHEN field="Microsoft.VSTS.CodeReview.ClosedStatusCode" value="5">
          <COPY from="value" value="Removed" />
        </WHEN>
        <ALLOWEDVALUES>
          <LISTITEM value="Looks Good" />
          <LISTITEM value="With Comments" />
          <LISTITEM value="Needs Work" />
          <LISTITEM value="Declined" />
          <LISTITEM value="Removed" />
        </ALLOWEDVALUES>
      </FIELD>
      <!-- **************** Team Build Integration Fields **************  -->
      <FIELD name="Integration Build" refname="Microsoft.VSTS.Build.IntegrationBuild" type="String" reportable="dimension">
        <HELPTEXT>The build in which the bug was fixed</HELPTEXT>
        <SUGGESTEDVALUES>
          <LISTITEM value="&lt;None&gt;" />
        </SUGGESTEDVALUES>
      </FIELD>
      <!-- **************** Mirror field to determine the current state in code -->
      <FIELD name="State Code" refname="Microsoft.VSTS.Common.StateCode" type="Integer">
        <WHEN field="System.State" value="Requested">
          <COPY from="value" value="0" />
        </WHEN>
        <WHEN field="System.State" value="Accepted">
          <COPY from="value" value="1" />
        </WHEN>
        <WHEN field="System.State" value="Closed">
          <COPY from="value" value="2" />
        </WHEN>
        <ALLOWEDVALUES expanditems="true">
          <LISTITEM value="0" />
          <LISTITEM value="1" />
          <LISTITEM value="2" />
        </ALLOWEDVALUES>
        <DEFAULT from="value" value="0" />
      </FIELD>
    </FIELDS>
    <!-- *************** Workflow ****************   -->
    <WORKFLOW>
      <STATES>
        <STATE value="Requested">
          <FIELDS>
            <FIELD refname="System.AssignedTo">
              <REQUIRED />
            </FIELD>
            <FIELD refname="Microsoft.VSTS.Common.ClosedDate">
              <EMPTY />
            </FIELD>
            <FIELD refname="Microsoft.VSTS.Common.ClosedBy">
              <EMPTY />
            </FIELD>
            <FIELD refname="Microsoft.VSTS.CodeReview.AcceptedDate">
              <EMPTY />
            </FIELD>
            <FIELD refname="Microsoft.VSTS.CodeReview.AcceptedBy">
              <EMPTY />
            </FIELD>
            <FIELD refname="Microsoft.VSTS.CodeReview.ClosedStatus">
              <EMPTY />
            </FIELD>
            <FIELD refname="Microsoft.VSTS.CodeReview.ClosedStatusCode">
              <READONLY />
            </FIELD>
            <FIELD refname="Microsoft.VSTS.CodeReview.ClosingComment">
              <EMPTY />
            </FIELD>
          </FIELDS>
        </STATE>
        <STATE value="Accepted">
          <FIELDS>
            <FIELD refname="System.AssignedTo">
              <REQUIRED />
            </FIELD>
            <FIELD refname="Microsoft.VSTS.Common.ClosedDate">
              <EMPTY />
            </FIELD>
            <FIELD refname="Microsoft.VSTS.Common.ClosedBy">
              <EMPTY />
            </FIELD>
            <FIELD refname="Microsoft.VSTS.CodeReview.AcceptedDate">
              <REQUIRED />
            </FIELD>
            <FIELD refname="Microsoft.VSTS.CodeReview.AcceptedBy">
              <REQUIRED />
            </FIELD>
            <FIELD refname="Microsoft.VSTS.CodeReview.ClosedStatus">
              <EMPTY />
            </FIELD>
            <FIELD refname="Microsoft.VSTS.CodeReview.ClosedStatusCode">
              <READONLY />
            </FIELD>
            <FIELD refname="Microsoft.VSTS.CodeReview.ClosingComment">
              <EMPTY />
            </FIELD>
          </FIELDS>
        </STATE>
        <STATE value="Closed">
          <FIELDS>
            <FIELD refname="Microsoft.VSTS.Common.ClosedBy">
              <REQUIRED />
            </FIELD>
            <FIELD refname="Microsoft.VSTS.Common.ClosedDate">
              <REQUIRED />
            </FIELD>
            <FIELD refname="Microsoft.VSTS.CodeReview.ClosedStatus">
              <REQUIRED />
            </FIELD>
          </FIELDS>
        </STATE>
      </STATES>
      <TRANSITIONS>
        <TRANSITION from="" to="Requested">
          <REASONS>
            <DEFAULTREASON value="New" />
          </REASONS>
        </TRANSITION>
        <TRANSITION from="Requested" to="Accepted">
          <ACTIONS>
            <ACTION value="Microsoft.VSTS.CodeReview.Accept" />
          </ACTIONS>
          <REASONS>
            <DEFAULTREASON value="Accepted" />
          </REASONS>
          <FIELDS>
            <!-- Remember the Acceptor -->
            <FIELD refname="Microsoft.VSTS.CodeReview.AcceptedBy">
              <COPY from="currentuser" />
              <VALIDUSER />
            </FIELD>
            <FIELD refname="Microsoft.VSTS.CodeReview.AcceptedDate">
              <SERVERDEFAULT from="clock" />
            </FIELD>
            <!-- Assign the workitem to user -->
            <FIELD refname="System.AssignedTo">
              <COPY from="currentuser" />
            </FIELD>
          </FIELDS>
        </TRANSITION>
        <TRANSITION from="Requested" to="Closed">
          <ACTIONS>
            <ACTION value="Microsoft.VSTS.CodeReview.Decline" />
            <ACTION value="Microsoft.VSTS.CodeReview.Remove" />
          </ACTIONS>
          <REASONS>
            <DEFAULTREASON value="Closed" />
          </REASONS>
          <FIELDS>
            <!-- Set the closing person -->
            <FIELD refname="Microsoft.VSTS.Common.ClosedBy">
              <COPY from="currentuser" />
              <VALIDUSER />
            </FIELD>
            <!-- Set the closing date -->
            <FIELD refname="Microsoft.VSTS.Common.ClosedDate">
              <SERVERDEFAULT from="clock" />
            </FIELD>
            <!-- Unassign the workitem -->
            <FIELD refname="System.AssignedTo">
              <COPY from="value" value="" />
            </FIELD>
          </FIELDS>
        </TRANSITION>
        <TRANSITION from="Accepted" to="Closed">
          <ACTIONS>
            <ACTION value="Microsoft.VSTS.CodeReview.Complete" />
            <ACTION value="Microsoft.VSTS.CodeReview.Decline" />
            <ACTION value="Microsoft.VSTS.CodeReview.Remove" />
          </ACTIONS>
          <REASONS>
            <DEFAULTREASON value="Closed" />
          </REASONS>
          <FIELDS>
            <!-- Set the closing date -->
            <FIELD refname="Microsoft.VSTS.Common.ClosedDate">
              <SERVERDEFAULT from="clock" />
            </FIELD>
            <!-- Set the closing person -->
            <FIELD refname="Microsoft.VSTS.Common.ClosedBy">
              <COPY from="currentuser" />
              <VALIDUSER />
            </FIELD>
            <!-- Unassign the workitem -->
            <FIELD refname="System.AssignedTo">
              <COPY from="value" value="" />
            </FIELD>
          </FIELDS>
        </TRANSITION>
        <TRANSITION from="Closed" to="Requested">
          <ACTIONS>
            <ACTION value="Microsoft.VSTS.CodeReview.Reassign" />
          </ACTIONS>
          <REASONS>
            <DEFAULTREASON value="Reactivated" />
          </REASONS>
        </TRANSITION>
      </TRANSITIONS>
    </WORKFLOW>
    <FORM>
      <Layout HideControlBorders="true">
        <Group>
          <Column PercentWidth="90">
            <Control ReadOnly="True" Type="FieldControl" FieldName="System.Title" EmptyText="&lt;Enter title here&gt;" />
            <Control ReadOnly="True" Type="FieldControl" FieldName="System.AssignedTo" ControlFontSize="large" Label="Assi&amp;gned To" LabelPosition="Left" EmptyText="&lt;No one&gt;" />
            <Control ReadOnly="True" Type="FieldControl" FieldName="Microsoft.VSTS.Common.ReviewedBy" Label="Reviewed By" LabelPosition="Left" />
          </Column>
          <Column PercentWidth="10">
            <Control FieldName="System.ID" Type="FieldControl" ControlFontSize="large" />
          </Column>
        </Group>
        <Group Margin="(5,0,0,0)">
          <Column PercentWidth="50">
            <Group Label="Status">
              <Column PercentWidth="100">
                <Control ReadOnly="True" Type="FieldControl" FieldName="System.State" Label="Stat&amp;e" LabelPosition="Left" />
                <Control ReadOnly="True" Type="FieldControl" FieldName="System.Reason" Label="Reason" LabelPosition="Left" />
              </Column>
            </Group>
            <Group Label="Classification">
              <Column PercentWidth="100">
                <Control ReadOnly="True" Type="WorkItemClassificationControl" FieldName="System.AreaPath" Label="&amp;Area" LabelPosition="Left" />
                <Control ReadOnly="True" Type="WorkItemClassificationControl" FieldName="System.IterationPath" Label="Ite&amp;ration" LabelPosition="Left" />
              </Column>
            </Group>
          </Column>
          <Column PercentWidth="50">
            <Group Label="System Info">
              <Column PercentWidth="100">
                <Control ReadOnly="True" Type="FieldControl" FieldName="System.CreatedBy" Label="Created By" LabelPosition="Left" />
                <Control ReadOnly="True" Type="FieldControl" FieldName="System.CreatedDate" Label="Created Date" LabelPosition="Left" />
                <Control ReadOnly="True" Type="FieldControl" FieldName="System.ChangedBy" Label="Updated By" LabelPosition="Left" />
                <Control ReadOnly="True" Type="FieldControl" FieldName="System.ChangedDate" Label="Updated Date" LabelPosition="Left" />
                <Control ReadOnly="True" Type="FieldControl" FieldName="Microsoft.VSTS.CodeReview.AcceptedBy" Label="Accepted By" LabelPosition="Left" />
                <Control ReadOnly="True" Type="FieldControl" FieldName="Microsoft.VSTS.CodeReview.AcceptedDate" Label="Accepted Date" LabelPosition="Left" />
                <Control ReadOnly="True" Type="FieldControl" FieldName="Microsoft.VSTS.Common.ClosedBy" Label="Closed By" LabelPosition="Left" />
                <Control ReadOnly="True" Type="FieldControl" FieldName="Microsoft.VSTS.Common.ClosedDate" Label="Closed Date" LabelPosition="Left" />
                <Control ReadOnly="True" Type="FieldControl" FieldName="Microsoft.VSTS.CodeReview.ClosedStatus" Label="Closed Status" LabelPosition="Left" />
                <Control ReadOnly="True" Type="FieldControl" FieldName="Microsoft.VSTS.CodeReview.ClosingComment" Label="Closing Comment" LabelPosition="Left" />
              </Column>
            </Group>
          </Column>
        </Group>
        <Group Margin="(5,0,0,0)">
          <Column PercentWidth="100">
            <Control ReadOnly="True" Type="WorkItemLogControl" FieldName="System.History" Label="Histor&amp;y" LabelPosition="Top" Dock="Fill" />
          </Column>
        </Group>
      </Layout>
      <WebLayout>
        <!--**********************Work Item Extensions**********************

Extension:
	Name: vsts-extensions-multivalue-control
	Id: ms-devlabs.vsts-extensions-multivalue-control

	Control contribution:
		Id: ms-devlabs.vsts-extensions-multivalue-control.multivalue-form-control
		Description: A work item form control which allows selection of multiple values.
		Inputs:
			Id: FieldName
			Description: 
			Type: WorkItemField
			Field Type: String; PlainText; HTML
			Data Type: String
			IsRequired: true

			Id: Values
			Description: Values can be user provided or from suggested values of the backing field
			Data Type: String
			IsRequired: false

			Id: AllowCustom
			Description: 
			Data Type: Boolean
			IsRequired: false

			Id: LabelDisplayLength
			Description: 
			Data Type: Number
			IsRequired: false


Note: For more information on work item extensions use the following topic:
http://go.microsoft.com/fwlink/?LinkId=816513
-->
        <SystemControls>
          <Control Type="FieldControl" FieldName="System.Title" EmptyText="Enter title" />
          <Control Label="Assi&amp;gned To" Type="FieldControl" FieldName="System.AssignedTo" />
          <Control Label="Stat&amp;e" Type="FieldControl" FieldName="System.State" />
          <Control Label="Reason" Type="FieldControl" FieldName="System.Reason" />
          <Control Label="&amp;Area" Type="WorkItemClassificationControl" FieldName="System.AreaPath" />
          <Control Label="Ite&amp;ration" Type="WorkItemClassificationControl" FieldName="System.IterationPath" />
          <Control Label="History" Type="WorkItemLogControl" FieldName="System.History" />
          <Control Label="Links" Type="LinksControl" Name="Links" />
          <Control Label="Attachments" Type="AttachmentsControl" Name="Attachments" />
        </SystemControls>
        <Page Label="Details" LayoutMode="FirstColumnWide">
          <Section>
            <Group Label="Other">
              <Control Label="Reviewed By" Type="FieldControl" FieldName="Microsoft.VSTS.Common.ReviewedBy" ReadOnly="True" />
            </Group>
          </Section>
          <Section>
            <Group Label="Status">
              <Control Label="Reason" Type="FieldControl" FieldName="System.Reason" ReadOnly="True" />
            </Group>
          </Section>
          <Section>
            <Group Label="System Info">
              <Control Label="Created By" Type="FieldControl" FieldName="System.CreatedBy" ReadOnly="True" />
              <Control Label="Created Date" Type="FieldControl" FieldName="System.CreatedDate" ReadOnly="True" />
              <Control Label="Accepted By" Type="FieldControl" FieldName="Microsoft.VSTS.CodeReview.AcceptedBy" ReadOnly="True" />
              <Control Label="Accepted Date" Type="FieldControl" FieldName="Microsoft.VSTS.CodeReview.AcceptedDate" ReadOnly="True" />
              <Control Label="Closed By" Type="FieldControl" FieldName="Microsoft.VSTS.Common.ClosedBy" ReadOnly="True" />
              <Control Label="Closed Date" Type="FieldControl" FieldName="Microsoft.VSTS.Common.ClosedDate" ReadOnly="True" />
              <Control Label="Closed Status" Type="FieldControl" FieldName="Microsoft.VSTS.CodeReview.ClosedStatus" ReadOnly="True" />
              <Control Label="Closing Comment" Type="FieldControl" FieldName="Microsoft.VSTS.CodeReview.ClosingComment" ReadOnly="True" />
            </Group>
          </Section>
        </Page>
      </WebLayout>
    </FORM>
  </WORKITEMTYPE>
</witd:WITD>