{
  "count": 7,
  "value": [
    {
      "id": 1063,
      "rev": 6,
      "fields": {
        "System.AreaPath": "CMMI-STAGE",
        "System.TeamProject": "CMMI-STAGE",
        "System.IterationPath": "CMMI-STAGE",
        "System.WorkItemType": "Bug",
        "System.State": "Proposed",
        "System.Reason": "New",
        "System.CreatedDate": "2020-09-01T17:07:18.793Z",
        "System.CreatedBy": "Kurisummoottil, Anita <akurisummoottil@mgb.org>",
        "System.ChangedDate": "2020-09-08T00:40:35.347Z",
        "System.ChangedBy": "Nicholas Barboutis <nbarboutis@mgb.org>",
        "System.Title": "test",
        "Microsoft.VSTS.Scheduling.Effort": 0.0,
        "System.Description": null,
        "System.AssignedTo": "Kurisummoottil, Anita <akurisummoottil@mgb.org>",
        "Microsoft.VSTS.Scheduling.RemainingWork": 0.0,
        "Microsoft.VSTS.Common.Priority": 2.0,
        "System.BoardLane": null,
        "System.Tags": "ff",
        "Microsoft.VSTS.TCM.Steps": null,
        "Microsoft.VSTS.TCM.Parameters": null,
        "Microsoft.VSTS.TCM.LocalDataSource": null,
        "Microsoft.VSTS.TCM.AutomationStatus": null,
        "System.History": null
      },
      "relations": null,
      "url": "https://dev.azure.com/MGB-STAGE/_apis/wit/workItems/1063"
    },
    {
      "id": 1070,
      "rev": 1,
      "fields": {
        "System.AreaPath": "CMMI-STAGE",
        "System.TeamProject": "CMMI-STAGE",
        "System.IterationPath": "CMMI-STAGE",
        "System.WorkItemType": "Bug",
        "System.State": "Proposed",
        "System.Reason": "New",
        "System.CreatedDate": "2020-09-07T13:33:07.913Z",
        "System.CreatedBy": "Nicholas Barboutis <nbarboutis@mgb.org>",
        "System.ChangedDate": "2020-09-07T13:33:07.913Z",
        "System.ChangedBy": "Nicholas Barboutis <nbarboutis@mgb.org>",
        "System.Title": "dds",
        "Microsoft.VSTS.Scheduling.Effort": 0.0,
        "System.Description": null,
        "System.AssignedTo": "Nicholas Barboutis <nbarboutis@mgb.org>",
        "Microsoft.VSTS.Scheduling.RemainingWork": 0.0,
        "Microsoft.VSTS.Common.Priority": 2.0,
        "System.BoardLane": null,
        "System.Tags": null,
        "Microsoft.VSTS.TCM.Steps": null,
        "Microsoft.VSTS.TCM.Parameters": null,
        "Microsoft.VSTS.TCM.LocalDataSource": null,
        "Microsoft.VSTS.TCM.AutomationStatus": null,
        "System.History": null
      },
      "relations": null,
      "url": "https://dev.azure.com/MGB-STAGE/_apis/wit/workItems/1070"
    },
    {
      "id": 1071,
      "rev": 3,
      "fields": {
        "System.AreaPath": "CMMI-STAGE",
        "System.TeamProject": "CMMI-STAGE",
        "System.IterationPath": "$ProjectName$\\Iteration 0",
        "System.WorkItemType": "Bug",
        "System.State": "Proposed",
        "System.Reason": "New",
        "System.CreatedDate": "2020-09-08T14:22:23.237Z",
        "System.CreatedBy": "Kapasakalidis, Panagiotis <pkapasakalidis@mgb.org>",
        "System.ChangedDate": "2020-09-08T14:28:15.52Z",
        "System.ChangedBy": "Kapasakalidis, Panagiotis <pkapasakalidis@mgb.org>",
        "System.Title": "Testing Files Tab",
        "Microsoft.VSTS.Scheduling.Effort": 0.0,
        "System.Description": null,
        "System.AssignedTo": "Kapasakalidis, Panagiotis <pkapasakalidis@mgb.org>",
        "Microsoft.VSTS.Scheduling.RemainingWork": 0.0,
        "Microsoft.VSTS.Common.Priority": 2.0,
        "System.BoardLane": null,
        "System.Tags": null,
        "Microsoft.VSTS.TCM.Steps": null,
        "Microsoft.VSTS.TCM.Parameters": null,
        "Microsoft.VSTS.TCM.LocalDataSource": null,
        "Microsoft.VSTS.TCM.AutomationStatus": null,
        "System.History": null
      },
      "relations": null,
      "url": "https://dev.azure.com/MGB-STAGE/_apis/wit/workItems/1071"
    },
    {
      "id": 1072,
      "rev": 1,
      "fields": {
        "System.AreaPath": "CMMI-STAGE",
        "System.TeamProject": "CMMI-STAGE",
        "System.IterationPath": "$ProjectName$\\Iteration 0",
        "System.WorkItemType": "Bug",
        "System.State": "Proposed",
        "System.Reason": "New",
        "System.CreatedDate": "2020-09-08T15:09:16.703Z",
        "System.CreatedBy": "Kapasakalidis, Panagiotis <pkapasakalidis@mgb.org>",
        "System.ChangedDate": "2020-09-08T15:09:16.703Z",
        "System.ChangedBy": "Kapasakalidis, Panagiotis <pkapasakalidis@mgb.org>",
        "System.Title": "Test For Files Extensions - Demo",
        "Microsoft.VSTS.Scheduling.Effort": 0.0,
        "System.Description": null,
        "System.AssignedTo": "Kapasakalidis, Panagiotis <pkapasakalidis@mgb.org>",
        "Microsoft.VSTS.Scheduling.RemainingWork": 0.0,
        "Microsoft.VSTS.Common.Priority": 2.0,
        "System.BoardLane": null,
        "System.Tags": null,
        "Microsoft.VSTS.TCM.Steps": null,
        "Microsoft.VSTS.TCM.Parameters": null,
        "Microsoft.VSTS.TCM.LocalDataSource": null,
        "Microsoft.VSTS.TCM.AutomationStatus": null,
        "System.History": null
      },
      "relations": null,
      "url": "https://dev.azure.com/MGB-STAGE/_apis/wit/workItems/1072"
    },
    {
      "id": 1073,
      "rev": 3,
      "fields": {
        "System.AreaPath": "CMMI-STAGE",
        "System.TeamProject": "CMMI-STAGE",
        "System.IterationPath": "$ProjectName$\\Iteration 0",
        "System.WorkItemType": "Bug",
        "System.State": "Proposed",
        "System.Reason": "New",
        "System.CreatedDate": "2020-09-08T15:17:18.443Z",
        "System.CreatedBy": "Kapasakalidis, Panagiotis <pkapasakalidis@mgb.org>",
        "System.ChangedDate": "2020-09-08T15:19:04.617Z",
        "System.ChangedBy": "Kapasakalidis, Panagiotis <pkapasakalidis@mgb.org>",
        "System.Title": "yryr",
        "Microsoft.VSTS.Scheduling.Effort": 0.0,
        "System.Description": null,
        "System.AssignedTo": "Kapasakalidis, Panagiotis <pkapasakalidis@mgb.org>",
        "Microsoft.VSTS.Scheduling.RemainingWork": 0.0,
        "Microsoft.VSTS.Common.Priority": 2.0,
        "System.BoardLane": null,
        "System.Tags": null,
        "Microsoft.VSTS.TCM.Steps": null,
        "Microsoft.VSTS.TCM.Parameters": null,
        "Microsoft.VSTS.TCM.LocalDataSource": null,
        "Microsoft.VSTS.TCM.AutomationStatus": null,
        "System.History": null
      },
      "relations": null,
      "url": "https://dev.azure.com/MGB-STAGE/_apis/wit/workItems/1073"
    },
    {
      "id": 1074,
      "rev": 1,
      "fields": {
        "System.AreaPath": "CMMI-STAGE",
        "System.TeamProject": "CMMI-STAGE",
        "System.IterationPath": "CMMI-STAGE",
        "System.WorkItemType": "Bug",
        "System.State": "Proposed",
        "System.Reason": "New",
        "System.CreatedDate": "2020-09-11T15:45:50.073Z",
        "System.CreatedBy": "Kurisummoottil, Anita <akurisummoottil@mgb.org>",
        "System.ChangedDate": "2020-09-11T15:45:50.073Z",
        "System.ChangedBy": "Kurisummoottil, Anita <akurisummoottil@mgb.org>",
        "System.Title": "Test WI",
        "Microsoft.VSTS.Scheduling.Effort": 0.0,
        "System.Description": null,
        "System.AssignedTo": "Kurisummoottil, Anita <akurisummoottil@mgb.org>",
        "Microsoft.VSTS.Scheduling.RemainingWork": 0.0,
        "Microsoft.VSTS.Common.Priority": 2.0,
        "System.BoardLane": null,
        "System.Tags": null,
        "Microsoft.VSTS.TCM.Steps": null,
        "Microsoft.VSTS.TCM.Parameters": null,
        "Microsoft.VSTS.TCM.LocalDataSource": null,
        "Microsoft.VSTS.TCM.AutomationStatus": null,
        "System.History": null
      },
      "relations": null,
      "url": "https://dev.azure.com/MGB-STAGE/_apis/wit/workItems/1074"
    },
    {
      "id": 8616,
      "rev": 1,
      "fields": {
        "System.AreaPath": "CMMI-STAGE",
        "System.TeamProject": "CMMI-STAGE",
        "System.IterationPath": "CMMI-STAGE",
        "System.WorkItemType": "Bug",
        "System.State": "Proposed",
        "System.Reason": "New",
        "System.CreatedDate": "2021-02-05T02:32:44.57Z",
        "System.CreatedBy": "Kurisummoottil, Anita <akurisummoottil@mgb.org>",
        "System.ChangedDate": "2021-02-05T02:32:44.57Z",
        "System.ChangedBy": "Kurisummoottil, Anita <akurisummoottil@mgb.org>",
        "System.Title": "t1",
        "Microsoft.VSTS.Scheduling.Effort": 0.0,
        "System.Description": null,
        "System.AssignedTo": "Kurisummoottil, Anita <akurisummoottil@mgb.org>",
        "Microsoft.VSTS.Scheduling.RemainingWork": 0.0,
        "Microsoft.VSTS.Common.Priority": 2.0,
        "System.BoardLane": null,
        "System.Tags": null,
        "Microsoft.VSTS.TCM.Steps": null,
        "Microsoft.VSTS.TCM.Parameters": null,
        "Microsoft.VSTS.TCM.LocalDataSource": null,
        "Microsoft.VSTS.TCM.AutomationStatus": null,
        "System.History": null
      },
      "relations": null,
      "url": "https://dev.azure.com/MGB-STAGE/_apis/wit/workItems/8616"
    }
  ],
  "HttpStatusCode": 0,
  "Message": null
}