{
  "count": 3,
  "value": [
    {
      "id": 21635,
      "rev": 8,
      "fields": {
        "System.AreaPath": "CMMI-STAGE",
        "System.TeamProject": "CMMI-STAGE",
        "System.IterationPath": "$ProjectName$\\Iteration 0",
        "System.WorkItemType": "Epic",
        "System.State": "Proposed",
        "System.Reason": "Proposed",
        "System.CreatedDate": "2023-12-17T17:25:33.73Z",
        "System.CreatedBy": "Kapasakalidis, Panagiotis <pkapasakalidis@mgb.org>",
        "System.ChangedDate": "2023-12-17T17:30:33.477Z",
        "System.ChangedBy": "Kapasakalidis, Panagiotis <pkapasakalidis@mgb.org>",
        "System.Title": "Test Custom Field",
        "Microsoft.VSTS.Scheduling.Effort": 0.0,
        "System.Description": null,
        "System.AssignedTo": "Kapasakalidis, Panagiotis <pkapasakalidis@mgb.org>",
        "Microsoft.VSTS.Scheduling.RemainingWork": 0.0,
        "Microsoft.VSTS.Common.Priority": 2.0,
        "System.BoardLane": null,
        "System.Tags": null,
        "Microsoft.VSTS.TCM.Steps": null,
        "Microsoft.VSTS.TCM.Parameters": null,
        "Microsoft.VSTS.TCM.LocalDataSource": null,
        "Microsoft.VSTS.TCM.AutomationStatus": null,
        "System.History": null
      },
      "relations": null,
      "url": "https://dev.azure.com/MGB-STAGE/_apis/wit/workItems/21635"
    },
    {
      "id": 21636,
      "rev": 3,
      "fields": {
        "System.AreaPath": "CMMI-STAGE",
        "System.TeamProject": "CMMI-STAGE",
        "System.IterationPath": "$ProjectName$\\Iteration 0",
        "System.WorkItemType": "Epic",
        "System.State": "Proposed",
        "System.Reason": "Proposed",
        "System.CreatedDate": "2023-12-17T17:32:03.34Z",
        "System.CreatedBy": "Kapasakalidis, Panagiotis <pkapasakalidis@mgb.org>",
        "System.ChangedDate": "2023-12-17T17:36:17.1Z",
        "System.ChangedBy": "Kapasakalidis, Panagiotis <pkapasakalidis@mgb.org>",
        "System.Title": "Test Custom Field 2",
        "Microsoft.VSTS.Scheduling.Effort": 0.0,
        "System.Description": null,
        "System.AssignedTo": "Kapasakalidis, Panagiotis <pkapasakalidis@mgb.org>",
        "Microsoft.VSTS.Scheduling.RemainingWork": 0.0,
        "Microsoft.VSTS.Common.Priority": 2.0,
        "System.BoardLane": null,
        "System.Tags": null,
        "Microsoft.VSTS.TCM.Steps": null,
        "Microsoft.VSTS.TCM.Parameters": null,
        "Microsoft.VSTS.TCM.LocalDataSource": null,
        "Microsoft.VSTS.TCM.AutomationStatus": null,
        "System.History": null
      },
      "relations": null,
      "url": "https://dev.azure.com/MGB-STAGE/_apis/wit/workItems/21636"
    },
    {
      "id": 21637,
      "rev": 3,
      "fields": {
        "System.AreaPath": "CMMI-STAGE",
        "System.TeamProject": "CMMI-STAGE",
        "System.IterationPath": "$ProjectName$\\Iteration 0",
        "System.WorkItemType": "Epic",
        "System.State": "Proposed",
        "System.Reason": "Proposed",
        "System.CreatedDate": "2023-12-17T17:36:35.37Z",
        "System.CreatedBy": "Kapasakalidis, Panagiotis <pkapasakalidis@mgb.org>",
        "System.ChangedDate": "2023-12-17T17:37:47.037Z",
        "System.ChangedBy": "Kapasakalidis, Panagiotis <pkapasakalidis@mgb.org>",
        "System.Title": "Custom Field 3",
        "Microsoft.VSTS.Scheduling.Effort": 0.0,
        "System.Description": null,
        "System.AssignedTo": "Kapasakalidis, Panagiotis <pkapasakalidis@mgb.org>",
        "Microsoft.VSTS.Scheduling.RemainingWork": 0.0,
        "Microsoft.VSTS.Common.Priority": 2.0,
        "System.BoardLane": null,
        "System.Tags": null,
        "Microsoft.VSTS.TCM.Steps": null,
        "Microsoft.VSTS.TCM.Parameters": null,
        "Microsoft.VSTS.TCM.LocalDataSource": null,
        "Microsoft.VSTS.TCM.AutomationStatus": null,
        "System.History": null
      },
      "relations": null,
      "url": "https://dev.azure.com/MGB-STAGE/_apis/wit/workItems/21637"
    }
  ],
  "HttpStatusCode": 0,
  "Message": null
}