{
  "count": 4,
  "value": [
    {
      "id": 1244,
      "rev": 1,
      "fields": {
        "System.AreaPath": "CMMI-STAGE",
        "System.TeamProject": "CMMI-STAGE",
        "System.IterationPath": "$ProjectName$\\Iteration 0",
        "System.WorkItemType": "Requirement",
        "System.State": "Proposed",
        "System.Reason": "New",
        "System.CreatedDate": "2020-11-17T14:48:47.827Z",
        "System.CreatedBy": "Kapasakalidis, Panagiotis <pkapasakalidis@mgb.org>",
        "System.ChangedDate": "2020-11-17T14:48:47.827Z",
        "System.ChangedBy": "Kapasakalidis, Panagiotis <pkapasakalidis@mgb.org>",
        "System.Title": "Test Req",
        "Microsoft.VSTS.Scheduling.Effort": 0.0,
        "System.Description": null,
        "System.AssignedTo": "Kapasakalidis, Panagiotis <pkapasakalidis@mgb.org>",
        "Microsoft.VSTS.Scheduling.RemainingWork": 0.0,
        "Microsoft.VSTS.Common.Priority": 2.0,
        "System.BoardLane": null,
        "System.Tags": null,
        "Microsoft.VSTS.TCM.Steps": null,
        "Microsoft.VSTS.TCM.Parameters": null,
        "Microsoft.VSTS.TCM.LocalDataSource": null,
        "Microsoft.VSTS.TCM.AutomationStatus": null,
        "System.History": null
      },
      "relations": null,
      "url": "https://dev.azure.com/MGB-STAGE/_apis/wit/workItems/1244"
    },
    {
      "id": 8624,
      "rev": 1,
      "fields": {
        "System.AreaPath": "CMMI-STAGE",
        "System.TeamProject": "CMMI-STAGE",
        "System.IterationPath": "$ProjectName$\\Iteration 0",
        "System.WorkItemType": "Requirement",
        "System.State": "Proposed",
        "System.Reason": "New",
        "System.CreatedDate": "2021-02-28T16:54:51.01Z",
        "System.CreatedBy": "Kapasakalidis, Panagiotis <pkapasakalidis@mgb.org>",
        "System.ChangedDate": "2021-02-28T16:54:51.01Z",
        "System.ChangedBy": "Kapasakalidis, Panagiotis <pkapasakalidis@mgb.org>",
        "System.Title": "Test New 02/28",
        "Microsoft.VSTS.Scheduling.Effort": 0.0,
        "System.Description": null,
        "System.AssignedTo": "Kapasakalidis, Panagiotis <pkapasakalidis@mgb.org>",
        "Microsoft.VSTS.Scheduling.RemainingWork": 0.0,
        "Microsoft.VSTS.Common.Priority": 2.0,
        "System.BoardLane": null,
        "System.Tags": null,
        "Microsoft.VSTS.TCM.Steps": null,
        "Microsoft.VSTS.TCM.Parameters": null,
        "Microsoft.VSTS.TCM.LocalDataSource": null,
        "Microsoft.VSTS.TCM.AutomationStatus": null,
        "System.History": null
      },
      "relations": null,
      "url": "https://dev.azure.com/MGB-STAGE/_apis/wit/workItems/8624"
    },
    {
      "id": 8625,
      "rev": 1,
      "fields": {
        "System.AreaPath": "CMMI-STAGE",
        "System.TeamProject": "CMMI-STAGE",
        "System.IterationPath": "$ProjectName$\\Iteration 0",
        "System.WorkItemType": "Requirement",
        "System.State": "Proposed",
        "System.Reason": "New",
        "System.CreatedDate": "2021-02-28T17:11:41.49Z",
        "System.CreatedBy": "Kapasakalidis, Panagiotis <pkapasakalidis@mgb.org>",
        "System.ChangedDate": "2021-02-28T17:11:41.49Z",
        "System.ChangedBy": "Kapasakalidis, Panagiotis <pkapasakalidis@mgb.org>",
        "System.Title": "Testing Extecion Stage",
        "Microsoft.VSTS.Scheduling.Effort": 0.0,
        "System.Description": null,
        "System.AssignedTo": "Kapasakalidis, Panagiotis <pkapasakalidis@mgb.org>",
        "Microsoft.VSTS.Scheduling.RemainingWork": 0.0,
        "Microsoft.VSTS.Common.Priority": 2.0,
        "System.BoardLane": null,
        "System.Tags": null,
        "Microsoft.VSTS.TCM.Steps": null,
        "Microsoft.VSTS.TCM.Parameters": null,
        "Microsoft.VSTS.TCM.LocalDataSource": null,
        "Microsoft.VSTS.TCM.AutomationStatus": null,
        "System.History": null
      },
      "relations": null,
      "url": "https://dev.azure.com/MGB-STAGE/_apis/wit/workItems/8625"
    },
    {
      "id": 17104,
      "rev": 1,
      "fields": {
        "System.AreaPath": "CMMI-STAGE",
        "System.TeamProject": "CMMI-STAGE",
        "System.IterationPath": "CMMI-STAGE",
        "System.WorkItemType": "Requirement",
        "System.State": "Proposed",
        "System.Reason": "New",
        "System.CreatedDate": "2021-12-09T20:17:00.597Z",
        "System.CreatedBy": "Kurisummoottil, Anita <akurisummoottil@mgb.org>",
        "System.ChangedDate": "2021-12-09T20:17:00.597Z",
        "System.ChangedBy": "Kurisummoottil, Anita <akurisummoottil@mgb.org>",
        "System.Title": "test",
        "Microsoft.VSTS.Scheduling.Effort": 0.0,
        "System.Description": null,
        "System.AssignedTo": "Kurisummoottil, Anita <akurisummoottil@mgb.org>",
        "Microsoft.VSTS.Scheduling.RemainingWork": 0.0,
        "Microsoft.VSTS.Common.Priority": 2.0,
        "System.BoardLane": null,
        "System.Tags": null,
        "Microsoft.VSTS.TCM.Steps": null,
        "Microsoft.VSTS.TCM.Parameters": null,
        "Microsoft.VSTS.TCM.LocalDataSource": null,
        "Microsoft.VSTS.TCM.AutomationStatus": null,
        "System.History": null
      },
      "relations": [
        {
          "rel": "System.LinkTypes.Hierarchy-Reverse",
          "url": "https://dev.azure.com/MGB-STAGE/_apis/wit/workItems/17566",
          "attributes": {
            "isLocked": "false",
            "name": "Parent"
          }
        }
      ],
      "url": "https://dev.azure.com/MGB-STAGE/_apis/wit/workItems/17104"
    }
  ],
  "HttpStatusCode": 0,
  "Message": null
}