{
  "count": 1,
  "value": [
    {
      "id": 1069,
      "rev": 1,
      "fields": {
        "System.AreaPath": "CMMI-STAGE",
        "System.TeamProject": "CMMI-STAGE",
        "System.IterationPath": "$ProjectName$\\Iteration 0",
        "System.WorkItemType": "Shared Parameter",
        "System.State": "Active",
        "System.Reason": "New Shared Parameter",
        "System.CreatedDate": "2020-09-05T14:53:22.483Z",
        "System.CreatedBy": "Kapasakalidis, Panagiotis <pkapasakalidis@mgb.org>",
        "System.ChangedDate": "2020-09-05T14:53:22.483Z",
        "System.ChangedBy": "Kapasakalidis, Panagiotis <pkapasakalidis@mgb.org>",
        "System.Title": ".add shared parameter set",
        "Microsoft.VSTS.Scheduling.Effort": 0.0,
        "System.Description": null,
        "System.AssignedTo": null,
        "Microsoft.VSTS.Scheduling.RemainingWork": 0.0,
        "Microsoft.VSTS.Common.Priority": 0.0,
        "System.BoardLane": null,
        "System.Tags": null,
        "Microsoft.VSTS.TCM.Steps": null,
        "Microsoft.VSTS.TCM.Parameters": "<parameterSet><paramNames/><paramData lastId=\"0\"/></parameterSet>",
        "Microsoft.VSTS.TCM.LocalDataSource": null,
        "Microsoft.VSTS.TCM.AutomationStatus": null,
        "System.History": null
      },
      "relations": null,
      "url": "https://dev.azure.com/MGB-STAGE/_apis/wit/workItems/1069"
    }
  ],
  "HttpStatusCode": 0,
  "Message": null
}