{
  "count": 1,
  "value": [
    {
      "id": 2,
      "rev": 1,
      "fields": {
        "System.AreaPath": "CMMI-STAGE",
        "System.TeamProject": "CMMI-STAGE",
        "System.IterationPath": "CMMI-STAGE",
        "System.WorkItemType": "Task",
        "System.State": "Proposed",
        "System.Reason": "New",
        "System.CreatedDate": "2020-07-23T16:30:21.917Z",
        "System.CreatedBy": "Nicholas Barboutis <nbarboutis@mgb.org>",
        "System.ChangedDate": "2020-07-23T16:30:21.917Z",
        "System.ChangedBy": "Nicholas Barboutis <nbarboutis@mgb.org>",
        "System.Title": "check extension",
        "Microsoft.VSTS.Scheduling.Effort": 0.0,
        "System.Description": null,
        "System.AssignedTo": "Nicholas Barboutis <nbarboutis@mgb.org>",
        "Microsoft.VSTS.Scheduling.RemainingWork": 0.0,
        "Microsoft.VSTS.Common.Priority": 2.0,
        "System.BoardLane": null,
        "System.Tags": null,
        "Microsoft.VSTS.TCM.Steps": null,
        "Microsoft.VSTS.TCM.Parameters": null,
        "Microsoft.VSTS.TCM.LocalDataSource": null,
        "Microsoft.VSTS.TCM.AutomationStatus": null,
        "System.History": null
      },
      "relations": null,
      "url": "https://dev.azure.com/MGB-STAGE/_apis/wit/workItems/2"
    }
  ],
  "HttpStatusCode": 0,
  "Message": null
}