{
  "source": "userInterface",
  "revision": 2,
  "description": null,
  "createdBy": "{}",
  "createdOn": "",
  "modifiedBy": "{}",
  "modifiedOn": "",
  "isDeleted": false,
  "lastRelease": {
    "id": 22,
    "name": "Release-2",
    "artifacts": [],
    "_links": {},
    "description": "",
    "releaseDefinition": {
      "id": 3,
      "projectReference": null,
      "_links": {}
    },
    "createdOn": "2023-03-27T18:49:34.557Z",
    "createdBy": {
      "displayName": "Rahul Maurya",
      "url": "https://spsprodcus1.vssps.visualstudio.com/A42e8ae2d-991d-4368-b349-df6a614c0b6d/_apis/Identities/25445d8a-1bfa-65a9-acb4-ea7cc250ba9c",
      "_links": {
        "avatar": {
          "href": "https://dev.azure.com/MGB-DEV/_apis/GraphProfile/MemberAvatars/aad.MjU0NDVkOGEtMWJmYS03NWE5LWFjYjQtZWE3Y2MyNTBiYTlj"
        }
      },
      "id": "25445d8a-1bfa-65a9-acb4-ea7cc250ba9c",
      "uniqueName": "Rahul_Maurya@DFCI.HARVARD.EDU",
      "imageUrl": "https://dev.azure.com/MGB-DEV/_apis/GraphProfile/MemberAvatars/aad.MjU0NDVkOGEtMWJmYS03NWE5LWFjYjQtZWE3Y2MyNTBiYTlj",
      "descriptor": "aad.MjU0NDVkOGEtMWJmYS03NWE5LWFjYjQtZWE3Y2MyNTBiYTlj"
    }
  },
  "variables": {},
  "variableGroups": [],
  "environments": [
    {
      "id": 5,
      "name": "Terraform",
      "rank": 1,
      "owner": {
        "displayName": "$OwnerDisplayName$",
        "url": "",
        "_links": "{}",
        "id": "$OwnerId$",
        "uniqueName": "$OwnerUniqueName$",
        "imageUrl": "",
        "descriptor": ""
      },
      "variables": {},
      "variableGroups": [],
      "preDeployApprovals": {
        "approvals": [
          {
            "rank": 1,
            "isAutomated": true,
            "isNotificationOn": false,
            "id": 18
          }
        ],
        "approvalOptions": {
          "requiredApproverCount": null,
          "releaseCreatorCanBeApprover": false,
          "autoTriggeredAndPreviousEnvironmentApprovedCanBeSkipped": false,
          "enforceIdentityRevalidation": false,
          "timeoutInMinutes": 0,
          "executionOrder": "beforeGates"
        }
      },
      "deployStep": {
        "id": 19
      },
      "postDeployApprovals": {
        "approvals": [
          {
            "rank": 1,
            "isAutomated": true,
            "isNotificationOn": false,
            "id": 20
          }
        ],
        "approvalOptions": {
          "requiredApproverCount": null,
          "releaseCreatorCanBeApprover": false,
          "autoTriggeredAndPreviousEnvironmentApprovedCanBeSkipped": false,
          "enforceIdentityRevalidation": false,
          "timeoutInMinutes": 0,
          "executionOrder": "afterSuccessfulGates"
        }
      },
      "deployPhases": [
        {
          "deploymentInput": {
            "parallelExecution": {
              "parallelExecutionType": "none"
            },
            "agentSpecification": null,
            "skipArtifactsDownload": false,
            "artifactsDownloadInput": {
              "downloadInputs": []
            },
            "queueId": "$Hosted Windows 2019 with VS2019$",
            "demands": [],
            "enableAccessToken": false,
            "timeoutInMinutes": 0,
            "jobCancelTimeoutInMinutes": 1,
            "condition": "succeeded()",
            "overrideInputs": {}
          },
          "rank": 1,
          "phaseType": "agentBasedDeployment",
          "name": "Agent job",
          "refName": null,
          "workflowTasks": [
            {
              "environment": {},
              "taskId": "a4789e5d-f6e8-431f-add9-379d640a883c",
              "version": "1.*",
              "name": "Install Terraform latest",
              "refName": "",
              "enabled": true,
              "alwaysRun": false,
              "continueOnError": false,
              "timeoutInMinutes": 0,
              "retryCountOnTaskFailure": 0,
              "definitionType": "task",
              "overrideInputs": {},
              "condition": "succeeded()",
              "inputs": {
                "terraformVersion": "latest"
              }
            },
            {
              "environment": {},
              "taskId": "fe504acc-6115-40cb-89ff-191386b5e7bf",
              "version": "4.*",
              "name": "Terraform Init : azurerm",
              "refName": "",
              "enabled": true,
              "alwaysRun": false,
              "continueOnError": false,
              "timeoutInMinutes": 0,
              "retryCountOnTaskFailure": 0,
              "definitionType": "task",
              "overrideInputs": {},
              "condition": "succeeded()",
              "inputs": {
                "provider": "azurerm",
                "command": "init",
                "workingDirectory": "$(System.DefaultWorkingDirectory)/_Deployment-using-Terraform/drop/Terraform",
                "customCommand": "",
                "commandOptions": "",
                "outputTo": "console",
                "outputFormat": "default",
                "fileName": "",
                "environmentServiceNameAzureRM": "",
                "environmentServiceNameAWS": "",
                "environmentServiceNameGCP": "",
                "backendServiceArm": "b2afb5da-b777-4a50-a81b-337fc3381dbf",
                "backendAzureRmResourceGroupName": "dfci-ia-sandbox-rahul-terraform-e2-rg",
                "backendAzureRmStorageAccountName": "dfcirahulmaurya",
                "backendAzureRmContainerName": "rahul",
                "backendAzureRmKey": "tf/terraform.tfstate",
                "backendServiceAWS": "",
                "backendAWSBucketName": "",
                "backendAWSKey": "",
                "backendServiceGCP": "",
                "backendGCPBucketName": "",
                "backendGCPPrefix": ""
              }
            }
          ]
        }
      ],
      "environmentOptions": {
        "emailNotificationType": "OnlyOnFailure",
        "emailRecipients": "release.environment.owner;release.creator",
        "skipArtifactsDownload": false,
        "timeoutInMinutes": 0,
        "enableAccessToken": false,
        "publishDeploymentStatus": true,
        "badgeEnabled": false,
        "autoLinkWorkItems": false,
        "pullRequestDeploymentEnabled": false
      },
      "demands": [],
      "conditions": [
        {
          "name": "ReleaseStarted",
          "conditionType": "event",
          "value": "",
          "result": null
        }
      ],
      "executionPolicy": {
        "concurrencyCount": 1,
        "queueDepthCount": 0
      },
      "schedules": [],
      "currentRelease": {
        "id": 22,
        "url": "https://vsrm.dev.azure.com/MGB-DEV/1fae89f5-0dca-4497-b0cd-8a16794a4eef/_apis/Release/releases/22",
        "_links": {}
      },
      "retentionPolicy": {
        "daysToKeep": 30,
        "releasesToKeep": 3,
        "retainBuild": true
      },
      "processParameters": {},
      "properties": {
        "BoardsEnvironmentType": {
          "$type": "System.String",
          "$value": "unmapped"
        },
        "LinkBoardsWorkItems": {
          "$type": "System.String",
          "$value": "False"
        }
      },
      "preDeploymentGates": {
        "id": 0,
        "gatesOptions": null,
        "gates": []
      },
      "postDeploymentGates": {
        "id": 0,
        "gatesOptions": null,
        "gates": []
      },
      "environmentTriggers": [],
      "badgeUrl": ""
    }
  ],
  "artifacts": [
    {
      "sourceId": "$ProjectId$:$Deployment-using-Terraform-id$",
      "type": "Build",
      "alias": "_Deployment-using-Terraform",
      "definitionReference": {
        "defaultVersionBranch": {
          "id": "",
          "name": ""
        },
        "defaultVersionSpecific": {
          "id": "",
          "name": ""
        },
        "defaultVersionTags": {
          "id": "",
          "name": ""
        },
        "defaultVersionType": {
          "id": "latestType",
          "name": "Latest"
        },
        "definition": {
          "id": "$Deployment-using-Terraform-id$",
          "name": "Deployment-using-Terraform"
        },
        "definitions": {
          "id": "",
          "name": ""
        },
        "IsMultiDefinitionType": {
          "id": "False",
          "name": "False"
        },
        "project": {
          "id": "$ProjectId$",
          "name": "$ProjectName$"
        },
        "repository": {
          "id": "",
          "name": ""
        },
        "artifactSourceDefinitionUrl": "{}"
      },
      "isPrimary": true,
      "isRetained": false
    }
  ],
  "triggers": [],
  "releaseNameFormat": "Release-$(rev:r)",
  "tags": [],
  "properties": {
    "DefinitionCreationSource": {
      "$type": "System.String",
      "$value": "ReleaseNew"
    },
    "IntegrateBoardsWorkItems": {
      "$type": "System.String",
      "$value": "False"
    },
    "IntegrateJiraWorkItems": {
      "$type": "System.String",
      "$value": "false"
    }
  },
  "id": "",
  "name": "release using terraform",
  "path": "\\",
  "projectReference": null,
  "url": "",
  "_links": "{}"
}