{
  "source": "userInterface",
  "revision": 10,
  "description": null,
  "createdBy": "{}",
  "createdOn": "",
  "modifiedBy": "{}",
  "modifiedOn": "",
  "isDeleted": false,
  "lastRelease": {
    "id": 8,
    "name": "Release-8",
    "artifacts": [],
    "_links": {},
    "description": "",
    "releaseDefinition": {
      "id": 1,
      "projectReference": null,
      "_links": {}
    },
    "createdOn": "2020-01-08T15:21:53.483Z",
    "createdBy": {
      "displayName": "Robin Whitworth",
      "url": "https://spsprodcus1.vssps.visualstudio.com/A42e8ae2d-991d-4368-b349-df6a614c0b6d/_apis/Identities/93a0e6be-078e-6afd-b85c-79c41f8ed045",
      "_links": {
        "avatar": {
          "href": "https://dev.azure.com/MGB-DEV/_apis/GraphProfile/MemberAvatars/aad.OTNhMGU2YmUtMDc4ZS03YWZkLWI4NWMtNzljNDFmOGVkMDQ1"
        }
      },
      "id": "93a0e6be-078e-6afd-b85c-79c41f8ed045",
      "uniqueName": "RWHITWORTH@PARTNERS.ORG",
      "imageUrl": "https://dev.azure.com/MGB-DEV/_apis/GraphProfile/MemberAvatars/aad.OTNhMGU2YmUtMDc4ZS03YWZkLWI4NWMtNzljNDFmOGVkMDQ1",
      "inactive": true,
      "descriptor": "aad.OTNhMGU2YmUtMDc4ZS03YWZkLWI4NWMtNzljNDFmOGVkMDQ1"
    }
  },
  "variables": {
    "SolutionName": {
      "value": "SMSConversation"
    }
  },
  "variableGroups": [],
  "environments": [
    {
      "id": 1,
      "name": "QA",
      "rank": 1,
      "owner": {
        "displayName": "$OwnerDisplayName$",
        "url": "",
        "_links": "{}",
        "id": "$OwnerId$",
        "uniqueName": "$OwnerUniqueName$",
        "imageUrl": "",
        "inactive": true,
        "descriptor": ""
      },
      "variables": {},
      "variableGroups": [],
      "preDeployApprovals": {
        "approvals": [
          {
            "rank": 1,
            "isAutomated": true,
            "isNotificationOn": false,
            "id": 1
          }
        ],
        "approvalOptions": {
          "requiredApproverCount": null,
          "releaseCreatorCanBeApprover": false,
          "autoTriggeredAndPreviousEnvironmentApprovedCanBeSkipped": false,
          "enforceIdentityRevalidation": false,
          "timeoutInMinutes": 0,
          "executionOrder": "beforeGates"
        }
      },
      "deployStep": {
        "id": 2
      },
      "postDeployApprovals": {
        "approvals": [
          {
            "rank": 1,
            "isAutomated": true,
            "isNotificationOn": false,
            "id": 3
          }
        ],
        "approvalOptions": {
          "requiredApproverCount": null,
          "releaseCreatorCanBeApprover": false,
          "autoTriggeredAndPreviousEnvironmentApprovedCanBeSkipped": false,
          "enforceIdentityRevalidation": false,
          "timeoutInMinutes": 0,
          "executionOrder": "afterSuccessfulGates"
        }
      },
      "deployPhases": [
        {
          "deploymentInput": {
            "parallelExecution": {
              "parallelExecutionType": "none"
            },
            "agentSpecification": {
              "identifier": "vs2017-win2016"
            },
            "skipArtifactsDownload": false,
            "artifactsDownloadInput": {
              "downloadInputs": []
            },
            "queueId": "$Azure Pipelines$",
            "demands": [],
            "enableAccessToken": false,
            "timeoutInMinutes": 0,
            "jobCancelTimeoutInMinutes": 1,
            "condition": "succeeded()",
            "overrideInputs": {}
          },
          "rank": 1,
          "phaseType": "agentBasedDeployment",
          "name": "Agent job",
          "refName": null,
          "workflowTasks": [
            {
              "environment": {},
              "taskId": "70e9ed60-670f-11e9-be16-a150d2ff01e4",
              "version": "0.*",
              "name": "PowerApps Tool Installer ",
              "refName": "",
              "enabled": true,
              "alwaysRun": false,
              "continueOnError": false,
              "timeoutInMinutes": 0,
              "retryCountOnTaskFailure": 0,
              "definitionType": "task",
              "overrideInputs": {},
              "condition": "succeeded()",
              "inputs": {
                "XrmOnlineManagementApiVersion": "1.1.0.9060",
                "XrmToolingCrmConnectorVersion": "3.3.0.862",
                "XrmToolingPackageDeploymentVersion": "3.3.0.862",
                "MicrosoftPowerAppsCheckerVersion": "1.0.2",
                "CrmSdkCoreToolsVersion": "9.1.0.17"
              }
            },
            {
              "environment": {},
              "taskId": "9f15c5c5-3882-4d37-af7d-8a42a406002a",
              "version": "0.*",
              "name": "PowerApps Import Solution ",
              "refName": "",
              "enabled": true,
              "alwaysRun": false,
              "continueOnError": false,
              "timeoutInMinutes": 0,
              "retryCountOnTaskFailure": 0,
              "definitionType": "task",
              "overrideInputs": {},
              "condition": "succeeded()",
              "inputs": {
                "PowerAppsEnvironment": "1cb05757-1af9-4a4c-b074-c547074fa6b9",
                "SolutionInputFile": "$(System.DefaultWorkingDirectory)/Build/drop/SMSConversation_managed.zip",
                "AsyncOperation": "true",
                "MaxAsyncWaitTime": "240",
                "HoldingSolution": "false",
                "OverwriteUnmanagedCustomizations": "true",
                "PublishWorkflows": "true",
                "SkipProductUpdateDependencies": "false"
              }
            }
          ]
        }
      ],
      "environmentOptions": {
        "emailNotificationType": "OnlyOnFailure",
        "emailRecipients": "release.environment.owner;release.creator",
        "skipArtifactsDownload": false,
        "timeoutInMinutes": 0,
        "enableAccessToken": false,
        "publishDeploymentStatus": true,
        "badgeEnabled": false,
        "autoLinkWorkItems": false,
        "pullRequestDeploymentEnabled": false
      },
      "demands": [],
      "conditions": [
        {
          "name": "ReleaseStarted",
          "conditionType": "event",
          "value": "",
          "result": null
        }
      ],
      "executionPolicy": {
        "concurrencyCount": 1,
        "queueDepthCount": 0
      },
      "schedules": [],
      "currentRelease": {
        "id": 8,
        "url": "https://vsrm.dev.azure.com/MGB-DEV/1fae89f5-0dca-4497-b0cd-8a16794a4eef/_apis/Release/releases/8",
        "_links": {}
      },
      "retentionPolicy": {
        "daysToKeep": 30,
        "releasesToKeep": 3,
        "retainBuild": true
      },
      "processParameters": {},
      "properties": {
        "BoardsEnvironmentType": {
          "$type": "System.String",
          "$value": "unmapped"
        },
        "LinkBoardsWorkItems": {
          "$type": "System.String",
          "$value": "False"
        }
      },
      "preDeploymentGates": {
        "id": 0,
        "gatesOptions": null,
        "gates": []
      },
      "postDeploymentGates": {
        "id": 0,
        "gatesOptions": null,
        "gates": []
      },
      "environmentTriggers": [],
      "badgeUrl": ""
    }
  ],
  "artifacts": [
    {
      "sourceId": "$ProjectId$:$Build Managed Solution-id$",
      "type": "Build",
      "alias": "Build",
      "definitionReference": {
        "artifactSourceDefinitionUrl": "{}",
        "defaultVersionBranch": {
          "id": "",
          "name": ""
        },
        "defaultVersionSpecific": {
          "id": "",
          "name": ""
        },
        "defaultVersionTags": {
          "id": "",
          "name": ""
        },
        "defaultVersionType": {
          "id": "latestType",
          "name": "Latest"
        },
        "definition": {
          "id": "$Build Managed Solution-id$",
          "name": "Build Managed Solution"
        },
        "definitions": {
          "id": "",
          "name": ""
        },
        "IsMultiDefinitionType": {
          "id": "False",
          "name": "False"
        },
        "project": {
          "id": "$ProjectId$",
          "name": "$ProjectName$"
        },
        "repository": {
          "id": "",
          "name": ""
        }
      },
      "isPrimary": true,
      "isRetained": false
    }
  ],
  "triggers": [],
  "releaseNameFormat": "Release-$(rev:r)",
  "tags": [],
  "properties": {
    "DefinitionCreationSource": {
      "$type": "System.String",
      "$value": "ReleaseNew"
    },
    "IntegrateBoardsWorkItems": {
      "$type": "System.String",
      "$value": "False"
    },
    "IntegrateJiraWorkItems": {
      "$type": "System.String",
      "$value": "false"
    }
  },
  "id": "",
  "name": "Release To QA (Original)",
  "path": "\\",
  "projectReference": null,
  "url": "",
  "_links": "{}"
}