{
  "source": "userInterface",
  "revision": 16,
  "description": null,
  "createdBy": "{}",
  "createdOn": "",
  "modifiedBy": "{}",
  "modifiedOn": "",
  "isDeleted": false,
  "variables": {
    "GitPassword": {
      "value": null,
      "isSecret": true
    },
    "GitUserName": {
      "value": "rc274"
    },
    "SolutionName": {
      "value": "SMSConversation"
    },
    "User": {
      "value": "rc274",
      "allowOverride": true
    }
  },
  "variableGroups": [],
  "environments": [
    {
      "id": 2,
      "name": "QA",
      "rank": 1,
      "owner": {
        "displayName": "$OwnerDisplayName$",
        "url": "",
        "_links": "{}",
        "id": "$OwnerId$",
        "uniqueName": "$OwnerUniqueName$",
        "imageUrl": "",
        "descriptor": ""
      },
      "variables": {},
      "variableGroups": [],
      "preDeployApprovals": {
        "approvals": [
          {
            "rank": 1,
            "isAutomated": true,
            "isNotificationOn": false,
            "id": 4
          }
        ],
        "approvalOptions": {
          "requiredApproverCount": null,
          "releaseCreatorCanBeApprover": false,
          "autoTriggeredAndPreviousEnvironmentApprovedCanBeSkipped": false,
          "enforceIdentityRevalidation": false,
          "timeoutInMinutes": 0,
          "executionOrder": "beforeGates"
        }
      },
      "deployStep": {
        "id": 5
      },
      "postDeployApprovals": {
        "approvals": [
          {
            "rank": 1,
            "isAutomated": false,
            "isNotificationOn": false,
            "approver": {
              "displayName": "[D879755ee-c619-4d82-b463-cf54855d6e62]\\Release Administrators",
              "url": "https://spsprodcus1.vssps.visualstudio.com/A42e8ae2d-991d-4368-b349-df6a614c0b6d/_apis/Identities/e68c39ed-d134-48e2-8d93-c5bc9f5363da",
              "_links": {
                "avatar": {
                  "href": "https://dev.azure.com/MGB-DEV/_apis/GraphProfile/MemberAvatars/vssgp.Uy0xLTktMTU1MTM3NDI0NS0zOTk4NTg2NzU5LTQzMjQzOTg4NS0zMDI2NDQwMDIwLTIyMzc0OTI4MzQtMS04MzI5MzczNDEtMTkwNDE0NzAwOS0yODc3NDUzMDAzLTI4NjA1MjE1MTc"
                }
              },
              "id": "e68c39ed-d134-48e2-8d93-c5bc9f5363da",
              "uniqueName": "vstfs:///Classification/TeamProject/879755ee-c619-4d82-b463-cf54855d6e62\\Release Administrators",
              "imageUrl": "https://dev.azure.com/MGB-DEV/_apis/GraphProfile/MemberAvatars/vssgp.Uy0xLTktMTU1MTM3NDI0NS0zOTk4NTg2NzU5LTQzMjQzOTg4NS0zMDI2NDQwMDIwLTIyMzc0OTI4MzQtMS04MzI5MzczNDEtMTkwNDE0NzAwOS0yODc3NDUzMDAzLTI4NjA1MjE1MTc",
              "isContainer": true,
              "inactive": true,
              "descriptor": "vssgp.Uy0xLTktMTU1MTM3NDI0NS0zOTk4NTg2NzU5LTQzMjQzOTg4NS0zMDI2NDQwMDIwLTIyMzc0OTI4MzQtMS04MzI5MzczNDEtMTkwNDE0NzAwOS0yODc3NDUzMDAzLTI4NjA1MjE1MTc"
            },
            "id": 14
          },
          {
            "rank": 2,
            "isAutomated": false,
            "isNotificationOn": false,
            "approver": {
              "displayName": "[D879755ee-c619-4d82-b463-cf54855d6e62]\\Project Managers",
              "url": "https://spsprodcus1.vssps.visualstudio.com/A42e8ae2d-991d-4368-b349-df6a614c0b6d/_apis/Identities/8b4f283c-b740-49ae-b925-cc7fa7113618",
              "_links": {
                "avatar": {
                  "href": "https://dev.azure.com/MGB-DEV/_apis/GraphProfile/MemberAvatars/vssgp.Uy0xLTktMTU1MTM3NDI0NS0yMjU1OTQwMzUxLTI0NzU0NDgzOTgtMjMyNTI4MjczMi0xMDk1NjQ0NzIwLTEtODIyNTk0MDc4LTEzMTY4MTE4NDItMjk1MjI1MDQ5OS0zODYyMDA2MTYx"
                }
              },
              "id": "8b4f283c-b740-49ae-b925-cc7fa7113618",
              "uniqueName": "vstfs:///Classification/TeamProject/879755ee-c619-4d82-b463-cf54855d6e62\\Project Managers",
              "imageUrl": "https://dev.azure.com/MGB-DEV/_apis/GraphProfile/MemberAvatars/vssgp.Uy0xLTktMTU1MTM3NDI0NS0yMjU1OTQwMzUxLTI0NzU0NDgzOTgtMjMyNTI4MjczMi0xMDk1NjQ0NzIwLTEtODIyNTk0MDc4LTEzMTY4MTE4NDItMjk1MjI1MDQ5OS0zODYyMDA2MTYx",
              "isContainer": true,
              "inactive": true,
              "descriptor": "vssgp.Uy0xLTktMTU1MTM3NDI0NS0yMjU1OTQwMzUxLTI0NzU0NDgzOTgtMjMyNTI4MjczMi0xMDk1NjQ0NzIwLTEtODIyNTk0MDc4LTEzMTY4MTE4NDItMjk1MjI1MDQ5OS0zODYyMDA2MTYx"
            },
            "id": 15
          }
        ],
        "approvalOptions": {
          "requiredApproverCount": null,
          "releaseCreatorCanBeApprover": true,
          "autoTriggeredAndPreviousEnvironmentApprovedCanBeSkipped": false,
          "enforceIdentityRevalidation": false,
          "timeoutInMinutes": 0,
          "executionOrder": "afterSuccessfulGates"
        }
      },
      "deployPhases": [
        {
          "deploymentInput": {
            "parallelExecution": {
              "parallelExecutionType": "none"
            },
            "agentSpecification": {
              "identifier": "vs2017-win2016"
            },
            "skipArtifactsDownload": false,
            "artifactsDownloadInput": {
              "downloadInputs": []
            },
            "queueId": "$Azure Pipelines$",
            "demands": [],
            "enableAccessToken": false,
            "timeoutInMinutes": 0,
            "jobCancelTimeoutInMinutes": 1,
            "condition": "succeeded()",
            "overrideInputs": {}
          },
          "rank": 1,
          "phaseType": "agentBasedDeployment",
          "name": "Agent job",
          "refName": null,
          "workflowTasks": [
            {
              "environment": {},
              "taskId": "70e9ed60-670f-11e9-be16-a150d2ff01e4",
              "version": "0.*",
              "name": "PowerApps Tool Installer ",
              "refName": "",
              "enabled": true,
              "alwaysRun": false,
              "continueOnError": false,
              "timeoutInMinutes": 0,
              "retryCountOnTaskFailure": 0,
              "definitionType": "task",
              "overrideInputs": {},
              "condition": "succeeded()",
              "inputs": {
                "XrmOnlineManagementApiVersion": "1.1.0.9060",
                "XrmToolingCrmConnectorVersion": "3.3.0.862",
                "XrmToolingPackageDeploymentVersion": "3.3.0.862",
                "MicrosoftPowerAppsCheckerVersion": "1.0.2",
                "CrmSdkCoreToolsVersion": "9.1.0.17"
              }
            },
            {
              "environment": {},
              "taskId": "33c63b11-352b-45a2-ba1b-54cb568a29ca",
              "version": "0.*",
              "name": "Use Python 3.8",
              "refName": "",
              "enabled": true,
              "alwaysRun": false,
              "continueOnError": false,
              "timeoutInMinutes": 0,
              "retryCountOnTaskFailure": 0,
              "definitionType": "task",
              "overrideInputs": {},
              "condition": "succeeded()",
              "inputs": {
                "versionSpec": "3.8",
                "addToPath": "true",
                "architecture": "x64"
              }
            },
            {
              "environment": {},
              "taskId": "d9bafed4-0b18-4f58-968d-86655b4d2ce9",
              "version": "2.*",
              "name": "Git clone util",
              "refName": "",
              "enabled": true,
              "alwaysRun": false,
              "continueOnError": false,
              "timeoutInMinutes": 0,
              "retryCountOnTaskFailure": 0,
              "definitionType": "task",
              "overrideInputs": {},
              "condition": "succeeded()",
              "inputs": {
                "script": "git clone https://$(GitUserName):$(GitPassword)@dev.azure.com/SQACAG-ADO/DEMO-CMMI/_git/PPM-HIP PPM-HIP\n\necho $(Build.RequestedFor)",
                "workingDirectory": "",
                "failOnStderr": "false"
              }
            },
            {
              "environment": {},
              "taskId": "6392f95f-7e76-4a18-b3c7-7f078d2f7700",
              "version": "0.*",
              "name": "Run a Python script",
              "refName": "",
              "enabled": true,
              "alwaysRun": false,
              "continueOnError": false,
              "timeoutInMinutes": 0,
              "retryCountOnTaskFailure": 0,
              "definitionType": "task",
              "overrideInputs": {},
              "condition": "succeeded()",
              "inputs": {
                "scriptSource": "filePath",
                "scriptPath": "PPM-HIP/util/src/main/python/patchConnections.py ",
                "script": "",
                "arguments": "--temp-dir $(Agent.TempDirectory) --error-action ignore  qa-$(User) $(System.DefaultWorkingDirectory)/Build/drop/SMSConversation_managed.zip $(System.DefaultWorkingDirectory)/Build/drop/SMSConversation_managed_updated.zip",
                "pythonInterpreter": "",
                "workingDirectory": "",
                "failOnStderr": "false"
              }
            },
            {
              "environment": {},
              "taskId": "9f15c5c5-3882-4d37-af7d-8a42a406002a",
              "version": "0.*",
              "name": "PowerApps Import Solution ",
              "refName": "",
              "enabled": true,
              "alwaysRun": false,
              "continueOnError": false,
              "timeoutInMinutes": 0,
              "retryCountOnTaskFailure": 0,
              "definitionType": "task",
              "overrideInputs": {},
              "condition": "succeeded()",
              "inputs": {
                "PowerAppsEnvironment": "1cb05757-1af9-4a4c-b074-c547074fa6b9",
                "SolutionInputFile": "$(System.DefaultWorkingDirectory)/Build/drop/SMSConversation_managed_updated.zip",
                "AsyncOperation": "true",
                "MaxAsyncWaitTime": "240",
                "HoldingSolution": "false",
                "OverwriteUnmanagedCustomizations": "true",
                "PublishWorkflows": "true",
                "SkipProductUpdateDependencies": "false"
              }
            },
            {
              "environment": {},
              "taskId": "8b20c2bb-05ed-47ce-a620-88cc78629d0f",
              "version": "0.*",
              "name": "PowerApps Publish Customizations ",
              "refName": "",
              "enabled": true,
              "alwaysRun": false,
              "continueOnError": false,
              "timeoutInMinutes": 0,
              "retryCountOnTaskFailure": 0,
              "definitionType": "task",
              "overrideInputs": {},
              "condition": "succeeded()",
              "inputs": {
                "PowerAppsEnvironment": "1cb05757-1af9-4a4c-b074-c547074fa6b9"
              }
            }
          ]
        }
      ],
      "environmentOptions": {
        "emailNotificationType": "OnlyOnFailure",
        "emailRecipients": "release.environment.owner;release.creator",
        "skipArtifactsDownload": false,
        "timeoutInMinutes": 0,
        "enableAccessToken": false,
        "publishDeploymentStatus": true,
        "badgeEnabled": false,
        "autoLinkWorkItems": false,
        "pullRequestDeploymentEnabled": false
      },
      "demands": [],
      "conditions": [
        {
          "name": "ReleaseStarted",
          "conditionType": "event",
          "value": "",
          "result": null
        }
      ],
      "executionPolicy": {
        "concurrencyCount": 1,
        "queueDepthCount": 0
      },
      "schedules": [],
      "currentRelease": {
        "id": 18,
        "url": "https://vsrm.dev.azure.com/MGB-DEV/1fae89f5-0dca-4497-b0cd-8a16794a4eef/_apis/Release/releases/18",
        "_links": {}
      },
      "retentionPolicy": {
        "daysToKeep": 30,
        "releasesToKeep": 3,
        "retainBuild": true
      },
      "processParameters": {},
      "properties": {
        "BoardsEnvironmentType": {
          "$type": "System.String",
          "$value": "unmapped"
        },
        "LinkBoardsWorkItems": {
          "$type": "System.String",
          "$value": "False"
        }
      },
      "preDeploymentGates": {
        "id": 0,
        "gatesOptions": null,
        "gates": []
      },
      "postDeploymentGates": {
        "id": 12,
        "gatesOptions": {
          "isEnabled": true,
          "timeout": 1440,
          "samplingInterval": 15,
          "stabilizationTime": 5,
          "minimumSuccessDuration": 0
        },
        "gates": []
      },
      "environmentTriggers": [],
      "badgeUrl": ""
    },
    {
      "id": 3,
      "name": "Test",
      "rank": 2,
      "owner": {
        "displayName": "$OwnerDisplayName$",
        "url": "",
        "_links": "{}",
        "id": "$OwnerId$",
        "uniqueName": "$OwnerUniqueName$",
        "imageUrl": "",
        "descriptor": ""
      },
      "variables": {},
      "variableGroups": [],
      "preDeployApprovals": {
        "approvals": [
          {
            "rank": 1,
            "isAutomated": true,
            "isNotificationOn": false,
            "id": 7
          }
        ],
        "approvalOptions": {
          "requiredApproverCount": null,
          "releaseCreatorCanBeApprover": false,
          "autoTriggeredAndPreviousEnvironmentApprovedCanBeSkipped": false,
          "enforceIdentityRevalidation": false,
          "timeoutInMinutes": 0,
          "executionOrder": "beforeGates"
        }
      },
      "deployStep": {
        "id": 10
      },
      "postDeployApprovals": {
        "approvals": [
          {
            "rank": 1,
            "isAutomated": false,
            "isNotificationOn": false,
            "approver": {
              "displayName": "[DEMO-CMMI]\\Project Administrators",
              "url": "https://spsprodcus1.vssps.visualstudio.com/A42e8ae2d-991d-4368-b349-df6a614c0b6d/_apis/Identities/cc0ac0e4-0894-4c08-ae1e-ff66dec99757",
              "_links": {
                "avatar": {
                  "href": "https://dev.azure.com/MGB-DEV/_apis/GraphProfile/MemberAvatars/vssgp.Uy0xLTktMTU1MTM3NDI0NS0yNzM3MDE4NjAyLTM3MzQ4NTk4NDktMzAxODE0OTU4OC02NTQ3NjI4OTEtMC0wLTAtMC0x"
                }
              },
              "id": "cc0ac0e4-0894-4c08-ae1e-ff66dec99757",
              "uniqueName": "vstfs:///Classification/TeamProject/1fae89f5-0dca-4497-b0cd-8a16794a4eef\\Project Administrators",
              "imageUrl": "https://dev.azure.com/MGB-DEV/_apis/GraphProfile/MemberAvatars/vssgp.Uy0xLTktMTU1MTM3NDI0NS0yNzM3MDE4NjAyLTM3MzQ4NTk4NDktMzAxODE0OTU4OC02NTQ3NjI4OTEtMC0wLTAtMC0x",
              "isContainer": true,
              "descriptor": "vssgp.Uy0xLTktMTU1MTM3NDI0NS0yNzM3MDE4NjAyLTM3MzQ4NTk4NDktMzAxODE0OTU4OC02NTQ3NjI4OTEtMC0wLTAtMC0x"
            },
            "id": 16
          },
          {
            "rank": 2,
            "isAutomated": false,
            "isNotificationOn": false,
            "approver": {
              "displayName": "[DEMO-CMMI]\\Release Administrators",
              "url": "https://spsprodcus1.vssps.visualstudio.com/A42e8ae2d-991d-4368-b349-df6a614c0b6d/_apis/Identities/a7d6a2b5-e095-4676-8988-9fab4da85270",
              "_links": {
                "avatar": {
                  "href": "https://dev.azure.com/MGB-DEV/_apis/GraphProfile/MemberAvatars/vssgp.Uy0xLTktMTU1MTM3NDI0NS00MTE5NDQwOTI3LTMzODk4ODgzMjQtMjk2NjI2MDI0Ni0yMDM0OTEzMDA3LTEtMzI1OTMzMDAyMi00MDE1OTc2MDExLTIxODk0MjAwOTQtMzAyNTg0MjQyNA"
                }
              },
              "id": "a7d6a2b5-e095-4676-8988-9fab4da85270",
              "uniqueName": "vstfs:///Classification/TeamProject/1fae89f5-0dca-4497-b0cd-8a16794a4eef\\Release Administrators",
              "imageUrl": "https://dev.azure.com/MGB-DEV/_apis/GraphProfile/MemberAvatars/vssgp.Uy0xLTktMTU1MTM3NDI0NS00MTE5NDQwOTI3LTMzODk4ODgzMjQtMjk2NjI2MDI0Ni0yMDM0OTEzMDA3LTEtMzI1OTMzMDAyMi00MDE1OTc2MDExLTIxODk0MjAwOTQtMzAyNTg0MjQyNA",
              "isContainer": true,
              "descriptor": "vssgp.Uy0xLTktMTU1MTM3NDI0NS00MTE5NDQwOTI3LTMzODk4ODgzMjQtMjk2NjI2MDI0Ni0yMDM0OTEzMDA3LTEtMzI1OTMzMDAyMi00MDE1OTc2MDExLTIxODk0MjAwOTQtMzAyNTg0MjQyNA"
            },
            "id": 17
          }
        ],
        "approvalOptions": {
          "requiredApproverCount": null,
          "releaseCreatorCanBeApprover": true,
          "autoTriggeredAndPreviousEnvironmentApprovedCanBeSkipped": false,
          "enforceIdentityRevalidation": false,
          "timeoutInMinutes": 0,
          "executionOrder": "afterSuccessfulGates"
        }
      },
      "deployPhases": [
        {
          "deploymentInput": {
            "parallelExecution": {
              "parallelExecutionType": "none"
            },
            "agentSpecification": {
              "identifier": "vs2017-win2016"
            },
            "skipArtifactsDownload": false,
            "artifactsDownloadInput": {
              "downloadInputs": []
            },
            "queueId": "$Azure Pipelines$",
            "demands": [],
            "enableAccessToken": false,
            "timeoutInMinutes": 0,
            "jobCancelTimeoutInMinutes": 1,
            "condition": "succeeded()",
            "overrideInputs": {}
          },
          "rank": 1,
          "phaseType": "agentBasedDeployment",
          "name": "Agent job",
          "refName": null,
          "workflowTasks": [
            {
              "environment": {},
              "taskId": "70e9ed60-670f-11e9-be16-a150d2ff01e4",
              "version": "0.*",
              "name": "PowerApps Tool Installer ",
              "refName": "",
              "enabled": true,
              "alwaysRun": false,
              "continueOnError": false,
              "timeoutInMinutes": 0,
              "retryCountOnTaskFailure": 0,
              "definitionType": "task",
              "overrideInputs": {},
              "condition": "succeeded()",
              "inputs": {
                "XrmOnlineManagementApiVersion": "1.1.0.9060",
                "XrmToolingCrmConnectorVersion": "3.3.0.862",
                "XrmToolingPackageDeploymentVersion": "3.3.0.862",
                "MicrosoftPowerAppsCheckerVersion": "1.0.2",
                "CrmSdkCoreToolsVersion": "9.1.0.17"
              }
            },
            {
              "environment": {},
              "taskId": "33c63b11-352b-45a2-ba1b-54cb568a29ca",
              "version": "0.*",
              "name": "Use Python 3.8",
              "refName": "",
              "enabled": true,
              "alwaysRun": false,
              "continueOnError": false,
              "timeoutInMinutes": 0,
              "retryCountOnTaskFailure": 0,
              "definitionType": "task",
              "overrideInputs": {},
              "condition": "succeeded()",
              "inputs": {
                "versionSpec": "3.8",
                "addToPath": "true",
                "architecture": "x64"
              }
            },
            {
              "environment": {},
              "taskId": "d9bafed4-0b18-4f58-968d-86655b4d2ce9",
              "version": "2.*",
              "name": "Git clone util",
              "refName": "",
              "enabled": true,
              "alwaysRun": false,
              "continueOnError": false,
              "timeoutInMinutes": 0,
              "retryCountOnTaskFailure": 0,
              "definitionType": "task",
              "overrideInputs": {},
              "condition": "succeeded()",
              "inputs": {
                "script": "git clone https://$(GitUserName):$(GitPassword)@dev.azure.com/SQACAG-ADO/DEMO-CMMI/_git/PPM-HIP PPM-HIP\n\necho $(Build.RequestedFor)",
                "workingDirectory": "",
                "failOnStderr": "false"
              }
            },
            {
              "environment": {},
              "taskId": "6392f95f-7e76-4a18-b3c7-7f078d2f7700",
              "version": "0.*",
              "name": "Run a Python script",
              "refName": "",
              "enabled": true,
              "alwaysRun": false,
              "continueOnError": false,
              "timeoutInMinutes": 0,
              "retryCountOnTaskFailure": 0,
              "definitionType": "task",
              "overrideInputs": {},
              "condition": "succeeded()",
              "inputs": {
                "scriptSource": "filePath",
                "scriptPath": "PPM-HIP/util/src/main/python/patchConnections.py ",
                "script": "",
                "arguments": "--temp-dir $(Agent.TempDirectory) --error-action ignore  qa-$(User) $(System.DefaultWorkingDirectory)/Build/drop/SMSConversation_managed.zip $(System.DefaultWorkingDirectory)/Build/drop/SMSConversation_managed_updated.zip",
                "pythonInterpreter": "",
                "workingDirectory": "",
                "failOnStderr": "false"
              }
            },
            {
              "environment": {},
              "taskId": "9f15c5c5-3882-4d37-af7d-8a42a406002a",
              "version": "0.*",
              "name": "PowerApps Import Solution ",
              "refName": "",
              "enabled": true,
              "alwaysRun": false,
              "continueOnError": false,
              "timeoutInMinutes": 0,
              "retryCountOnTaskFailure": 0,
              "definitionType": "task",
              "overrideInputs": {},
              "condition": "succeeded()",
              "inputs": {
                "PowerAppsEnvironment": "1cb05757-1af9-4a4c-b074-c547074fa6b9",
                "SolutionInputFile": "$(System.DefaultWorkingDirectory)/Build/drop/SMSConversation_managed_updated.zip",
                "AsyncOperation": "true",
                "MaxAsyncWaitTime": "240",
                "HoldingSolution": "false",
                "OverwriteUnmanagedCustomizations": "true",
                "PublishWorkflows": "true",
                "SkipProductUpdateDependencies": "false"
              }
            },
            {
              "environment": {},
              "taskId": "8b20c2bb-05ed-47ce-a620-88cc78629d0f",
              "version": "0.*",
              "name": "PowerApps Publish Customizations ",
              "refName": "",
              "enabled": true,
              "alwaysRun": false,
              "continueOnError": false,
              "timeoutInMinutes": 0,
              "retryCountOnTaskFailure": 0,
              "definitionType": "task",
              "overrideInputs": {},
              "condition": "succeeded()",
              "inputs": {
                "PowerAppsEnvironment": "1cb05757-1af9-4a4c-b074-c547074fa6b9"
              }
            }
          ]
        }
      ],
      "environmentOptions": {
        "emailNotificationType": "OnlyOnFailure",
        "emailRecipients": "release.environment.owner;release.creator",
        "skipArtifactsDownload": false,
        "timeoutInMinutes": 0,
        "enableAccessToken": false,
        "publishDeploymentStatus": true,
        "badgeEnabled": false,
        "autoLinkWorkItems": false,
        "pullRequestDeploymentEnabled": false
      },
      "demands": [],
      "conditions": [
        {
          "name": "QA",
          "conditionType": "environmentState",
          "value": "4",
          "result": null
        }
      ],
      "executionPolicy": {
        "concurrencyCount": 1,
        "queueDepthCount": 0
      },
      "schedules": [],
      "currentRelease": {
        "id": 0,
        "url": "https://vsrm.dev.azure.com/MGB-DEV/1fae89f5-0dca-4497-b0cd-8a16794a4eef/_apis/Release/releases/0",
        "_links": {}
      },
      "retentionPolicy": {
        "daysToKeep": 30,
        "releasesToKeep": 3,
        "retainBuild": true
      },
      "processParameters": {},
      "properties": {
        "BoardsEnvironmentType": {
          "$type": "System.String",
          "$value": "testing"
        },
        "LinkBoardsWorkItems": {
          "$type": "System.String",
          "$value": "False"
        }
      },
      "preDeploymentGates": {
        "id": 0,
        "gatesOptions": null,
        "gates": []
      },
      "postDeploymentGates": {
        "id": 0,
        "gatesOptions": null,
        "gates": []
      },
      "environmentTriggers": [],
      "badgeUrl": ""
    },
    {
      "id": 4,
      "name": "Prod",
      "rank": 3,
      "owner": {
        "displayName": "$OwnerDisplayName$",
        "url": "",
        "_links": "{}",
        "id": "$OwnerId$",
        "uniqueName": "$OwnerUniqueName$",
        "imageUrl": "",
        "descriptor": ""
      },
      "variables": {},
      "variableGroups": [],
      "preDeployApprovals": {
        "approvals": [
          {
            "rank": 1,
            "isAutomated": true,
            "isNotificationOn": false,
            "id": 8
          }
        ],
        "approvalOptions": {
          "requiredApproverCount": null,
          "releaseCreatorCanBeApprover": false,
          "autoTriggeredAndPreviousEnvironmentApprovedCanBeSkipped": false,
          "enforceIdentityRevalidation": false,
          "timeoutInMinutes": 0,
          "executionOrder": "beforeGates"
        }
      },
      "deployStep": {
        "id": 9
      },
      "postDeployApprovals": {
        "approvals": [
          {
            "rank": 1,
            "isAutomated": true,
            "isNotificationOn": false,
            "id": 13
          }
        ],
        "approvalOptions": {
          "requiredApproverCount": null,
          "releaseCreatorCanBeApprover": false,
          "autoTriggeredAndPreviousEnvironmentApprovedCanBeSkipped": false,
          "enforceIdentityRevalidation": false,
          "timeoutInMinutes": 0,
          "executionOrder": "afterSuccessfulGates"
        }
      },
      "deployPhases": [
        {
          "deploymentInput": {
            "parallelExecution": {
              "parallelExecutionType": "none"
            },
            "agentSpecification": {
              "identifier": "vs2017-win2016"
            },
            "skipArtifactsDownload": false,
            "artifactsDownloadInput": {
              "downloadInputs": []
            },
            "queueId": "$Azure Pipelines$",
            "demands": [],
            "enableAccessToken": false,
            "timeoutInMinutes": 0,
            "jobCancelTimeoutInMinutes": 1,
            "condition": "succeeded()",
            "overrideInputs": {}
          },
          "rank": 1,
          "phaseType": "agentBasedDeployment",
          "name": "Agent job",
          "refName": null,
          "workflowTasks": [
            {
              "environment": {},
              "taskId": "70e9ed60-670f-11e9-be16-a150d2ff01e4",
              "version": "0.*",
              "name": "PowerApps Tool Installer ",
              "refName": "",
              "enabled": true,
              "alwaysRun": false,
              "continueOnError": false,
              "timeoutInMinutes": 0,
              "retryCountOnTaskFailure": 0,
              "definitionType": "task",
              "overrideInputs": {},
              "condition": "succeeded()",
              "inputs": {
                "XrmOnlineManagementApiVersion": "1.1.0.9060",
                "XrmToolingCrmConnectorVersion": "3.3.0.862",
                "XrmToolingPackageDeploymentVersion": "3.3.0.862",
                "MicrosoftPowerAppsCheckerVersion": "1.0.2",
                "CrmSdkCoreToolsVersion": "9.1.0.17"
              }
            },
            {
              "environment": {},
              "taskId": "33c63b11-352b-45a2-ba1b-54cb568a29ca",
              "version": "0.*",
              "name": "Use Python 3.8",
              "refName": "",
              "enabled": true,
              "alwaysRun": false,
              "continueOnError": false,
              "timeoutInMinutes": 0,
              "retryCountOnTaskFailure": 0,
              "definitionType": "task",
              "overrideInputs": {},
              "condition": "succeeded()",
              "inputs": {
                "versionSpec": "3.8",
                "addToPath": "true",
                "architecture": "x64"
              }
            },
            {
              "environment": {},
              "taskId": "d9bafed4-0b18-4f58-968d-86655b4d2ce9",
              "version": "2.*",
              "name": "Git clone util",
              "refName": "",
              "enabled": true,
              "alwaysRun": false,
              "continueOnError": false,
              "timeoutInMinutes": 0,
              "retryCountOnTaskFailure": 0,
              "definitionType": "task",
              "overrideInputs": {},
              "condition": "succeeded()",
              "inputs": {
                "script": "git clone https://$(GitUserName):$(GitPassword)@dev.azure.com/SQACAG-ADO/DEMO-CMMI/_git/PPM-HIP PPM-HIP\n\necho $(Build.RequestedFor)",
                "workingDirectory": "",
                "failOnStderr": "false"
              }
            },
            {
              "environment": {},
              "taskId": "6392f95f-7e76-4a18-b3c7-7f078d2f7700",
              "version": "0.*",
              "name": "Run a Python script",
              "refName": "",
              "enabled": true,
              "alwaysRun": false,
              "continueOnError": false,
              "timeoutInMinutes": 0,
              "retryCountOnTaskFailure": 0,
              "definitionType": "task",
              "overrideInputs": {},
              "condition": "succeeded()",
              "inputs": {
                "scriptSource": "filePath",
                "scriptPath": "PPM-HIP/util/src/main/python/patchConnections.py ",
                "script": "",
                "arguments": "--temp-dir $(Agent.TempDirectory) --error-action ignore  qa-$(User) $(System.DefaultWorkingDirectory)/Build/drop/SMSConversation_managed.zip $(System.DefaultWorkingDirectory)/Build/drop/SMSConversation_managed_updated.zip",
                "pythonInterpreter": "",
                "workingDirectory": "",
                "failOnStderr": "false"
              }
            },
            {
              "environment": {},
              "taskId": "9f15c5c5-3882-4d37-af7d-8a42a406002a",
              "version": "0.*",
              "name": "PowerApps Import Solution ",
              "refName": "",
              "enabled": true,
              "alwaysRun": false,
              "continueOnError": false,
              "timeoutInMinutes": 0,
              "retryCountOnTaskFailure": 0,
              "definitionType": "task",
              "overrideInputs": {},
              "condition": "succeeded()",
              "inputs": {
                "PowerAppsEnvironment": "1cb05757-1af9-4a4c-b074-c547074fa6b9",
                "SolutionInputFile": "$(System.DefaultWorkingDirectory)/Build/drop/SMSConversation_managed_updated.zip",
                "AsyncOperation": "true",
                "MaxAsyncWaitTime": "240",
                "HoldingSolution": "false",
                "OverwriteUnmanagedCustomizations": "true",
                "PublishWorkflows": "true",
                "SkipProductUpdateDependencies": "false"
              }
            },
            {
              "environment": {},
              "taskId": "8b20c2bb-05ed-47ce-a620-88cc78629d0f",
              "version": "0.*",
              "name": "PowerApps Publish Customizations ",
              "refName": "",
              "enabled": true,
              "alwaysRun": false,
              "continueOnError": false,
              "timeoutInMinutes": 0,
              "retryCountOnTaskFailure": 0,
              "definitionType": "task",
              "overrideInputs": {},
              "condition": "succeeded()",
              "inputs": {
                "PowerAppsEnvironment": "1cb05757-1af9-4a4c-b074-c547074fa6b9"
              }
            }
          ]
        }
      ],
      "environmentOptions": {
        "emailNotificationType": "OnlyOnFailure",
        "emailRecipients": "release.environment.owner;release.creator",
        "skipArtifactsDownload": false,
        "timeoutInMinutes": 0,
        "enableAccessToken": false,
        "publishDeploymentStatus": true,
        "badgeEnabled": false,
        "autoLinkWorkItems": false,
        "pullRequestDeploymentEnabled": false
      },
      "demands": [],
      "conditions": [
        {
          "name": "Test",
          "conditionType": "environmentState",
          "value": "4",
          "result": null
        }
      ],
      "executionPolicy": {
        "concurrencyCount": 1,
        "queueDepthCount": 0
      },
      "schedules": [],
      "currentRelease": {
        "id": 0,
        "url": "https://vsrm.dev.azure.com/MGB-DEV/1fae89f5-0dca-4497-b0cd-8a16794a4eef/_apis/Release/releases/0",
        "_links": {}
      },
      "retentionPolicy": {
        "daysToKeep": 30,
        "releasesToKeep": 3,
        "retainBuild": true
      },
      "processParameters": {},
      "properties": {
        "BoardsEnvironmentType": {
          "$type": "System.String",
          "$value": "testing"
        },
        "LinkBoardsWorkItems": {
          "$type": "System.String",
          "$value": "False"
        }
      },
      "preDeploymentGates": {
        "id": 0,
        "gatesOptions": null,
        "gates": []
      },
      "postDeploymentGates": {
        "id": 0,
        "gatesOptions": null,
        "gates": []
      },
      "environmentTriggers": [],
      "badgeUrl": ""
    }
  ],
  "artifacts": [
    {
      "sourceId": "$ProjectId$:$Build Managed Solution-id$",
      "type": "Build",
      "alias": "Build",
      "definitionReference": {
        "artifactSourceDefinitionUrl": "{}",
        "defaultVersionBranch": {
          "id": "",
          "name": ""
        },
        "defaultVersionSpecific": {
          "id": "",
          "name": ""
        },
        "defaultVersionTags": {
          "id": "",
          "name": ""
        },
        "defaultVersionType": {
          "id": "latestType",
          "name": "Latest"
        },
        "definition": {
          "id": "$Build Managed Solution-id$",
          "name": "Build Managed Solution"
        },
        "definitions": {
          "id": "",
          "name": ""
        },
        "IsMultiDefinitionType": {
          "id": "False",
          "name": "False"
        },
        "project": {
          "id": "$ProjectId$",
          "name": "$ProjectName$"
        },
        "repository": {
          "id": "",
          "name": ""
        }
      },
      "isPrimary": true,
      "isRetained": false
    }
  ],
  "triggers": [
    {
      "artifactAlias": "Build",
      "triggerConditions": [
        {
          "sourceBranch": "",
          "tags": [
            "\"Release*\""
          ],
          "tagFilter": null,
          "useBuildDefinitionBranch": false,
          "createReleaseOnBuildTagging": true
        }
      ],
      "triggerType": "artifactSource"
    }
  ],
  "releaseNameFormat": "Release-$(rev:r)",
  "tags": [],
  "properties": {
    "DefinitionCreationSource": {
      "$type": "System.String",
      "$value": "ReleaseClone"
    },
    "IntegrateBoardsWorkItems": {
      "$type": "System.String",
      "$value": "False"
    },
    "IntegrateJiraWorkItems": {
      "$type": "System.String",
      "$value": "false"
    }
  },
  "id": "",
  "name": "Release To Higher Environment",
  "path": "\\",
  "projectReference": null,
  "url": "",
  "_links": "{}"
}