{
  "count": 21,
  "value": [
    {
      "id": 129,
      "rev": 3,
      "fields": {
        "System.AreaPath": "$ProjectName$\\PPM-HIP",
        "System.TeamProject": "DEMO-CMMI",
        "System.IterationPath": "$ProjectName$\\PPM-HIP\\Version 1.0\\Sprint 1",
        "System.WorkItemType": "Bug",
        "System.State": "Active",
        "System.Reason": "Investigate",
        "System.CreatedDate": "2019-11-13T00:10:03.55Z",
        "System.CreatedBy": "Kapasakalidis, Panagiotis <pkapasakalidis@mgb.org>",
        "System.ChangedDate": "2019-11-13T00:50:40.813Z",
        "System.ChangedBy": "Kapasakalidis, Panagiotis <pkapasakalidis@mgb.org>",
        "System.Title": "Frame feature create test failure",
        "Microsoft.VSTS.Scheduling.Effort": 0.0,
        "System.Description": null,
        "System.AssignedTo": "John St. Laurent <JJSTLAURENT@PARTNERS.ORG>",
        "Microsoft.VSTS.Scheduling.RemainingWork": 0.0,
        "Microsoft.VSTS.Common.Priority": 2.0,
        "System.BoardLane": null,
        "System.Tags": null,
        "Microsoft.VSTS.TCM.Steps": null,
        "Microsoft.VSTS.TCM.Parameters": null,
        "Microsoft.VSTS.TCM.LocalDataSource": null,
        "Microsoft.VSTS.TCM.AutomationStatus": null,
        "System.History": null
      },
      "relations": [
        {
          "rel": "Microsoft.VSTS.Common.TestedBy-Forward",
          "url": "https://dev.azure.com/MGB-DEV/_apis/wit/workItems/140",
          "attributes": {
            "isLocked": "false",
            "name": "Tested By"
          }
        }
      ],
      "url": "https://dev.azure.com/MGB-DEV/_apis/wit/workItems/129"
    },
    {
      "id": 560,
      "rev": 1,
      "fields": {
        "System.AreaPath": "$ProjectName$\\PeC",
        "System.TeamProject": "DEMO-CMMI",
        "System.IterationPath": "$ProjectName$\\PeC",
        "System.WorkItemType": "Bug",
        "System.State": "Proposed",
        "System.Reason": "New",
        "System.CreatedDate": "2020-01-28T14:43:18.18Z",
        "System.CreatedBy": "Jessie Macasaquit <jmacasaquit@partners.org>",
        "System.ChangedDate": "2020-01-28T14:43:18.18Z",
        "System.ChangedBy": "Jessie Macasaquit <jmacasaquit@partners.org>",
        "System.Title": "Step 6 of 010 MGH 234 failed",
        "Microsoft.VSTS.Scheduling.Effort": 0.0,
        "System.Description": null,
        "System.AssignedTo": "Jessie Macasaquit <jmacasaquit@partners.org>",
        "Microsoft.VSTS.Scheduling.RemainingWork": 0.0,
        "Microsoft.VSTS.Common.Priority": 2.0,
        "System.BoardLane": null,
        "System.Tags": null,
        "Microsoft.VSTS.TCM.Steps": null,
        "Microsoft.VSTS.TCM.Parameters": null,
        "Microsoft.VSTS.TCM.LocalDataSource": null,
        "Microsoft.VSTS.TCM.AutomationStatus": null,
        "System.History": null
      },
      "relations": [
        {
          "rel": "System.LinkTypes.Related",
          "url": "https://dev.azure.com/MGB-DEV/_apis/wit/workItems/553",
          "attributes": {
            "isLocked": "false",
            "name": "Related"
          }
        },
        {
          "rel": "Microsoft.VSTS.Common.TestedBy-Forward",
          "url": "https://dev.azure.com/MGB-DEV/_apis/wit/workItems/554",
          "attributes": {
            "isLocked": "false",
            "name": "Tested By"
          }
        },
        {
          "rel": "ArtifactLink",
          "url": "vstfs:///TestManagement/TcmResult/78.100000",
          "attributes": {
            "authorizedDate": "2020-01-28T14:43:18.18Z",
            "id": "3596620",
            "resourceCreatedDate": "2020-01-28T14:43:18.18Z",
            "resourceModifiedDate": "2020-01-28T14:43:18.18Z",
            "revisedDate": "9999-01-01T00:00:00Z",
            "name": "Test Result"
          }
        }
      ],
      "url": "https://dev.azure.com/MGB-DEV/_apis/wit/workItems/560"
    },
    {
      "id": 631,
      "rev": 5,
      "fields": {
        "System.AreaPath": "$ProjectName$\\PeC",
        "System.TeamProject": "DEMO-CMMI",
        "System.IterationPath": "$ProjectName$\\PeC",
        "System.WorkItemType": "Bug",
        "System.State": "Closed",
        "System.Reason": "Verified",
        "System.CreatedDate": "2020-03-19T18:54:31.203Z",
        "System.CreatedBy": "Kapasakalidis, Panagiotis <pkapasakalidis@mgb.org>",
        "System.ChangedDate": "2020-05-15T17:28:02.377Z",
        "System.ChangedBy": "Patel, Shailesh <SPATEL44@PARTNERS.ORG>",
        "System.Title": "Demo failed",
        "Microsoft.VSTS.Scheduling.Effort": 0.0,
        "System.Description": null,
        "System.AssignedTo": "Paul Burke <PBURKE15@PARTNERS.ORG>",
        "Microsoft.VSTS.Scheduling.RemainingWork": 0.0,
        "Microsoft.VSTS.Common.Priority": 2.0,
        "System.BoardLane": null,
        "System.Tags": null,
        "Microsoft.VSTS.TCM.Steps": null,
        "Microsoft.VSTS.TCM.Parameters": null,
        "Microsoft.VSTS.TCM.LocalDataSource": null,
        "Microsoft.VSTS.TCM.AutomationStatus": null,
        "System.History": null
      },
      "relations": [
        {
          "rel": "Microsoft.VSTS.Common.TestedBy-Forward",
          "url": "https://dev.azure.com/MGB-DEV/_apis/wit/workItems/556",
          "attributes": {
            "isLocked": "false",
            "name": "Tested By"
          }
        },
        {
          "rel": "System.LinkTypes.Related",
          "url": "https://dev.azure.com/MGB-DEV/_apis/wit/workItems/553",
          "attributes": {
            "isLocked": "false",
            "name": "Related"
          }
        },
        {
          "rel": "ArtifactLink",
          "url": "vstfs:///TestManagement/TcmResult/92.100000",
          "attributes": {
            "authorizedDate": "2020-03-19T18:54:31.203Z",
            "id": "3620851",
            "resourceCreatedDate": "2020-03-19T18:54:31.203Z",
            "resourceModifiedDate": "2020-03-19T18:54:31.203Z",
            "revisedDate": "9999-01-01T00:00:00Z",
            "name": "Test Result"
          }
        },
        {
          "rel": "ArtifactLink",
          "url": "vstfs:///TestManagement/TcmResultAttachment/92.100000.6",
          "attributes": {
            "authorizedDate": "2020-03-19T18:54:50.387Z",
            "id": "3620854",
            "resourceCreatedDate": "2020-03-19T18:54:50.387Z",
            "resourceModifiedDate": "2020-03-19T18:54:50.387Z",
            "revisedDate": "9999-01-01T00:00:00Z",
            "name": "Result Attachment"
          }
        },
        {
          "rel": "ArtifactLink",
          "url": "vstfs:///TestManagement/TcmResultAttachment/92.100000.4",
          "attributes": {
            "authorizedDate": "2020-03-19T18:54:31.203Z",
            "id": "3620852",
            "resourceCreatedDate": "2020-03-19T18:54:31.203Z",
            "resourceModifiedDate": "2020-03-19T18:54:31.203Z",
            "revisedDate": "9999-01-01T00:00:00Z",
            "comment": "Screenshot-2020-03-19T18-52-08.095Z.png",
            "name": "Result Attachment"
          }
        }
      ],
      "url": "https://dev.azure.com/MGB-DEV/_apis/wit/workItems/631"
    },
    {
      "id": 125322,
      "rev": 10,
      "fields": {
        "System.AreaPath": "$ProjectName$\\PeC\\Interface\\Clinical\\123 this interface",
        "System.TeamProject": "DEMO-CMMI",
        "System.IterationPath": "$ProjectName$\\PeC",
        "System.WorkItemType": "Bug",
        "System.State": "Closed",
        "System.Reason": "Verified",
        "System.CreatedDate": "2020-06-01T14:53:54.85Z",
        "System.CreatedBy": "Jessie Macasaquit <jmacasaquit@partners.org>",
        "System.ChangedDate": "2020-06-01T15:59:29.247Z",
        "System.ChangedBy": "Jessie Macasaquit <jmacasaquit@partners.org>",
        "System.Title": "this is a bug!",
        "Microsoft.VSTS.Scheduling.Effort": 0.0,
        "System.Description": null,
        "System.AssignedTo": "Jessie Macasaquit <jmacasaquit@partners.org>",
        "Microsoft.VSTS.Scheduling.RemainingWork": 0.0,
        "Microsoft.VSTS.Common.Priority": 2.0,
        "System.BoardLane": null,
        "System.Tags": null,
        "Microsoft.VSTS.TCM.Steps": null,
        "Microsoft.VSTS.TCM.Parameters": null,
        "Microsoft.VSTS.TCM.LocalDataSource": null,
        "Microsoft.VSTS.TCM.AutomationStatus": null,
        "System.History": null
      },
      "relations": [
        {
          "rel": "System.LinkTypes.Related",
          "url": "https://dev.azure.com/MGB-DEV/_apis/wit/workItems/125307",
          "attributes": {
            "isLocked": "false",
            "name": "Related"
          }
        },
        {
          "rel": "AttachedFile",
          "url": "https://dev.azure.com/MGB-DEV/_apis/wit/attachments/7edb4e9a-a5d8-4475-aa61-a97caf6bd914",
          "attributes": {
            "authorizedDate": "2020-06-01T15:43:37.303Z",
            "id": "3665870",
            "resourceCreatedDate": "2020-06-01T15:43:33.267Z",
            "resourceModifiedDate": "2020-05-27T17:22:41.237Z",
            "revisedDate": "9999-01-01T00:00:00Z",
            "resourceSize": "526806",
            "name": "cad2.png"
          }
        },
        {
          "rel": "ArtifactLink",
          "url": "vstfs:///TestManagement/TcmResult/162.100000",
          "attributes": {
            "authorizedDate": "2020-06-01T14:53:54.85Z",
            "id": "3665822",
            "resourceCreatedDate": "2020-06-01T14:53:54.85Z",
            "resourceModifiedDate": "2020-06-01T14:53:54.85Z",
            "revisedDate": "9999-01-01T00:00:00Z",
            "name": "Test Result"
          }
        }
      ],
      "url": "https://dev.azure.com/MGB-DEV/_apis/wit/workItems/125322"
    },
    {
      "id": 127580,
      "rev": 7,
      "fields": {
        "System.AreaPath": "$ProjectName$\\PeC",
        "System.TeamProject": "DEMO-CMMI",
        "System.IterationPath": "DEMO-CMMI",
        "System.WorkItemType": "Bug",
        "System.State": "Active",
        "System.Reason": "Closed in Error",
        "System.CreatedDate": "2020-06-01T19:37:15.95Z",
        "System.CreatedBy": "Amy Barrett <AJBARRETT@PARTNERS.ORG>",
        "System.ChangedDate": "2020-06-01T20:10:33.407Z",
        "System.ChangedBy": "Amy Barrett <AJBARRETT@PARTNERS.ORG>",
        "System.Title": "AJB Test Bug CMMI",
        "Microsoft.VSTS.Scheduling.Effort": 0.0,
        "System.Description": null,
        "System.AssignedTo": "Amy Barrett <AJBARRETT@PARTNERS.ORG>",
        "Microsoft.VSTS.Scheduling.RemainingWork": 0.0,
        "Microsoft.VSTS.Common.Priority": 2.0,
        "System.BoardLane": null,
        "System.Tags": null,
        "Microsoft.VSTS.TCM.Steps": null,
        "Microsoft.VSTS.TCM.Parameters": null,
        "Microsoft.VSTS.TCM.LocalDataSource": null,
        "Microsoft.VSTS.TCM.AutomationStatus": null,
        "System.History": "<div><a href=\"#\" data-vss-mention=\"version:2.0,c26da63c-815a-6488-9755-1b25b6f81848\">@Amy Barrett</a>&nbsp;did you get this email.</div>"
      },
      "relations": [
        {
          "rel": "Microsoft.VSTS.Common.TestedBy-Forward",
          "url": "https://dev.azure.com/MGB-DEV/_apis/wit/workItems/125341",
          "attributes": {
            "isLocked": "false",
            "name": "Tested By"
          }
        },
        {
          "rel": "AttachedFile",
          "url": "https://dev.azure.com/MGB-DEV/_apis/wit/attachments/0bb76a3a-e2ea-46d1-995c-4b6b238ecb1c",
          "attributes": {
            "authorizedDate": "2020-06-01T19:39:17.503Z",
            "id": "3666150",
            "resourceCreatedDate": "2020-06-01T19:38:37.623Z",
            "resourceModifiedDate": "2020-05-28T13:30:55.777Z",
            "revisedDate": "9999-01-01T00:00:00Z",
            "resourceSize": "11848",
            "name": "ADO TEST BUG.docx"
          }
        }
      ],
      "url": "https://dev.azure.com/MGB-DEV/_apis/wit/workItems/127580"
    },
    {
      "id": 133129,
      "rev": 2,
      "fields": {
        "System.AreaPath": "DEMO-CMMI",
        "System.TeamProject": "DEMO-CMMI",
        "System.IterationPath": "DEMO-CMMI",
        "System.WorkItemType": "Bug",
        "System.State": "Closed",
        "System.Reason": "Rejected",
        "System.CreatedDate": "2020-06-01T21:11:31.707Z",
        "System.CreatedBy": "Gaines, Garry D. <ggaines@partners.org>",
        "System.ChangedDate": "2020-06-01T21:11:42.07Z",
        "System.ChangedBy": "Gaines, Garry D. <ggaines@partners.org>",
        "System.Title": "Garry's Bug",
        "Microsoft.VSTS.Scheduling.Effort": 0.0,
        "System.Description": null,
        "System.AssignedTo": "Gaines, Garry D. <ggaines@partners.org>",
        "Microsoft.VSTS.Scheduling.RemainingWork": 0.0,
        "Microsoft.VSTS.Common.Priority": 2.0,
        "System.BoardLane": null,
        "System.Tags": null,
        "Microsoft.VSTS.TCM.Steps": null,
        "Microsoft.VSTS.TCM.Parameters": null,
        "Microsoft.VSTS.TCM.LocalDataSource": null,
        "Microsoft.VSTS.TCM.AutomationStatus": null,
        "System.History": null
      },
      "relations": null,
      "url": "https://dev.azure.com/MGB-DEV/_apis/wit/workItems/133129"
    },
    {
      "id": 133453,
      "rev": 4,
      "fields": {
        "System.AreaPath": "DEMO-CMMI",
        "System.TeamProject": "DEMO-CMMI",
        "System.IterationPath": "DEMO-CMMI",
        "System.WorkItemType": "Bug",
        "System.State": "Active",
        "System.Reason": "Not fixed",
        "System.CreatedDate": "2020-06-01T21:17:08.47Z",
        "System.CreatedBy": "Gaines, Garry D. <ggaines@partners.org>",
        "System.ChangedDate": "2020-06-01T21:18:45.17Z",
        "System.ChangedBy": "Gaines, Garry D. <ggaines@partners.org>",
        "System.Title": "Garry's Bug 2",
        "Microsoft.VSTS.Scheduling.Effort": 0.0,
        "System.Description": null,
        "System.AssignedTo": "Gaines, Garry D. <ggaines@partners.org>",
        "Microsoft.VSTS.Scheduling.RemainingWork": 0.0,
        "Microsoft.VSTS.Common.Priority": 2.0,
        "System.BoardLane": null,
        "System.Tags": null,
        "Microsoft.VSTS.TCM.Steps": null,
        "Microsoft.VSTS.TCM.Parameters": null,
        "Microsoft.VSTS.TCM.LocalDataSource": null,
        "Microsoft.VSTS.TCM.AutomationStatus": null,
        "System.History": null
      },
      "relations": [
        {
          "rel": "System.LinkTypes.Hierarchy-Forward",
          "url": "https://dev.azure.com/MGB-DEV/_apis/wit/workItems/133199",
          "attributes": {
            "isLocked": "false",
            "name": "Child"
          }
        }
      ],
      "url": "https://dev.azure.com/MGB-DEV/_apis/wit/workItems/133453"
    },
    {
      "id": 133802,
      "rev": 4,
      "fields": {
        "System.AreaPath": "$ProjectName$\\PeC",
        "System.TeamProject": "DEMO-CMMI",
        "System.IterationPath": "$ProjectName$\\PeC",
        "System.WorkItemType": "Bug",
        "System.State": "Closed",
        "System.Reason": "Verified",
        "System.CreatedDate": "2020-06-02T12:57:39.763Z",
        "System.CreatedBy": "Jessie Macasaquit <jmacasaquit@partners.org>",
        "System.ChangedDate": "2020-06-02T12:58:14.06Z",
        "System.ChangedBy": "Jessie Macasaquit <jmacasaquit@partners.org>",
        "System.Title": "another bug",
        "Microsoft.VSTS.Scheduling.Effort": 0.0,
        "System.Description": null,
        "System.AssignedTo": "Jessie Macasaquit <jmacasaquit@partners.org>",
        "Microsoft.VSTS.Scheduling.RemainingWork": 0.0,
        "Microsoft.VSTS.Common.Priority": 2.0,
        "System.BoardLane": null,
        "System.Tags": null,
        "Microsoft.VSTS.TCM.Steps": null,
        "Microsoft.VSTS.TCM.Parameters": null,
        "Microsoft.VSTS.TCM.LocalDataSource": null,
        "Microsoft.VSTS.TCM.AutomationStatus": null,
        "System.History": null
      },
      "relations": [
        {
          "rel": "Microsoft.VSTS.Common.TestedBy-Forward",
          "url": "https://dev.azure.com/MGB-DEV/_apis/wit/workItems/555",
          "attributes": {
            "isLocked": "false",
            "name": "Tested By"
          }
        },
        {
          "rel": "System.LinkTypes.Related",
          "url": "https://dev.azure.com/MGB-DEV/_apis/wit/workItems/553",
          "attributes": {
            "isLocked": "false",
            "name": "Related"
          }
        },
        {
          "rel": "ArtifactLink",
          "url": "vstfs:///TestManagement/TcmResult/170.100000",
          "attributes": {
            "authorizedDate": "2020-06-02T12:57:39.763Z",
            "id": "3666642",
            "resourceCreatedDate": "2020-06-02T12:57:39.763Z",
            "resourceModifiedDate": "2020-06-02T12:57:39.763Z",
            "revisedDate": "9999-01-01T00:00:00Z",
            "name": "Test Result"
          }
        }
      ],
      "url": "https://dev.azure.com/MGB-DEV/_apis/wit/workItems/133802"
    },
    {
      "id": 133804,
      "rev": 6,
      "fields": {
        "System.AreaPath": "DEMO-CMMI",
        "System.TeamProject": "DEMO-CMMI",
        "System.IterationPath": "DEMO-CMMI",
        "System.WorkItemType": "Bug",
        "System.State": "Closed",
        "System.Reason": "Verified",
        "System.CreatedDate": "2020-06-02T13:23:25.58Z",
        "System.CreatedBy": "Corvese, Danielle Morrison <DCORVESE@PARTNERS.ORG>",
        "System.ChangedDate": "2020-06-02T18:18:39.47Z",
        "System.ChangedBy": "Corvese, Danielle Morrison <DCORVESE@PARTNERS.ORG>",
        "System.Title": "Test Bug",
        "Microsoft.VSTS.Scheduling.Effort": 0.0,
        "System.Description": null,
        "System.AssignedTo": "Corvese, Danielle Morrison <DCORVESE@PARTNERS.ORG>",
        "Microsoft.VSTS.Scheduling.RemainingWork": 0.0,
        "Microsoft.VSTS.Common.Priority": 2.0,
        "System.BoardLane": null,
        "System.Tags": null,
        "Microsoft.VSTS.TCM.Steps": null,
        "Microsoft.VSTS.TCM.Parameters": null,
        "Microsoft.VSTS.TCM.LocalDataSource": null,
        "Microsoft.VSTS.TCM.AutomationStatus": null,
        "System.History": null
      },
      "relations": [
        {
          "rel": "Microsoft.VSTS.Common.TestedBy-Forward",
          "url": "https://dev.azure.com/MGB-DEV/_apis/wit/workItems/133803",
          "attributes": {
            "isLocked": "false",
            "name": "Tested By"
          }
        },
        {
          "rel": "System.LinkTypes.Related",
          "url": "https://dev.azure.com/MGB-DEV/_apis/wit/workItems/125315",
          "attributes": {
            "isLocked": "false",
            "name": "Related"
          }
        },
        {
          "rel": "AttachedFile",
          "url": "https://dev.azure.com/MGB-DEV/_apis/wit/attachments/b95a69c2-98bb-48d4-b51b-ba5280927c51",
          "attributes": {
            "authorizedDate": "2020-06-02T13:32:55.5Z",
            "id": "3666670",
            "resourceCreatedDate": "2020-06-02T13:32:50.143Z",
            "resourceModifiedDate": "2020-06-01T14:55:05.063Z",
            "revisedDate": "9999-01-01T00:00:00Z",
            "resourceSize": "44530",
            "name": "Add test case.PNG"
          }
        }
      ],
      "url": "https://dev.azure.com/MGB-DEV/_apis/wit/workItems/133804"
    },
    {
      "id": 133824,
      "rev": 6,
      "fields": {
        "System.AreaPath": "DEMO-CMMI",
        "System.TeamProject": "DEMO-CMMI",
        "System.IterationPath": "DEMO-CMMI",
        "System.WorkItemType": "Bug",
        "System.State": "Active",
        "System.Reason": "Closed in Error",
        "System.CreatedDate": "2020-06-02T16:26:53.13Z",
        "System.CreatedBy": "Joassaint, Christo <cjoassaint@mgb.org>",
        "System.ChangedDate": "2020-06-02T17:10:59.433Z",
        "System.ChangedBy": "Joassaint, Christo <cjoassaint@mgb.org>",
        "System.Title": "Test bug 123",
        "Microsoft.VSTS.Scheduling.Effort": 0.0,
        "System.Description": null,
        "System.AssignedTo": "Joassaint, Christo <cjoassaint@mgb.org>",
        "Microsoft.VSTS.Scheduling.RemainingWork": 0.0,
        "Microsoft.VSTS.Common.Priority": 2.0,
        "System.BoardLane": null,
        "System.Tags": null,
        "Microsoft.VSTS.TCM.Steps": null,
        "Microsoft.VSTS.TCM.Parameters": null,
        "Microsoft.VSTS.TCM.LocalDataSource": null,
        "Microsoft.VSTS.TCM.AutomationStatus": null,
        "System.History": null
      },
      "relations": [
        {
          "rel": "AttachedFile",
          "url": "https://dev.azure.com/MGB-DEV/_apis/wit/attachments/3adfe8d9-706f-4a3a-9b63-76d3b414ee76",
          "attributes": {
            "authorizedDate": "2020-06-02T16:30:35.263Z",
            "id": "3666927",
            "resourceCreatedDate": "2020-06-02T16:28:21.553Z",
            "resourceModifiedDate": "2017-10-16T15:49:16.523Z",
            "revisedDate": "9999-01-01T00:00:00Z",
            "resourceSize": "13401521",
            "name": "Configuring the Epic End User ClinDoc.pdf"
          }
        },
        {
          "rel": "ArtifactLink",
          "url": "vstfs:///TestManagement/TcmResult/190.100000",
          "attributes": {
            "authorizedDate": "2020-06-02T16:26:53.13Z",
            "id": "3666922",
            "resourceCreatedDate": "2020-06-02T16:26:53.13Z",
            "resourceModifiedDate": "2020-06-02T16:26:53.13Z",
            "revisedDate": "9999-01-01T00:00:00Z",
            "name": "Test Result"
          }
        }
      ],
      "url": "https://dev.azure.com/MGB-DEV/_apis/wit/workItems/133824"
    },
    {
      "id": 164259,
      "rev": 2,
      "fields": {
        "System.AreaPath": "DEMO-CMMI",
        "System.TeamProject": "DEMO-CMMI",
        "System.IterationPath": "$ProjectName$\\PPM-HIP",
        "System.WorkItemType": "Bug",
        "System.State": "Proposed",
        "System.Reason": "New",
        "System.CreatedDate": "2020-11-20T19:43:42.11Z",
        "System.CreatedBy": "Jolin, Ian W. <ijolin@mgb.org>",
        "System.ChangedDate": "2020-11-20T19:43:43.043Z",
        "System.ChangedBy": "Jolin, Ian W. <ijolin@mgb.org>",
        "System.Title": "This is a bug",
        "Microsoft.VSTS.Scheduling.Effort": 0.0,
        "System.Description": null,
        "System.AssignedTo": "Jolin, Ian W. <ijolin@mgb.org>",
        "Microsoft.VSTS.Scheduling.RemainingWork": 0.0,
        "Microsoft.VSTS.Common.Priority": 2.0,
        "System.BoardLane": null,
        "System.Tags": null,
        "Microsoft.VSTS.TCM.Steps": null,
        "Microsoft.VSTS.TCM.Parameters": null,
        "Microsoft.VSTS.TCM.LocalDataSource": null,
        "Microsoft.VSTS.TCM.AutomationStatus": null,
        "System.History": null
      },
      "relations": [
        {
          "rel": "Microsoft.VSTS.Common.TestedBy-Forward",
          "url": "https://dev.azure.com/MGB-DEV/_apis/wit/workItems/227",
          "attributes": {
            "isLocked": "false",
            "name": "Tested By"
          }
        },
        {
          "rel": "ArtifactLink",
          "url": "vstfs:///TestManagement/TcmResultAttachment/244.100000.8",
          "attributes": {
            "authorizedDate": "2020-11-20T19:43:43.043Z",
            "id": "3826488",
            "resourceCreatedDate": "2020-11-20T19:43:43.043Z",
            "resourceModifiedDate": "2020-11-20T19:43:43.043Z",
            "revisedDate": "9999-01-01T00:00:00Z",
            "name": "Result Attachment"
          }
        },
        {
          "rel": "ArtifactLink",
          "url": "vstfs:///TestManagement/TcmResult/244.100000",
          "attributes": {
            "authorizedDate": "2020-11-20T19:43:42.11Z",
            "id": "3826487",
            "resourceCreatedDate": "2020-11-20T19:43:42.11Z",
            "resourceModifiedDate": "2020-11-20T19:43:42.11Z",
            "revisedDate": "9999-01-01T00:00:00Z",
            "name": "Test Result"
          }
        }
      ],
      "url": "https://dev.azure.com/MGB-DEV/_apis/wit/workItems/164259"
    },
    {
      "id": 164265,
      "rev": 2,
      "fields": {
        "System.AreaPath": "$ProjectName$\\PPM-HIP",
        "System.TeamProject": "DEMO-CMMI",
        "System.IterationPath": "$ProjectName$\\PPM-HIP\\Version 1.0\\Sprint 1",
        "System.WorkItemType": "Bug",
        "System.State": "Proposed",
        "System.Reason": "New",
        "System.CreatedDate": "2020-11-20T19:51:57.34Z",
        "System.CreatedBy": "Jolin, Ian W. <ijolin@mgb.org>",
        "System.ChangedDate": "2020-11-20T19:51:57.943Z",
        "System.ChangedBy": "Jolin, Ian W. <ijolin@mgb.org>",
        "System.Title": "Bug 12345",
        "Microsoft.VSTS.Scheduling.Effort": 0.0,
        "System.Description": null,
        "System.AssignedTo": "Jolin, Ian W. <ijolin@mgb.org>",
        "Microsoft.VSTS.Scheduling.RemainingWork": 0.0,
        "Microsoft.VSTS.Common.Priority": 2.0,
        "System.BoardLane": null,
        "System.Tags": null,
        "Microsoft.VSTS.TCM.Steps": null,
        "Microsoft.VSTS.TCM.Parameters": null,
        "Microsoft.VSTS.TCM.LocalDataSource": null,
        "Microsoft.VSTS.TCM.AutomationStatus": null,
        "System.History": null
      },
      "relations": [
        {
          "rel": "System.LinkTypes.Related",
          "url": "https://dev.azure.com/MGB-DEV/_apis/wit/workItems/40",
          "attributes": {
            "isLocked": "false",
            "name": "Related"
          }
        },
        {
          "rel": "Microsoft.VSTS.Common.TestedBy-Forward",
          "url": "https://dev.azure.com/MGB-DEV/_apis/wit/workItems/139",
          "attributes": {
            "isLocked": "false",
            "name": "Tested By"
          }
        },
        {
          "rel": "ArtifactLink",
          "url": "vstfs:///TestManagement/TcmResult/254.100000",
          "attributes": {
            "authorizedDate": "2020-11-20T19:51:57.34Z",
            "id": "3826501",
            "resourceCreatedDate": "2020-11-20T19:51:57.34Z",
            "resourceModifiedDate": "2020-11-20T19:51:57.34Z",
            "revisedDate": "9999-01-01T00:00:00Z",
            "name": "Test Result"
          }
        },
        {
          "rel": "ArtifactLink",
          "url": "vstfs:///TestManagement/TcmResultAttachment/254.100000.10",
          "attributes": {
            "authorizedDate": "2020-11-20T19:51:57.943Z",
            "id": "3826502",
            "resourceCreatedDate": "2020-11-20T19:51:57.943Z",
            "resourceModifiedDate": "2020-11-20T19:51:57.943Z",
            "revisedDate": "9999-01-01T00:00:00Z",
            "name": "Result Attachment"
          }
        }
      ],
      "url": "https://dev.azure.com/MGB-DEV/_apis/wit/workItems/164265"
    },
    {
      "id": 164266,
      "rev": 2,
      "fields": {
        "System.AreaPath": "$ProjectName$\\PPM-HIP",
        "System.TeamProject": "DEMO-CMMI",
        "System.IterationPath": "$ProjectName$\\PPM-HIP\\Version 1.0\\Sprint 1",
        "System.WorkItemType": "Bug",
        "System.State": "Proposed",
        "System.Reason": "New",
        "System.CreatedDate": "2020-11-20T19:54:00.24Z",
        "System.CreatedBy": "Jolin, Ian W. <ijolin@mgb.org>",
        "System.ChangedDate": "2020-11-20T19:54:15.18Z",
        "System.ChangedBy": "Jolin, Ian W. <ijolin@mgb.org>",
        "System.Title": "This is my bug",
        "Microsoft.VSTS.Scheduling.Effort": 0.0,
        "System.Description": null,
        "System.AssignedTo": "Jolin, Ian W. <ijolin@mgb.org>",
        "Microsoft.VSTS.Scheduling.RemainingWork": 0.0,
        "Microsoft.VSTS.Common.Priority": 2.0,
        "System.BoardLane": null,
        "System.Tags": null,
        "Microsoft.VSTS.TCM.Steps": null,
        "Microsoft.VSTS.TCM.Parameters": null,
        "Microsoft.VSTS.TCM.LocalDataSource": null,
        "Microsoft.VSTS.TCM.AutomationStatus": null,
        "System.History": null
      },
      "relations": [
        {
          "rel": "System.LinkTypes.Related",
          "url": "https://dev.azure.com/MGB-DEV/_apis/wit/workItems/40",
          "attributes": {
            "isLocked": "false",
            "name": "Related"
          }
        },
        {
          "rel": "Microsoft.VSTS.Common.TestedBy-Forward",
          "url": "https://dev.azure.com/MGB-DEV/_apis/wit/workItems/139",
          "attributes": {
            "isLocked": "false",
            "name": "Tested By"
          }
        },
        {
          "rel": "ArtifactLink",
          "url": "vstfs:///TestManagement/TcmResultAttachment/256.100000.12",
          "attributes": {
            "authorizedDate": "2020-11-20T19:54:15.18Z",
            "id": "3826511",
            "resourceCreatedDate": "2020-11-20T19:54:15.18Z",
            "resourceModifiedDate": "2020-11-20T19:54:15.18Z",
            "revisedDate": "9999-01-01T00:00:00Z",
            "name": "Result Attachment"
          }
        },
        {
          "rel": "ArtifactLink",
          "url": "vstfs:///TestManagement/TcmResult/256.100000",
          "attributes": {
            "authorizedDate": "2020-11-20T19:54:00.24Z",
            "id": "3826510",
            "resourceCreatedDate": "2020-11-20T19:54:00.24Z",
            "resourceModifiedDate": "2020-11-20T19:54:00.24Z",
            "revisedDate": "9999-01-01T00:00:00Z",
            "name": "Test Result"
          }
        }
      ],
      "url": "https://dev.azure.com/MGB-DEV/_apis/wit/workItems/164266"
    },
    {
      "id": 238078,
      "rev": 13,
      "fields": {
        "System.AreaPath": "$ProjectName$\\Demo Project",
        "System.TeamProject": "DEMO-CMMI",
        "System.IterationPath": "$ProjectName$\\Demo Project\\JAN",
        "System.WorkItemType": "Bug",
        "System.State": "Active",
        "System.Reason": "Not fixed",
        "System.CreatedDate": "2021-04-02T17:24:09.763Z",
        "System.CreatedBy": "Jolin, Ian W. <ijolin@mgb.org>",
        "System.ChangedDate": "2023-12-26T19:06:17.02Z",
        "System.ChangedBy": "Jolin, Ian W. <ijolin@mgb.org>",
        "System.Title": "This is Broke",
        "Microsoft.VSTS.Scheduling.Effort": 0.0,
        "System.Description": null,
        "System.AssignedTo": "Jolin, Ian W. <ijolin@mgb.org>",
        "Microsoft.VSTS.Scheduling.RemainingWork": 0.0,
        "Microsoft.VSTS.Common.Priority": 2.0,
        "System.BoardLane": null,
        "System.Tags": null,
        "Microsoft.VSTS.TCM.Steps": null,
        "Microsoft.VSTS.TCM.Parameters": null,
        "Microsoft.VSTS.TCM.LocalDataSource": null,
        "Microsoft.VSTS.TCM.AutomationStatus": null,
        "System.History": null
      },
      "relations": [
        {
          "rel": "System.LinkTypes.Hierarchy-Forward",
          "url": "https://dev.azure.com/MGB-DEV/_apis/wit/workItems/256686",
          "attributes": {
            "isLocked": "false",
            "name": "Child"
          }
        },
        {
          "rel": "System.LinkTypes.Hierarchy-Forward",
          "url": "https://dev.azure.com/MGB-DEV/_apis/wit/workItems/238098",
          "attributes": {
            "isLocked": "false",
            "name": "Child"
          }
        },
        {
          "rel": "System.LinkTypes.Hierarchy-Forward",
          "url": "https://dev.azure.com/MGB-DEV/_apis/wit/workItems/257037",
          "attributes": {
            "isLocked": "false",
            "name": "Child"
          }
        },
        {
          "rel": "System.LinkTypes.Hierarchy-Reverse",
          "url": "https://dev.azure.com/MGB-DEV/_apis/wit/workItems/573",
          "attributes": {
            "isLocked": "false",
            "name": "Parent"
          }
        }
      ],
      "url": "https://dev.azure.com/MGB-DEV/_apis/wit/workItems/238078"
    },
    {
      "id": 257061,
      "rev": 10,
      "fields": {
        "System.AreaPath": "$ProjectName$\\Demo Project",
        "System.TeamProject": "DEMO-CMMI",
        "System.IterationPath": "$ProjectName$\\Demo Project\\JAN",
        "System.WorkItemType": "Bug",
        "System.State": "Active",
        "System.Reason": "Approved",
        "System.CreatedDate": "2023-06-23T13:35:21.137Z",
        "System.CreatedBy": "Jolin, Ian W. <ijolin@mgb.org>",
        "System.ChangedDate": "2023-12-26T19:06:52.813Z",
        "System.ChangedBy": "Jolin, Ian W. <ijolin@mgb.org>",
        "System.Title": "New Bug",
        "Microsoft.VSTS.Scheduling.Effort": 0.0,
        "System.Description": null,
        "System.AssignedTo": "Jolin, Ian W. <ijolin@mgb.org>",
        "Microsoft.VSTS.Scheduling.RemainingWork": 0.0,
        "Microsoft.VSTS.Common.Priority": 2.0,
        "System.BoardLane": null,
        "System.Tags": null,
        "Microsoft.VSTS.TCM.Steps": null,
        "Microsoft.VSTS.TCM.Parameters": null,
        "Microsoft.VSTS.TCM.LocalDataSource": null,
        "Microsoft.VSTS.TCM.AutomationStatus": null,
        "System.History": null
      },
      "relations": [
        {
          "rel": "System.LinkTypes.Hierarchy-Reverse",
          "url": "https://dev.azure.com/MGB-DEV/_apis/wit/workItems/573",
          "attributes": {
            "isLocked": "false",
            "name": "Parent"
          }
        },
        {
          "rel": "System.LinkTypes.Hierarchy-Forward",
          "url": "https://dev.azure.com/MGB-DEV/_apis/wit/workItems/256687",
          "attributes": {
            "isLocked": "false",
            "name": "Child"
          }
        }
      ],
      "url": "https://dev.azure.com/MGB-DEV/_apis/wit/workItems/257061"
    },
    {
      "id": 257390,
      "rev": 2,
      "fields": {
        "System.AreaPath": "$ProjectName$\\Demo Project",
        "System.TeamProject": "DEMO-CMMI",
        "System.IterationPath": "$ProjectName$\\Demo Project\\JAN",
        "System.WorkItemType": "Bug",
        "System.State": "Proposed",
        "System.Reason": "New",
        "System.CreatedDate": "2024-01-04T18:26:12.72Z",
        "System.CreatedBy": "Jolin, Ian W. <ijolin@mgb.org>",
        "System.ChangedDate": "2024-01-04T18:26:18.23Z",
        "System.ChangedBy": "Jolin, Ian W. <ijolin@mgb.org>",
        "System.Title": "Provider can not be assigned",
        "Microsoft.VSTS.Scheduling.Effort": 0.0,
        "System.Description": null,
        "System.AssignedTo": "Jolin, Ian W. <ijolin@mgb.org>",
        "Microsoft.VSTS.Scheduling.RemainingWork": 0.0,
        "Microsoft.VSTS.Common.Priority": 2.0,
        "System.BoardLane": null,
        "System.Tags": null,
        "Microsoft.VSTS.TCM.Steps": null,
        "Microsoft.VSTS.TCM.Parameters": null,
        "Microsoft.VSTS.TCM.LocalDataSource": null,
        "Microsoft.VSTS.TCM.AutomationStatus": null,
        "System.History": null
      },
      "relations": [
        {
          "rel": "Microsoft.VSTS.Common.TestedBy-Forward",
          "url": "https://dev.azure.com/MGB-DEV/_apis/wit/workItems/257172",
          "attributes": {
            "isLocked": "false",
            "name": "Tested By"
          }
        },
        {
          "rel": "System.LinkTypes.Related",
          "url": "https://dev.azure.com/MGB-DEV/_apis/wit/workItems/257237",
          "attributes": {
            "isLocked": "false",
            "name": "Related"
          }
        },
        {
          "rel": "ArtifactLink",
          "url": "vstfs:///TestManagement/TcmResult/591.100002",
          "attributes": {
            "authorizedDate": "2024-01-04T18:26:12.72Z",
            "id": "5741872",
            "resourceCreatedDate": "2024-01-04T18:26:12.72Z",
            "resourceModifiedDate": "2024-01-04T18:26:12.72Z",
            "revisedDate": "9999-01-01T00:00:00Z",
            "name": "Test Result"
          }
        }
      ],
      "url": "https://dev.azure.com/MGB-DEV/_apis/wit/workItems/257390"
    },
    {
      "id": 257391,
      "rev": 1,
      "fields": {
        "System.AreaPath": "$ProjectName$\\Demo Project",
        "System.TeamProject": "DEMO-CMMI",
        "System.IterationPath": "$ProjectName$\\Demo Project\\JAN",
        "System.WorkItemType": "Bug",
        "System.State": "Proposed",
        "System.Reason": "New",
        "System.CreatedDate": "2024-01-04T18:28:20.71Z",
        "System.CreatedBy": "Jolin, Ian W. <ijolin@mgb.org>",
        "System.ChangedDate": "2024-01-04T18:28:20.71Z",
        "System.ChangedBy": "Jolin, Ian W. <ijolin@mgb.org>",
        "System.Title": "Unable to generate an appointment via the provided link",
        "Microsoft.VSTS.Scheduling.Effort": 0.0,
        "System.Description": null,
        "System.AssignedTo": "Jolin, Ian W. <ijolin@mgb.org>",
        "Microsoft.VSTS.Scheduling.RemainingWork": 0.0,
        "Microsoft.VSTS.Common.Priority": 2.0,
        "System.BoardLane": null,
        "System.Tags": null,
        "Microsoft.VSTS.TCM.Steps": null,
        "Microsoft.VSTS.TCM.Parameters": null,
        "Microsoft.VSTS.TCM.LocalDataSource": null,
        "Microsoft.VSTS.TCM.AutomationStatus": null,
        "System.History": null
      },
      "relations": [
        {
          "rel": "System.LinkTypes.Related",
          "url": "https://dev.azure.com/MGB-DEV/_apis/wit/workItems/257252",
          "attributes": {
            "isLocked": "false",
            "name": "Related"
          }
        },
        {
          "rel": "Microsoft.VSTS.Common.TestedBy-Forward",
          "url": "https://dev.azure.com/MGB-DEV/_apis/wit/workItems/257173",
          "attributes": {
            "isLocked": "false",
            "name": "Tested By"
          }
        },
        {
          "rel": "ArtifactLink",
          "url": "vstfs:///TestManagement/TcmResult/594.100003",
          "attributes": {
            "authorizedDate": "2024-01-04T18:28:20.71Z",
            "id": "5741877",
            "resourceCreatedDate": "2024-01-04T18:28:20.71Z",
            "resourceModifiedDate": "2024-01-04T18:28:20.71Z",
            "revisedDate": "9999-01-01T00:00:00Z",
            "name": "Test Result"
          }
        }
      ],
      "url": "https://dev.azure.com/MGB-DEV/_apis/wit/workItems/257391"
    },
    {
      "id": 257397,
      "rev": 1,
      "fields": {
        "System.AreaPath": "$ProjectName$\\Demo Project",
        "System.TeamProject": "DEMO-CMMI",
        "System.IterationPath": "$ProjectName$\\Demo Project\\JAN",
        "System.WorkItemType": "Bug",
        "System.State": "Proposed",
        "System.Reason": "New",
        "System.CreatedDate": "2024-01-04T18:32:10.68Z",
        "System.CreatedBy": "Jolin, Ian W. <ijolin@mgb.org>",
        "System.ChangedDate": "2024-01-04T18:32:10.68Z",
        "System.ChangedBy": "Jolin, Ian W. <ijolin@mgb.org>",
        "System.Title": "Unable to create a patient because the new patient button does not respond",
        "Microsoft.VSTS.Scheduling.Effort": 0.0,
        "System.Description": null,
        "System.AssignedTo": "Jolin, Ian W. <ijolin@mgb.org>",
        "Microsoft.VSTS.Scheduling.RemainingWork": 0.0,
        "Microsoft.VSTS.Common.Priority": 2.0,
        "System.BoardLane": null,
        "System.Tags": null,
        "Microsoft.VSTS.TCM.Steps": null,
        "Microsoft.VSTS.TCM.Parameters": null,
        "Microsoft.VSTS.TCM.LocalDataSource": null,
        "Microsoft.VSTS.TCM.AutomationStatus": null,
        "System.History": null
      },
      "relations": [
        {
          "rel": "Microsoft.VSTS.Common.TestedBy-Forward",
          "url": "https://dev.azure.com/MGB-DEV/_apis/wit/workItems/257171",
          "attributes": {
            "isLocked": "false",
            "name": "Tested By"
          }
        },
        {
          "rel": "System.LinkTypes.Related",
          "url": "https://dev.azure.com/MGB-DEV/_apis/wit/workItems/257247",
          "attributes": {
            "isLocked": "false",
            "name": "Related"
          }
        },
        {
          "rel": "ArtifactLink",
          "url": "vstfs:///TestManagement/TcmResult/596.100001",
          "attributes": {
            "authorizedDate": "2024-01-04T18:32:10.68Z",
            "id": "5741885",
            "resourceCreatedDate": "2024-01-04T18:32:10.68Z",
            "resourceModifiedDate": "2024-01-04T18:32:10.68Z",
            "revisedDate": "9999-01-01T00:00:00Z",
            "name": "Test Result"
          }
        }
      ],
      "url": "https://dev.azure.com/MGB-DEV/_apis/wit/workItems/257397"
    },
    {
      "id": 257402,
      "rev": 1,
      "fields": {
        "System.AreaPath": "$ProjectName$\\RECOVER-i2b2 Team",
        "System.TeamProject": "DEMO-CMMI",
        "System.IterationPath": "DEMO-CMMI",
        "System.WorkItemType": "Bug",
        "System.State": "Proposed",
        "System.Reason": "New",
        "System.CreatedDate": "2024-01-31T19:01:01.133Z",
        "System.CreatedBy": "Allan Harris <ajharris@mgb.org>",
        "System.ChangedDate": "2024-01-31T19:01:01.133Z",
        "System.ChangedBy": "Allan Harris <ajharris@mgb.org>",
        "System.Title": "Test Bug 1",
        "Microsoft.VSTS.Scheduling.Effort": 0.0,
        "System.Description": null,
        "System.AssignedTo": "Allan Harris <ajharris@mgb.org>",
        "Microsoft.VSTS.Scheduling.RemainingWork": 0.0,
        "Microsoft.VSTS.Common.Priority": 2.0,
        "System.BoardLane": null,
        "System.Tags": null,
        "Microsoft.VSTS.TCM.Steps": null,
        "Microsoft.VSTS.TCM.Parameters": null,
        "Microsoft.VSTS.TCM.LocalDataSource": null,
        "Microsoft.VSTS.TCM.AutomationStatus": null,
        "System.History": null
      },
      "relations": [
        {
          "rel": "Microsoft.VSTS.Common.Affects-Forward",
          "url": "https://dev.azure.com/MGB-DEV/_apis/wit/workItems/257400",
          "attributes": {
            "isLocked": "false",
            "name": "Affects"
          }
        }
      ],
      "url": "https://dev.azure.com/MGB-DEV/_apis/wit/workItems/257402"
    },
    {
      "id": 257411,
      "rev": 1,
      "fields": {
        "System.AreaPath": "$ProjectName$\\Demo Project",
        "System.TeamProject": "DEMO-CMMI",
        "System.IterationPath": "$ProjectName$\\Demo Project\\FEB",
        "System.WorkItemType": "Bug",
        "System.State": "Proposed",
        "System.Reason": "New",
        "System.CreatedDate": "2024-02-06T16:51:00.877Z",
        "System.CreatedBy": "Jolin, Ian W. <ijolin@mgb.org>",
        "System.ChangedDate": "2024-02-06T16:51:00.877Z",
        "System.ChangedBy": "Jolin, Ian W. <ijolin@mgb.org>",
        "System.Title": "Did not Change",
        "Microsoft.VSTS.Scheduling.Effort": 0.0,
        "System.Description": null,
        "System.AssignedTo": "Jolin, Ian W. <ijolin@mgb.org>",
        "Microsoft.VSTS.Scheduling.RemainingWork": 0.0,
        "Microsoft.VSTS.Common.Priority": 2.0,
        "System.BoardLane": null,
        "System.Tags": null,
        "Microsoft.VSTS.TCM.Steps": null,
        "Microsoft.VSTS.TCM.Parameters": null,
        "Microsoft.VSTS.TCM.LocalDataSource": null,
        "Microsoft.VSTS.TCM.AutomationStatus": null,
        "System.History": null
      },
      "relations": [
        {
          "rel": "Microsoft.VSTS.Common.TestedBy-Forward",
          "url": "https://dev.azure.com/MGB-DEV/_apis/wit/workItems/257170",
          "attributes": {
            "isLocked": "false",
            "name": "Tested By"
          }
        },
        {
          "rel": "System.LinkTypes.Related",
          "url": "https://dev.azure.com/MGB-DEV/_apis/wit/workItems/257237",
          "attributes": {
            "isLocked": "false",
            "name": "Related"
          }
        },
        {
          "rel": "ArtifactLink",
          "url": "vstfs:///TestManagement/TcmResult/600.100000",
          "attributes": {
            "authorizedDate": "2024-02-06T16:51:00.877Z",
            "id": "5818873",
            "resourceCreatedDate": "2024-02-06T16:51:00.877Z",
            "resourceModifiedDate": "2024-02-06T16:51:00.877Z",
            "revisedDate": "9999-01-01T00:00:00Z",
            "name": "Test Result"
          }
        }
      ],
      "url": "https://dev.azure.com/MGB-DEV/_apis/wit/workItems/257411"
    },
    {
      "id": 257416,
      "rev": 1,
      "fields": {
        "System.AreaPath": "$ProjectName$\\Demo Project",
        "System.TeamProject": "DEMO-CMMI",
        "System.IterationPath": "$ProjectName$\\Demo Project\\JAN",
        "System.WorkItemType": "Bug",
        "System.State": "Proposed",
        "System.Reason": "New",
        "System.CreatedDate": "2024-02-06T18:44:46.277Z",
        "System.CreatedBy": "Jolin, Ian W. <ijolin@mgb.org>",
        "System.ChangedDate": "2024-02-06T18:44:46.277Z",
        "System.ChangedBy": "Jolin, Ian W. <ijolin@mgb.org>",
        "System.Title": "New Bug 1",
        "Microsoft.VSTS.Scheduling.Effort": 0.0,
        "System.Description": null,
        "System.AssignedTo": "Jolin, Ian W. <ijolin@mgb.org>",
        "Microsoft.VSTS.Scheduling.RemainingWork": 0.0,
        "Microsoft.VSTS.Common.Priority": 2.0,
        "System.BoardLane": null,
        "System.Tags": null,
        "Microsoft.VSTS.TCM.Steps": null,
        "Microsoft.VSTS.TCM.Parameters": null,
        "Microsoft.VSTS.TCM.LocalDataSource": null,
        "Microsoft.VSTS.TCM.AutomationStatus": null,
        "System.History": null
      },
      "relations": [
        {
          "rel": "System.LinkTypes.Related",
          "url": "https://dev.azure.com/MGB-DEV/_apis/wit/workItems/257242",
          "attributes": {
            "isLocked": "false",
            "name": "Related"
          }
        },
        {
          "rel": "Microsoft.VSTS.Common.TestedBy-Forward",
          "url": "https://dev.azure.com/MGB-DEV/_apis/wit/workItems/257170",
          "attributes": {
            "isLocked": "false",
            "name": "Tested By"
          }
        },
        {
          "rel": "ArtifactLink",
          "url": "vstfs:///TestManagement/TcmResult/601.100000",
          "attributes": {
            "authorizedDate": "2024-02-06T18:44:46.277Z",
            "id": "5819266",
            "resourceCreatedDate": "2024-02-06T18:44:46.277Z",
            "resourceModifiedDate": "2024-02-06T18:44:46.277Z",
            "revisedDate": "9999-01-01T00:00:00Z",
            "name": "Test Result"
          }
        }
      ],
      "url": "https://dev.azure.com/MGB-DEV/_apis/wit/workItems/257416"
    }
  ],
  "HttpStatusCode": 0,
  "Message": null
}