{
  "count": 1,
  "value": [
    {
      "id": 244932,
      "rev": 4,
      "fields": {
        "System.AreaPath": "$ProjectName$\\Change Management",
        "System.TeamProject": "DEMO-CMMI",
        "System.IterationPath": "$ProjectName$\\Change Management\\ADO-2021.09",
        "System.WorkItemType": "Change Request",
        "System.State": "Active",
        "System.Reason": "Accepted",
        "System.CreatedDate": "2021-10-26T17:32:19.703Z",
        "System.CreatedBy": "Kapasakalidis, Panagiotis <pkapasakalidis@mgb.org>",
        "System.ChangedDate": "2021-10-26T17:42:08.42Z",
        "System.ChangedBy": "Kapasakalidis, Panagiotis <pkapasakalidis@mgb.org>",
        "System.Title": "Test CR for Retro",
        "Microsoft.VSTS.Scheduling.Effort": 0.0,
        "System.Description": null,
        "System.AssignedTo": "Kapasakalidis, Panagiotis <pkapasakalidis@mgb.org>",
        "Microsoft.VSTS.Scheduling.RemainingWork": 0.0,
        "Microsoft.VSTS.Common.Priority": 2.0,
        "System.BoardLane": null,
        "System.Tags": null,
        "Microsoft.VSTS.TCM.Steps": null,
        "Microsoft.VSTS.TCM.Parameters": null,
        "Microsoft.VSTS.TCM.LocalDataSource": null,
        "Microsoft.VSTS.TCM.AutomationStatus": null,
        "System.History": null
      },
      "relations": null,
      "url": "https://dev.azure.com/MGB-DEV/_apis/wit/workItems/244932"
    }
  ],
  "HttpStatusCode": 0,
  "Message": null
}