{
  "count": 24,
  "value": [
    {
      "id": 130,
      "rev": 8,
      "fields": {
        "System.AreaPath": "$ProjectName$\\PPM-HIP",
        "System.TeamProject": "DEMO-CMMI",
        "System.IterationPath": "$ProjectName$\\PPM-HIP",
        "System.WorkItemType": "Epic",
        "System.State": "Closed",
        "System.Reason": "Split",
        "System.CreatedDate": "2019-11-13T00:10:45.84Z",
        "System.CreatedBy": "Kapasakalidis, Panagiotis <pkapasakalidis@mgb.org>",
        "System.ChangedDate": "2022-12-07T16:35:59.877Z",
        "System.ChangedBy": "Mburu, Bart Henya <bmburu1@partners.org>",
        "System.Title": "Ordering",
        "Microsoft.VSTS.Scheduling.Effort": 0.0,
        "System.Description": null,
        "System.AssignedTo": "Eugene Clark <ehclark@mgb.org>",
        "Microsoft.VSTS.Scheduling.RemainingWork": 0.0,
        "Microsoft.VSTS.Common.Priority": 1.0,
        "System.BoardLane": null,
        "System.Tags": null,
        "Microsoft.VSTS.TCM.Steps": null,
        "Microsoft.VSTS.TCM.Parameters": null,
        "Microsoft.VSTS.TCM.LocalDataSource": null,
        "Microsoft.VSTS.TCM.AutomationStatus": null,
        "System.History": null
      },
      "relations": [
        {
          "rel": "System.LinkTypes.Hierarchy-Forward",
          "url": "https://dev.azure.com/MGB-DEV/_apis/wit/workItems/76",
          "attributes": {
            "isLocked": "false",
            "name": "Child"
          }
        },
        {
          "rel": "System.LinkTypes.Hierarchy-Forward",
          "url": "https://dev.azure.com/MGB-DEV/_apis/wit/workItems/86",
          "attributes": {
            "isLocked": "false",
            "name": "Child"
          }
        },
        {
          "rel": "System.LinkTypes.Hierarchy-Forward",
          "url": "https://dev.azure.com/MGB-DEV/_apis/wit/workItems/82",
          "attributes": {
            "isLocked": "false",
            "name": "Child"
          }
        },
        {
          "rel": "System.LinkTypes.Hierarchy-Forward",
          "url": "https://dev.azure.com/MGB-DEV/_apis/wit/workItems/39",
          "attributes": {
            "isLocked": "false",
            "name": "Child"
          }
        },
        {
          "rel": "ArtifactLink",
          "url": "vstfs:///Git/Commit/1fae89f5-0dca-4497-b0cd-8a16794a4eef%2f0be2b275-2954-4f2e-9473-0dbeca21dcbe%2f823b39588f9f2fcb929e6298efb4617c2ee6f092",
          "attributes": {
            "authorizedDate": "2022-12-07T16:35:59.877Z",
            "id": "4906658",
            "resourceCreatedDate": "2022-12-07T16:35:59.877Z",
            "resourceModifiedDate": "2022-12-07T16:35:59.877Z",
            "revisedDate": "9999-01-01T00:00:00Z",
            "name": "Fixed in Commit"
          }
        }
      ],
      "url": "https://dev.azure.com/MGB-DEV/_apis/wit/workItems/130"
    },
    {
      "id": 131,
      "rev": 6,
      "fields": {
        "System.AreaPath": "$ProjectName$\\PPM-HIP",
        "System.TeamProject": "DEMO-CMMI",
        "System.IterationPath": "$ProjectName$\\PPM-HIP",
        "System.WorkItemType": "Epic",
        "System.State": "Active",
        "System.Reason": "Investigate",
        "System.CreatedDate": "2019-11-13T00:10:45.84Z",
        "System.CreatedBy": "Kapasakalidis, Panagiotis <pkapasakalidis@mgb.org>",
        "System.ChangedDate": "2022-12-07T16:35:59.877Z",
        "System.ChangedBy": "Mburu, Bart Henya <bmburu1@partners.org>",
        "System.Title": "Fulfillment",
        "Microsoft.VSTS.Scheduling.Effort": 0.0,
        "System.Description": null,
        "System.AssignedTo": "Eugene Clark <ehclark@mgb.org>",
        "Microsoft.VSTS.Scheduling.RemainingWork": 0.0,
        "Microsoft.VSTS.Common.Priority": 1.0,
        "System.BoardLane": null,
        "System.Tags": null,
        "Microsoft.VSTS.TCM.Steps": null,
        "Microsoft.VSTS.TCM.Parameters": null,
        "Microsoft.VSTS.TCM.LocalDataSource": null,
        "Microsoft.VSTS.TCM.AutomationStatus": null,
        "System.History": null
      },
      "relations": [
        {
          "rel": "System.LinkTypes.Hierarchy-Forward",
          "url": "https://dev.azure.com/MGB-DEV/_apis/wit/workItems/92",
          "attributes": {
            "isLocked": "false",
            "name": "Child"
          }
        },
        {
          "rel": "System.LinkTypes.Hierarchy-Forward",
          "url": "https://dev.azure.com/MGB-DEV/_apis/wit/workItems/99",
          "attributes": {
            "isLocked": "false",
            "name": "Child"
          }
        },
        {
          "rel": "System.LinkTypes.Hierarchy-Forward",
          "url": "https://dev.azure.com/MGB-DEV/_apis/wit/workItems/95",
          "attributes": {
            "isLocked": "false",
            "name": "Child"
          }
        },
        {
          "rel": "ArtifactLink",
          "url": "vstfs:///Git/Commit/1fae89f5-0dca-4497-b0cd-8a16794a4eef%2f0be2b275-2954-4f2e-9473-0dbeca21dcbe%2f823b39588f9f2fcb929e6298efb4617c2ee6f092",
          "attributes": {
            "authorizedDate": "2022-12-07T16:35:59.877Z",
            "id": "4906659",
            "resourceCreatedDate": "2022-12-07T16:35:59.877Z",
            "resourceModifiedDate": "2022-12-07T16:35:59.877Z",
            "revisedDate": "9999-01-01T00:00:00Z",
            "name": "Fixed in Commit"
          }
        }
      ],
      "url": "https://dev.azure.com/MGB-DEV/_apis/wit/workItems/131"
    },
    {
      "id": 132,
      "rev": 5,
      "fields": {
        "System.AreaPath": "$ProjectName$\\PPM-HIP",
        "System.TeamProject": "DEMO-CMMI",
        "System.IterationPath": "$ProjectName$\\PPM-HIP",
        "System.WorkItemType": "Epic",
        "System.State": "Active",
        "System.Reason": "Investigate",
        "System.CreatedDate": "2019-11-13T00:10:45.84Z",
        "System.CreatedBy": "Kapasakalidis, Panagiotis <pkapasakalidis@mgb.org>",
        "System.ChangedDate": "2019-11-16T17:22:38.943Z",
        "System.ChangedBy": "Kapasakalidis, Panagiotis <pkapasakalidis@mgb.org>",
        "System.Title": "User Management",
        "Microsoft.VSTS.Scheduling.Effort": 0.0,
        "System.Description": null,
        "System.AssignedTo": "Eugene Clark <ehclark@mgb.org>",
        "Microsoft.VSTS.Scheduling.RemainingWork": 0.0,
        "Microsoft.VSTS.Common.Priority": 1.0,
        "System.BoardLane": null,
        "System.Tags": null,
        "Microsoft.VSTS.TCM.Steps": null,
        "Microsoft.VSTS.TCM.Parameters": null,
        "Microsoft.VSTS.TCM.LocalDataSource": null,
        "Microsoft.VSTS.TCM.AutomationStatus": null,
        "System.History": null
      },
      "relations": [
        {
          "rel": "System.LinkTypes.Hierarchy-Forward",
          "url": "https://dev.azure.com/MGB-DEV/_apis/wit/workItems/106",
          "attributes": {
            "isLocked": "false",
            "name": "Child"
          }
        },
        {
          "rel": "System.LinkTypes.Hierarchy-Forward",
          "url": "https://dev.azure.com/MGB-DEV/_apis/wit/workItems/102",
          "attributes": {
            "isLocked": "false",
            "name": "Child"
          }
        },
        {
          "rel": "System.LinkTypes.Hierarchy-Forward",
          "url": "https://dev.azure.com/MGB-DEV/_apis/wit/workItems/110",
          "attributes": {
            "isLocked": "false",
            "name": "Child"
          }
        }
      ],
      "url": "https://dev.azure.com/MGB-DEV/_apis/wit/workItems/132"
    },
    {
      "id": 133,
      "rev": 5,
      "fields": {
        "System.AreaPath": "$ProjectName$\\PPM-HIP",
        "System.TeamProject": "DEMO-CMMI",
        "System.IterationPath": "$ProjectName$\\PPM-HIP",
        "System.WorkItemType": "Epic",
        "System.State": "Active",
        "System.Reason": "Investigate",
        "System.CreatedDate": "2019-11-13T00:10:45.84Z",
        "System.CreatedBy": "Kapasakalidis, Panagiotis <pkapasakalidis@mgb.org>",
        "System.ChangedDate": "2019-11-16T17:20:24.097Z",
        "System.ChangedBy": "Kapasakalidis, Panagiotis <pkapasakalidis@mgb.org>",
        "System.Title": "DevOps",
        "Microsoft.VSTS.Scheduling.Effort": 0.0,
        "System.Description": null,
        "System.AssignedTo": "Eugene Clark <ehclark@mgb.org>",
        "Microsoft.VSTS.Scheduling.RemainingWork": 0.0,
        "Microsoft.VSTS.Common.Priority": 1.0,
        "System.BoardLane": null,
        "System.Tags": null,
        "Microsoft.VSTS.TCM.Steps": null,
        "Microsoft.VSTS.TCM.Parameters": null,
        "Microsoft.VSTS.TCM.LocalDataSource": null,
        "Microsoft.VSTS.TCM.AutomationStatus": null,
        "System.History": null
      },
      "relations": [
        {
          "rel": "System.LinkTypes.Hierarchy-Forward",
          "url": "https://dev.azure.com/MGB-DEV/_apis/wit/workItems/115",
          "attributes": {
            "isLocked": "false",
            "name": "Child"
          }
        },
        {
          "rel": "System.LinkTypes.Hierarchy-Forward",
          "url": "https://dev.azure.com/MGB-DEV/_apis/wit/workItems/114",
          "attributes": {
            "isLocked": "false",
            "name": "Child"
          }
        }
      ],
      "url": "https://dev.azure.com/MGB-DEV/_apis/wit/workItems/133"
    },
    {
      "id": 568,
      "rev": 7,
      "fields": {
        "System.AreaPath": "$ProjectName$\\Demo Project",
        "System.TeamProject": "DEMO-CMMI",
        "System.IterationPath": "$ProjectName$\\Demo Project\\MAY",
        "System.WorkItemType": "Epic",
        "System.State": "Active",
        "System.Reason": "Accepted",
        "System.CreatedDate": "2020-02-03T19:47:50.77Z",
        "System.CreatedBy": "Jolin, Ian W. <ijolin@mgb.org>",
        "System.ChangedDate": "2021-04-06T16:52:02.897Z",
        "System.ChangedBy": "Jolin, Ian W. <ijolin@mgb.org>",
        "System.Title": "Demo Project Web Site",
        "Microsoft.VSTS.Scheduling.Effort": 0.0,
        "System.Description": null,
        "System.AssignedTo": "Jolin, Ian W. <ijolin@mgb.org>",
        "Microsoft.VSTS.Scheduling.RemainingWork": 0.0,
        "Microsoft.VSTS.Common.Priority": 2.0,
        "System.BoardLane": null,
        "System.Tags": null,
        "Microsoft.VSTS.TCM.Steps": null,
        "Microsoft.VSTS.TCM.Parameters": null,
        "Microsoft.VSTS.TCM.LocalDataSource": null,
        "Microsoft.VSTS.TCM.AutomationStatus": null,
        "System.History": null
      },
      "relations": [
        {
          "rel": "System.LinkTypes.Hierarchy-Forward",
          "url": "https://dev.azure.com/MGB-DEV/_apis/wit/workItems/571",
          "attributes": {
            "isLocked": "false",
            "name": "Child"
          }
        },
        {
          "rel": "System.LinkTypes.Hierarchy-Forward",
          "url": "https://dev.azure.com/MGB-DEV/_apis/wit/workItems/573",
          "attributes": {
            "isLocked": "false",
            "name": "Child"
          }
        },
        {
          "rel": "System.LinkTypes.Hierarchy-Forward",
          "url": "https://dev.azure.com/MGB-DEV/_apis/wit/workItems/570",
          "attributes": {
            "isLocked": "false",
            "name": "Child"
          }
        },
        {
          "rel": "System.LinkTypes.Hierarchy-Forward",
          "url": "https://dev.azure.com/MGB-DEV/_apis/wit/workItems/572",
          "attributes": {
            "isLocked": "false",
            "name": "Child"
          }
        }
      ],
      "url": "https://dev.azure.com/MGB-DEV/_apis/wit/workItems/568"
    },
    {
      "id": 238087,
      "rev": 4,
      "fields": {
        "System.AreaPath": "$ProjectName$\\Demo Project",
        "System.TeamProject": "DEMO-CMMI",
        "System.IterationPath": "$ProjectName$\\Demo Project\\APR",
        "System.WorkItemType": "Epic",
        "System.State": "Active",
        "System.Reason": "Accepted",
        "System.CreatedDate": "2021-04-06T16:26:29.66Z",
        "System.CreatedBy": "Jolin, Ian W. <ijolin@mgb.org>",
        "System.ChangedDate": "2021-04-06T16:27:30.27Z",
        "System.ChangedBy": "Jolin, Ian W. <ijolin@mgb.org>",
        "System.Title": "Test Epic",
        "Microsoft.VSTS.Scheduling.Effort": 0.0,
        "System.Description": null,
        "System.AssignedTo": "Jolin, Ian W. <ijolin@mgb.org>",
        "Microsoft.VSTS.Scheduling.RemainingWork": 0.0,
        "Microsoft.VSTS.Common.Priority": 2.0,
        "System.BoardLane": null,
        "System.Tags": null,
        "Microsoft.VSTS.TCM.Steps": null,
        "Microsoft.VSTS.TCM.Parameters": null,
        "Microsoft.VSTS.TCM.LocalDataSource": null,
        "Microsoft.VSTS.TCM.AutomationStatus": null,
        "System.History": null
      },
      "relations": [
        {
          "rel": "System.LinkTypes.Hierarchy-Forward",
          "url": "https://dev.azure.com/MGB-DEV/_apis/wit/workItems/238089",
          "attributes": {
            "isLocked": "false",
            "name": "Child"
          }
        },
        {
          "rel": "System.LinkTypes.Hierarchy-Forward",
          "url": "https://dev.azure.com/MGB-DEV/_apis/wit/workItems/238090",
          "attributes": {
            "isLocked": "false",
            "name": "Child"
          }
        },
        {
          "rel": "System.LinkTypes.Hierarchy-Forward",
          "url": "https://dev.azure.com/MGB-DEV/_apis/wit/workItems/238088",
          "attributes": {
            "isLocked": "false",
            "name": "Child"
          }
        }
      ],
      "url": "https://dev.azure.com/MGB-DEV/_apis/wit/workItems/238087"
    },
    {
      "id": 256688,
      "rev": 8,
      "fields": {
        "System.AreaPath": "$ProjectName$\\ServiceNow",
        "System.TeamProject": "DEMO-CMMI",
        "System.IterationPath": "$ProjectName$\\ServiceNow",
        "System.WorkItemType": "Epic",
        "System.State": "Proposed",
        "System.Reason": "Investigation Complete",
        "System.CreatedDate": "2022-08-31T20:59:38.48Z",
        "System.CreatedBy": "Balaji Singh <bsingh@mgb.org>",
        "System.ChangedDate": "2022-09-02T15:46:50.27Z",
        "System.ChangedBy": "Brandon Regalado <bregalado@mgb.org>",
        "System.Title": "Test ServiceNow Epic",
        "Microsoft.VSTS.Scheduling.Effort": 0.0,
        "System.Description": "<div>Test ServiceNow Epic; description<br> </div>",
        "System.AssignedTo": "Balaji Singh <bsingh@mgb.org>",
        "Microsoft.VSTS.Scheduling.RemainingWork": 0.0,
        "Microsoft.VSTS.Common.Priority": 2.0,
        "System.BoardLane": null,
        "System.Tags": null,
        "Microsoft.VSTS.TCM.Steps": null,
        "Microsoft.VSTS.TCM.Parameters": null,
        "Microsoft.VSTS.TCM.LocalDataSource": null,
        "Microsoft.VSTS.TCM.AutomationStatus": null,
        "System.History": null
      },
      "relations": [
        {
          "rel": "System.LinkTypes.Hierarchy-Forward",
          "url": "https://dev.azure.com/MGB-DEV/_apis/wit/workItems/256689",
          "attributes": {
            "isLocked": "false",
            "name": "Child"
          }
        },
        {
          "rel": "System.LinkTypes.Hierarchy-Forward",
          "url": "https://dev.azure.com/MGB-DEV/_apis/wit/workItems/256690",
          "attributes": {
            "isLocked": "false",
            "name": "Child"
          }
        }
      ],
      "url": "https://dev.azure.com/MGB-DEV/_apis/wit/workItems/256688"
    },
    {
      "id": 256696,
      "rev": 12,
      "fields": {
        "System.AreaPath": "$ProjectName$\\ServiceNow",
        "System.TeamProject": "DEMO-CMMI",
        "System.IterationPath": "$ProjectName$\\ServiceNow\\Sprint 1",
        "System.WorkItemType": "Epic",
        "System.State": "Proposed",
        "System.Reason": "Investigation Complete",
        "System.CreatedDate": "2022-09-02T15:21:34.92Z",
        "System.CreatedBy": "Brandon Regalado <bregalado@mgb.org>",
        "System.ChangedDate": "2022-09-21T20:47:36.29Z",
        "System.ChangedBy": "Brandon Regalado <bregalado@mgb.org>",
        "System.Title": "CI Subscriptions",
        "Microsoft.VSTS.Scheduling.Effort": 0.0,
        "System.Description": "<div><p style=\"margin:0in 0in 8pt;font-size:11pt;font-family:Calibri, sans-serif;\">The current tables used for configuration item subscription\nare confusing and difficult to report on. This enhancement will pivot the\nexisting subscriber functionality to leverage the existing subscription tables,\nwhich are currently unused. </p> </div>",
        "System.AssignedTo": "Brandon Regalado <bregalado@mgb.org>",
        "Microsoft.VSTS.Scheduling.RemainingWork": 0.0,
        "Microsoft.VSTS.Common.Priority": 2.0,
        "System.BoardLane": null,
        "System.Tags": null,
        "Microsoft.VSTS.TCM.Steps": null,
        "Microsoft.VSTS.TCM.Parameters": null,
        "Microsoft.VSTS.TCM.LocalDataSource": null,
        "Microsoft.VSTS.TCM.AutomationStatus": null,
        "System.History": null
      },
      "relations": [
        {
          "rel": "System.LinkTypes.Hierarchy-Forward",
          "url": "https://dev.azure.com/MGB-DEV/_apis/wit/workItems/256697",
          "attributes": {
            "isLocked": "false",
            "name": "Child"
          }
        },
        {
          "rel": "System.LinkTypes.Hierarchy-Forward",
          "url": "https://dev.azure.com/MGB-DEV/_apis/wit/workItems/256700",
          "attributes": {
            "isLocked": "false",
            "name": "Child"
          }
        }
      ],
      "url": "https://dev.azure.com/MGB-DEV/_apis/wit/workItems/256696"
    },
    {
      "id": 256701,
      "rev": 2,
      "fields": {
        "System.AreaPath": "$ProjectName$\\ServiceNow",
        "System.TeamProject": "DEMO-CMMI",
        "System.IterationPath": "$ProjectName$\\ServiceNow\\Sprint 1",
        "System.WorkItemType": "Epic",
        "System.State": "Proposed",
        "System.Reason": "Proposed",
        "System.CreatedDate": "2022-09-06T13:57:03.28Z",
        "System.CreatedBy": "Brandon Regalado <bregalado@mgb.org>",
        "System.ChangedDate": "2022-09-06T13:57:04.013Z",
        "System.ChangedBy": "Brandon Regalado <bregalado@mgb.org>",
        "System.Title": "Inbound Action - Auto-reply",
        "Microsoft.VSTS.Scheduling.Effort": 0.0,
        "System.Description": null,
        "System.AssignedTo": "Brandon Regalado <bregalado@mgb.org>",
        "Microsoft.VSTS.Scheduling.RemainingWork": 0.0,
        "Microsoft.VSTS.Common.Priority": 2.0,
        "System.BoardLane": null,
        "System.Tags": null,
        "Microsoft.VSTS.TCM.Steps": null,
        "Microsoft.VSTS.TCM.Parameters": null,
        "Microsoft.VSTS.TCM.LocalDataSource": null,
        "Microsoft.VSTS.TCM.AutomationStatus": null,
        "System.History": null
      },
      "relations": [
        {
          "rel": "System.LinkTypes.Hierarchy-Forward",
          "url": "https://dev.azure.com/MGB-DEV/_apis/wit/workItems/256714",
          "attributes": {
            "isLocked": "false",
            "name": "Child"
          }
        }
      ],
      "url": "https://dev.azure.com/MGB-DEV/_apis/wit/workItems/256701"
    },
    {
      "id": 256705,
      "rev": 2,
      "fields": {
        "System.AreaPath": "$ProjectName$\\ServiceNow",
        "System.TeamProject": "DEMO-CMMI",
        "System.IterationPath": "$ProjectName$\\ServiceNow\\Sprint 1",
        "System.WorkItemType": "Epic",
        "System.State": "Proposed",
        "System.Reason": "Proposed",
        "System.CreatedDate": "2022-09-09T15:01:31.643Z",
        "System.CreatedBy": "Brandon Regalado <bregalado@mgb.org>",
        "System.ChangedDate": "2022-09-09T15:01:32.647Z",
        "System.ChangedBy": "Brandon Regalado <bregalado@mgb.org>",
        "System.Title": "Normalize Companies",
        "Microsoft.VSTS.Scheduling.Effort": 0.0,
        "System.Description": null,
        "System.AssignedTo": "Brandon Regalado <bregalado@mgb.org>",
        "Microsoft.VSTS.Scheduling.RemainingWork": 0.0,
        "Microsoft.VSTS.Common.Priority": 2.0,
        "System.BoardLane": null,
        "System.Tags": null,
        "Microsoft.VSTS.TCM.Steps": null,
        "Microsoft.VSTS.TCM.Parameters": null,
        "Microsoft.VSTS.TCM.LocalDataSource": null,
        "Microsoft.VSTS.TCM.AutomationStatus": null,
        "System.History": null
      },
      "relations": [
        {
          "rel": "System.LinkTypes.Hierarchy-Forward",
          "url": "https://dev.azure.com/MGB-DEV/_apis/wit/workItems/256706",
          "attributes": {
            "isLocked": "false",
            "name": "Child"
          }
        }
      ],
      "url": "https://dev.azure.com/MGB-DEV/_apis/wit/workItems/256705"
    },
    {
      "id": 256712,
      "rev": 3,
      "fields": {
        "System.AreaPath": "$ProjectName$\\ServiceNow",
        "System.TeamProject": "DEMO-CMMI",
        "System.IterationPath": "$ProjectName$\\ServiceNow\\Sprint 1",
        "System.WorkItemType": "Epic",
        "System.State": "Proposed",
        "System.Reason": "New",
        "System.CreatedDate": "2022-09-09T15:08:31.283Z",
        "System.CreatedBy": "David Nguyen <DNGUYEN51@PARTNERS.ORG>",
        "System.ChangedDate": "2022-09-09T15:12:04.8Z",
        "System.ChangedBy": "David Nguyen <DNGUYEN51@PARTNERS.ORG>",
        "System.Title": "CPBO Payer Relations: Jira to ServiceNow",
        "Microsoft.VSTS.Scheduling.Effort": 0.0,
        "System.Description": null,
        "System.AssignedTo": "David Nguyen <DNGUYEN51@PARTNERS.ORG>",
        "Microsoft.VSTS.Scheduling.RemainingWork": 0.0,
        "Microsoft.VSTS.Common.Priority": 2.0,
        "System.BoardLane": null,
        "System.Tags": null,
        "Microsoft.VSTS.TCM.Steps": null,
        "Microsoft.VSTS.TCM.Parameters": null,
        "Microsoft.VSTS.TCM.LocalDataSource": null,
        "Microsoft.VSTS.TCM.AutomationStatus": null,
        "System.History": null
      },
      "relations": [
        {
          "rel": "System.LinkTypes.Hierarchy-Forward",
          "url": "https://dev.azure.com/MGB-DEV/_apis/wit/workItems/256715",
          "attributes": {
            "isLocked": "false",
            "name": "Child"
          }
        },
        {
          "rel": "System.LinkTypes.Hierarchy-Forward",
          "url": "https://dev.azure.com/MGB-DEV/_apis/wit/workItems/256717",
          "attributes": {
            "isLocked": "false",
            "name": "Child"
          }
        }
      ],
      "url": "https://dev.azure.com/MGB-DEV/_apis/wit/workItems/256712"
    },
    {
      "id": 256713,
      "rev": 2,
      "fields": {
        "System.AreaPath": "$ProjectName$\\ServiceNow",
        "System.TeamProject": "DEMO-CMMI",
        "System.IterationPath": "$ProjectName$\\ServiceNow\\Sprint 1",
        "System.WorkItemType": "Epic",
        "System.State": "Proposed",
        "System.Reason": "New",
        "System.CreatedDate": "2022-09-09T15:08:39.593Z",
        "System.CreatedBy": "David Nguyen <DNGUYEN51@PARTNERS.ORG>",
        "System.ChangedDate": "2022-09-09T15:12:37.327Z",
        "System.ChangedBy": "David Nguyen <DNGUYEN51@PARTNERS.ORG>",
        "System.Title": "David Testing",
        "Microsoft.VSTS.Scheduling.Effort": 0.0,
        "System.Description": null,
        "System.AssignedTo": "David Nguyen <DNGUYEN51@PARTNERS.ORG>",
        "Microsoft.VSTS.Scheduling.RemainingWork": 0.0,
        "Microsoft.VSTS.Common.Priority": 2.0,
        "System.BoardLane": null,
        "System.Tags": null,
        "Microsoft.VSTS.TCM.Steps": null,
        "Microsoft.VSTS.TCM.Parameters": null,
        "Microsoft.VSTS.TCM.LocalDataSource": null,
        "Microsoft.VSTS.TCM.AutomationStatus": null,
        "System.History": null
      },
      "relations": null,
      "url": "https://dev.azure.com/MGB-DEV/_apis/wit/workItems/256713"
    },
    {
      "id": 256719,
      "rev": 2,
      "fields": {
        "System.AreaPath": "$ProjectName$\\ServiceNow",
        "System.TeamProject": "DEMO-CMMI",
        "System.IterationPath": "$ProjectName$\\ServiceNow\\Sprint 1",
        "System.WorkItemType": "Epic",
        "System.State": "Proposed",
        "System.Reason": "Proposed",
        "System.CreatedDate": "2022-09-12T15:08:22.03Z",
        "System.CreatedBy": "Balaji Singh <bsingh@mgb.org>",
        "System.ChangedDate": "2022-09-12T15:08:22.687Z",
        "System.ChangedBy": "Balaji Singh <bsingh@mgb.org>",
        "System.Title": "Post-upgrade activities",
        "Microsoft.VSTS.Scheduling.Effort": 0.0,
        "System.Description": null,
        "System.AssignedTo": "Balaji Singh <bsingh@mgb.org>",
        "Microsoft.VSTS.Scheduling.RemainingWork": 0.0,
        "Microsoft.VSTS.Common.Priority": 2.0,
        "System.BoardLane": null,
        "System.Tags": null,
        "Microsoft.VSTS.TCM.Steps": null,
        "Microsoft.VSTS.TCM.Parameters": null,
        "Microsoft.VSTS.TCM.LocalDataSource": null,
        "Microsoft.VSTS.TCM.AutomationStatus": null,
        "System.History": null
      },
      "relations": [
        {
          "rel": "System.LinkTypes.Hierarchy-Forward",
          "url": "https://dev.azure.com/MGB-DEV/_apis/wit/workItems/256720",
          "attributes": {
            "isLocked": "false",
            "name": "Child"
          }
        }
      ],
      "url": "https://dev.azure.com/MGB-DEV/_apis/wit/workItems/256719"
    },
    {
      "id": 256724,
      "rev": 2,
      "fields": {
        "System.AreaPath": "$ProjectName$\\ServiceNow",
        "System.TeamProject": "DEMO-CMMI",
        "System.IterationPath": "$ProjectName$\\ServiceNow\\Sprint 1",
        "System.WorkItemType": "Epic",
        "System.State": "Proposed",
        "System.Reason": "Proposed",
        "System.CreatedDate": "2022-09-13T16:15:36.253Z",
        "System.CreatedBy": "Balaji Singh <bsingh@mgb.org>",
        "System.ChangedDate": "2022-09-13T16:15:36.897Z",
        "System.ChangedBy": "Balaji Singh <bsingh@mgb.org>",
        "System.Title": "User intake & maintenance",
        "Microsoft.VSTS.Scheduling.Effort": 0.0,
        "System.Description": null,
        "System.AssignedTo": "Balaji Singh <bsingh@mgb.org>",
        "Microsoft.VSTS.Scheduling.RemainingWork": 0.0,
        "Microsoft.VSTS.Common.Priority": 2.0,
        "System.BoardLane": null,
        "System.Tags": null,
        "Microsoft.VSTS.TCM.Steps": null,
        "Microsoft.VSTS.TCM.Parameters": null,
        "Microsoft.VSTS.TCM.LocalDataSource": null,
        "Microsoft.VSTS.TCM.AutomationStatus": null,
        "System.History": null
      },
      "relations": [
        {
          "rel": "System.LinkTypes.Hierarchy-Forward",
          "url": "https://dev.azure.com/MGB-DEV/_apis/wit/workItems/256725",
          "attributes": {
            "isLocked": "false",
            "name": "Child"
          }
        }
      ],
      "url": "https://dev.azure.com/MGB-DEV/_apis/wit/workItems/256724"
    },
    {
      "id": 256730,
      "rev": 2,
      "fields": {
        "System.AreaPath": "$ProjectName$\\ServiceNow",
        "System.TeamProject": "DEMO-CMMI",
        "System.IterationPath": "$ProjectName$\\ServiceNow\\Sprint 1",
        "System.WorkItemType": "Epic",
        "System.State": "Proposed",
        "System.Reason": "Proposed",
        "System.CreatedDate": "2022-09-15T15:43:11.757Z",
        "System.CreatedBy": "Brandon Regalado <bregalado@mgb.org>",
        "System.ChangedDate": "2022-09-15T15:43:12.15Z",
        "System.ChangedBy": "Brandon Regalado <bregalado@mgb.org>",
        "System.Title": "Critical Priority Notification",
        "Microsoft.VSTS.Scheduling.Effort": 0.0,
        "System.Description": null,
        "System.AssignedTo": "Brandon Regalado <bregalado@mgb.org>",
        "Microsoft.VSTS.Scheduling.RemainingWork": 0.0,
        "Microsoft.VSTS.Common.Priority": 2.0,
        "System.BoardLane": null,
        "System.Tags": null,
        "Microsoft.VSTS.TCM.Steps": null,
        "Microsoft.VSTS.TCM.Parameters": null,
        "Microsoft.VSTS.TCM.LocalDataSource": null,
        "Microsoft.VSTS.TCM.AutomationStatus": null,
        "System.History": null
      },
      "relations": null,
      "url": "https://dev.azure.com/MGB-DEV/_apis/wit/workItems/256730"
    },
    {
      "id": 256731,
      "rev": 2,
      "fields": {
        "System.AreaPath": "$ProjectName$\\ServiceNow",
        "System.TeamProject": "DEMO-CMMI",
        "System.IterationPath": "$ProjectName$\\ServiceNow\\Sprint 1",
        "System.WorkItemType": "Epic",
        "System.State": "Proposed",
        "System.Reason": "Proposed",
        "System.CreatedDate": "2022-09-15T15:53:30Z",
        "System.CreatedBy": "Brandon Regalado <bregalado@mgb.org>",
        "System.ChangedDate": "2022-09-15T15:53:30.633Z",
        "System.ChangedBy": "Brandon Regalado <bregalado@mgb.org>",
        "System.Title": "Deactivate Cancelled Change Requests",
        "Microsoft.VSTS.Scheduling.Effort": 0.0,
        "System.Description": null,
        "System.AssignedTo": "Brandon Regalado <bregalado@mgb.org>",
        "Microsoft.VSTS.Scheduling.RemainingWork": 0.0,
        "Microsoft.VSTS.Common.Priority": 2.0,
        "System.BoardLane": null,
        "System.Tags": null,
        "Microsoft.VSTS.TCM.Steps": null,
        "Microsoft.VSTS.TCM.Parameters": null,
        "Microsoft.VSTS.TCM.LocalDataSource": null,
        "Microsoft.VSTS.TCM.AutomationStatus": null,
        "System.History": null
      },
      "relations": null,
      "url": "https://dev.azure.com/MGB-DEV/_apis/wit/workItems/256731"
    },
    {
      "id": 256732,
      "rev": 2,
      "fields": {
        "System.AreaPath": "$ProjectName$\\ServiceNow",
        "System.TeamProject": "DEMO-CMMI",
        "System.IterationPath": "$ProjectName$\\ServiceNow\\Sprint 1",
        "System.WorkItemType": "Epic",
        "System.State": "Proposed",
        "System.Reason": "Proposed",
        "System.CreatedDate": "2022-09-15T15:54:23.5Z",
        "System.CreatedBy": "Brandon Regalado <bregalado@mgb.org>",
        "System.ChangedDate": "2022-09-15T15:54:23.793Z",
        "System.ChangedBy": "Brandon Regalado <bregalado@mgb.org>",
        "System.Title": "Hide Inactive Locations / Location Management",
        "Microsoft.VSTS.Scheduling.Effort": 0.0,
        "System.Description": null,
        "System.AssignedTo": "Brandon Regalado <bregalado@mgb.org>",
        "Microsoft.VSTS.Scheduling.RemainingWork": 0.0,
        "Microsoft.VSTS.Common.Priority": 2.0,
        "System.BoardLane": null,
        "System.Tags": null,
        "Microsoft.VSTS.TCM.Steps": null,
        "Microsoft.VSTS.TCM.Parameters": null,
        "Microsoft.VSTS.TCM.LocalDataSource": null,
        "Microsoft.VSTS.TCM.AutomationStatus": null,
        "System.History": null
      },
      "relations": null,
      "url": "https://dev.azure.com/MGB-DEV/_apis/wit/workItems/256732"
    },
    {
      "id": 256733,
      "rev": 2,
      "fields": {
        "System.AreaPath": "$ProjectName$\\ServiceNow",
        "System.TeamProject": "DEMO-CMMI",
        "System.IterationPath": "$ProjectName$\\ServiceNow\\Sprint 1",
        "System.WorkItemType": "Epic",
        "System.State": "Proposed",
        "System.Reason": "Proposed",
        "System.CreatedDate": "2022-09-15T15:54:48.613Z",
        "System.CreatedBy": "Brandon Regalado <bregalado@mgb.org>",
        "System.ChangedDate": "2022-09-15T15:54:48.853Z",
        "System.ChangedBy": "Brandon Regalado <bregalado@mgb.org>",
        "System.Title": "Catalog Items for Michael Lee",
        "Microsoft.VSTS.Scheduling.Effort": 0.0,
        "System.Description": null,
        "System.AssignedTo": "Brandon Regalado <bregalado@mgb.org>",
        "Microsoft.VSTS.Scheduling.RemainingWork": 0.0,
        "Microsoft.VSTS.Common.Priority": 2.0,
        "System.BoardLane": null,
        "System.Tags": null,
        "Microsoft.VSTS.TCM.Steps": null,
        "Microsoft.VSTS.TCM.Parameters": null,
        "Microsoft.VSTS.TCM.LocalDataSource": null,
        "Microsoft.VSTS.TCM.AutomationStatus": null,
        "System.History": null
      },
      "relations": null,
      "url": "https://dev.azure.com/MGB-DEV/_apis/wit/workItems/256733"
    },
    {
      "id": 256734,
      "rev": 2,
      "fields": {
        "System.AreaPath": "$ProjectName$\\ServiceNow",
        "System.TeamProject": "DEMO-CMMI",
        "System.IterationPath": "$ProjectName$\\ServiceNow\\Sprint 1",
        "System.WorkItemType": "Epic",
        "System.State": "Proposed",
        "System.Reason": "Proposed",
        "System.CreatedDate": "2022-09-15T15:55:06.48Z",
        "System.CreatedBy": "Brandon Regalado <bregalado@mgb.org>",
        "System.ChangedDate": "2022-09-15T15:55:07.037Z",
        "System.ChangedBy": "Brandon Regalado <bregalado@mgb.org>",
        "System.Title": "Catalog Item for Candice Balon",
        "Microsoft.VSTS.Scheduling.Effort": 0.0,
        "System.Description": null,
        "System.AssignedTo": "Brandon Regalado <bregalado@mgb.org>",
        "Microsoft.VSTS.Scheduling.RemainingWork": 0.0,
        "Microsoft.VSTS.Common.Priority": 2.0,
        "System.BoardLane": null,
        "System.Tags": null,
        "Microsoft.VSTS.TCM.Steps": null,
        "Microsoft.VSTS.TCM.Parameters": null,
        "Microsoft.VSTS.TCM.LocalDataSource": null,
        "Microsoft.VSTS.TCM.AutomationStatus": null,
        "System.History": null
      },
      "relations": null,
      "url": "https://dev.azure.com/MGB-DEV/_apis/wit/workItems/256734"
    },
    {
      "id": 256735,
      "rev": 2,
      "fields": {
        "System.AreaPath": "$ProjectName$\\ServiceNow",
        "System.TeamProject": "DEMO-CMMI",
        "System.IterationPath": "$ProjectName$\\ServiceNow\\Sprint 1",
        "System.WorkItemType": "Epic",
        "System.State": "Proposed",
        "System.Reason": "Proposed",
        "System.CreatedDate": "2022-09-15T15:56:05.167Z",
        "System.CreatedBy": "Brandon Regalado <bregalado@mgb.org>",
        "System.ChangedDate": "2022-09-15T15:56:05.507Z",
        "System.ChangedBy": "Brandon Regalado <bregalado@mgb.org>",
        "System.Title": "IS Service HUB - My Tickets",
        "Microsoft.VSTS.Scheduling.Effort": 0.0,
        "System.Description": null,
        "System.AssignedTo": "Brandon Regalado <bregalado@mgb.org>",
        "Microsoft.VSTS.Scheduling.RemainingWork": 0.0,
        "Microsoft.VSTS.Common.Priority": 2.0,
        "System.BoardLane": null,
        "System.Tags": null,
        "Microsoft.VSTS.TCM.Steps": null,
        "Microsoft.VSTS.TCM.Parameters": null,
        "Microsoft.VSTS.TCM.LocalDataSource": null,
        "Microsoft.VSTS.TCM.AutomationStatus": null,
        "System.History": null
      },
      "relations": null,
      "url": "https://dev.azure.com/MGB-DEV/_apis/wit/workItems/256735"
    },
    {
      "id": 256736,
      "rev": 2,
      "fields": {
        "System.AreaPath": "$ProjectName$\\ServiceNow",
        "System.TeamProject": "DEMO-CMMI",
        "System.IterationPath": "$ProjectName$\\ServiceNow\\Sprint 1",
        "System.WorkItemType": "Epic",
        "System.State": "Proposed",
        "System.Reason": "Proposed",
        "System.CreatedDate": "2022-09-15T15:56:39.823Z",
        "System.CreatedBy": "Brandon Regalado <bregalado@mgb.org>",
        "System.ChangedDate": "2022-09-15T15:56:40.427Z",
        "System.ChangedBy": "Brandon Regalado <bregalado@mgb.org>",
        "System.Title": "Change Mgt Outage Email for Site CIO's",
        "Microsoft.VSTS.Scheduling.Effort": 0.0,
        "System.Description": null,
        "System.AssignedTo": "Brandon Regalado <bregalado@mgb.org>",
        "Microsoft.VSTS.Scheduling.RemainingWork": 0.0,
        "Microsoft.VSTS.Common.Priority": 2.0,
        "System.BoardLane": null,
        "System.Tags": null,
        "Microsoft.VSTS.TCM.Steps": null,
        "Microsoft.VSTS.TCM.Parameters": null,
        "Microsoft.VSTS.TCM.LocalDataSource": null,
        "Microsoft.VSTS.TCM.AutomationStatus": null,
        "System.History": null
      },
      "relations": null,
      "url": "https://dev.azure.com/MGB-DEV/_apis/wit/workItems/256736"
    },
    {
      "id": 256737,
      "rev": 2,
      "fields": {
        "System.AreaPath": "$ProjectName$\\ServiceNow",
        "System.TeamProject": "DEMO-CMMI",
        "System.IterationPath": "$ProjectName$\\ServiceNow\\Sprint 1",
        "System.WorkItemType": "Epic",
        "System.State": "Proposed",
        "System.Reason": "Proposed",
        "System.CreatedDate": "2022-09-15T15:57:19.393Z",
        "System.CreatedBy": "Brandon Regalado <bregalado@mgb.org>",
        "System.ChangedDate": "2022-09-15T15:57:19.64Z",
        "System.ChangedBy": "Brandon Regalado <bregalado@mgb.org>",
        "System.Title": "PAS Group fields on Web Server",
        "Microsoft.VSTS.Scheduling.Effort": 0.0,
        "System.Description": null,
        "System.AssignedTo": "Brandon Regalado <bregalado@mgb.org>",
        "Microsoft.VSTS.Scheduling.RemainingWork": 0.0,
        "Microsoft.VSTS.Common.Priority": 2.0,
        "System.BoardLane": null,
        "System.Tags": null,
        "Microsoft.VSTS.TCM.Steps": null,
        "Microsoft.VSTS.TCM.Parameters": null,
        "Microsoft.VSTS.TCM.LocalDataSource": null,
        "Microsoft.VSTS.TCM.AutomationStatus": null,
        "System.History": null
      },
      "relations": null,
      "url": "https://dev.azure.com/MGB-DEV/_apis/wit/workItems/256737"
    },
    {
      "id": 256738,
      "rev": 2,
      "fields": {
        "System.AreaPath": "$ProjectName$\\ServiceNow",
        "System.TeamProject": "DEMO-CMMI",
        "System.IterationPath": "$ProjectName$\\ServiceNow\\Sprint 1",
        "System.WorkItemType": "Epic",
        "System.State": "Proposed",
        "System.Reason": "Proposed",
        "System.CreatedDate": "2022-09-15T15:57:32.15Z",
        "System.CreatedBy": "Brandon Regalado <bregalado@mgb.org>",
        "System.ChangedDate": "2022-09-15T15:57:32.42Z",
        "System.ChangedBy": "Brandon Regalado <bregalado@mgb.org>",
        "System.Title": "Sectigo Integration",
        "Microsoft.VSTS.Scheduling.Effort": 0.0,
        "System.Description": null,
        "System.AssignedTo": "Brandon Regalado <bregalado@mgb.org>",
        "Microsoft.VSTS.Scheduling.RemainingWork": 0.0,
        "Microsoft.VSTS.Common.Priority": 2.0,
        "System.BoardLane": null,
        "System.Tags": null,
        "Microsoft.VSTS.TCM.Steps": null,
        "Microsoft.VSTS.TCM.Parameters": null,
        "Microsoft.VSTS.TCM.LocalDataSource": null,
        "Microsoft.VSTS.TCM.AutomationStatus": null,
        "System.History": null
      },
      "relations": null,
      "url": "https://dev.azure.com/MGB-DEV/_apis/wit/workItems/256738"
    },
    {
      "id": 256739,
      "rev": 2,
      "fields": {
        "System.AreaPath": "$ProjectName$\\ServiceNow",
        "System.TeamProject": "DEMO-CMMI",
        "System.IterationPath": "$ProjectName$\\ServiceNow\\Sprint 1",
        "System.WorkItemType": "Epic",
        "System.State": "Proposed",
        "System.Reason": "Proposed",
        "System.CreatedDate": "2022-09-15T15:58:28.037Z",
        "System.CreatedBy": "Brandon Regalado <bregalado@mgb.org>",
        "System.ChangedDate": "2022-09-15T15:58:28.373Z",
        "System.ChangedBy": "Brandon Regalado <bregalado@mgb.org>",
        "System.Title": "Service Desk Alert for Critical Incident Reassignment",
        "Microsoft.VSTS.Scheduling.Effort": 0.0,
        "System.Description": null,
        "System.AssignedTo": "Brandon Regalado <bregalado@mgb.org>",
        "Microsoft.VSTS.Scheduling.RemainingWork": 0.0,
        "Microsoft.VSTS.Common.Priority": 2.0,
        "System.BoardLane": null,
        "System.Tags": null,
        "Microsoft.VSTS.TCM.Steps": null,
        "Microsoft.VSTS.TCM.Parameters": null,
        "Microsoft.VSTS.TCM.LocalDataSource": null,
        "Microsoft.VSTS.TCM.AutomationStatus": null,
        "System.History": null
      },
      "relations": null,
      "url": "https://dev.azure.com/MGB-DEV/_apis/wit/workItems/256739"
    }
  ],
  "HttpStatusCode": 0,
  "Message": null
}