{
  "count": 29,
  "value": [
    {
      "id": 39,
      "rev": 4,
      "fields": {
        "System.AreaPath": "$ProjectName$\\PPM-HIP",
        "System.TeamProject": "DEMO-CMMI",
        "System.IterationPath": "$ProjectName$\\PPM-HIP",
        "System.WorkItemType": "Feature",
        "System.State": "Proposed",
        "System.Reason": "New",
        "System.CreatedDate": "2019-11-13T00:10:03.55Z",
        "System.CreatedBy": "Kapasakalidis, Panagiotis <pkapasakalidis@mgb.org>",
        "System.ChangedDate": "2019-11-16T17:23:18.43Z",
        "System.ChangedBy": "Kapasakalidis, Panagiotis <pkapasakalidis@mgb.org>",
        "System.Title": "Search Catalog",
        "Microsoft.VSTS.Scheduling.Effort": 0.0,
        "System.Description": null,
        "System.AssignedTo": "Eugene Clark <ehclark@mgb.org>",
        "Microsoft.VSTS.Scheduling.RemainingWork": 0.0,
        "Microsoft.VSTS.Common.Priority": 2.0,
        "System.BoardLane": null,
        "System.Tags": null,
        "Microsoft.VSTS.TCM.Steps": null,
        "Microsoft.VSTS.TCM.Parameters": null,
        "Microsoft.VSTS.TCM.LocalDataSource": null,
        "Microsoft.VSTS.TCM.AutomationStatus": null,
        "System.History": null
      },
      "relations": [
        {
          "rel": "System.LinkTypes.Hierarchy-Reverse",
          "url": "https://dev.azure.com/MGB-DEV/_apis/wit/workItems/130",
          "attributes": {
            "isLocked": "false",
            "name": "Parent"
          }
        },
        {
          "rel": "System.LinkTypes.Hierarchy-Forward",
          "url": "https://dev.azure.com/MGB-DEV/_apis/wit/workItems/51",
          "attributes": {
            "isLocked": "false",
            "name": "Child"
          }
        },
        {
          "rel": "System.LinkTypes.Hierarchy-Forward",
          "url": "https://dev.azure.com/MGB-DEV/_apis/wit/workItems/61",
          "attributes": {
            "isLocked": "false",
            "name": "Child"
          }
        },
        {
          "rel": "System.LinkTypes.Hierarchy-Forward",
          "url": "https://dev.azure.com/MGB-DEV/_apis/wit/workItems/64",
          "attributes": {
            "isLocked": "false",
            "name": "Child"
          }
        },
        {
          "rel": "System.LinkTypes.Hierarchy-Forward",
          "url": "https://dev.azure.com/MGB-DEV/_apis/wit/workItems/56",
          "attributes": {
            "isLocked": "false",
            "name": "Child"
          }
        },
        {
          "rel": "System.LinkTypes.Hierarchy-Forward",
          "url": "https://dev.azure.com/MGB-DEV/_apis/wit/workItems/70",
          "attributes": {
            "isLocked": "false",
            "name": "Child"
          }
        },
        {
          "rel": "System.LinkTypes.Hierarchy-Forward",
          "url": "https://dev.azure.com/MGB-DEV/_apis/wit/workItems/69",
          "attributes": {
            "isLocked": "false",
            "name": "Child"
          }
        },
        {
          "rel": "System.LinkTypes.Hierarchy-Forward",
          "url": "https://dev.azure.com/MGB-DEV/_apis/wit/workItems/40",
          "attributes": {
            "isLocked": "false",
            "name": "Child"
          }
        },
        {
          "rel": "System.LinkTypes.Hierarchy-Forward",
          "url": "https://dev.azure.com/MGB-DEV/_apis/wit/workItems/63",
          "attributes": {
            "isLocked": "false",
            "name": "Child"
          }
        },
        {
          "rel": "System.LinkTypes.Hierarchy-Forward",
          "url": "https://dev.azure.com/MGB-DEV/_apis/wit/workItems/62",
          "attributes": {
            "isLocked": "false",
            "name": "Child"
          }
        },
        {
          "rel": "System.LinkTypes.Hierarchy-Forward",
          "url": "https://dev.azure.com/MGB-DEV/_apis/wit/workItems/46",
          "attributes": {
            "isLocked": "false",
            "name": "Child"
          }
        }
      ],
      "url": "https://dev.azure.com/MGB-DEV/_apis/wit/workItems/39"
    },
    {
      "id": 76,
      "rev": 5,
      "fields": {
        "System.AreaPath": "$ProjectName$\\PPM-HIP",
        "System.TeamProject": "DEMO-CMMI",
        "System.IterationPath": "$ProjectName$\\PPM-HIP",
        "System.WorkItemType": "Feature",
        "System.State": "Proposed",
        "System.Reason": "New",
        "System.CreatedDate": "2019-11-13T00:10:03.55Z",
        "System.CreatedBy": "Kapasakalidis, Panagiotis <pkapasakalidis@mgb.org>",
        "System.ChangedDate": "2022-12-07T16:36:01.563Z",
        "System.ChangedBy": "Mburu, Bart Henya <bmburu1@partners.org>",
        "System.Title": "View Catalog Item Details",
        "Microsoft.VSTS.Scheduling.Effort": 0.0,
        "System.Description": null,
        "System.AssignedTo": "Eugene Clark <ehclark@mgb.org>",
        "Microsoft.VSTS.Scheduling.RemainingWork": 0.0,
        "Microsoft.VSTS.Common.Priority": 2.0,
        "System.BoardLane": null,
        "System.Tags": null,
        "Microsoft.VSTS.TCM.Steps": null,
        "Microsoft.VSTS.TCM.Parameters": null,
        "Microsoft.VSTS.TCM.LocalDataSource": null,
        "Microsoft.VSTS.TCM.AutomationStatus": null,
        "System.History": null
      },
      "relations": [
        {
          "rel": "System.LinkTypes.Hierarchy-Reverse",
          "url": "https://dev.azure.com/MGB-DEV/_apis/wit/workItems/130",
          "attributes": {
            "isLocked": "false",
            "name": "Parent"
          }
        },
        {
          "rel": "System.LinkTypes.Hierarchy-Forward",
          "url": "https://dev.azure.com/MGB-DEV/_apis/wit/workItems/81",
          "attributes": {
            "isLocked": "false",
            "name": "Child"
          }
        },
        {
          "rel": "System.LinkTypes.Hierarchy-Forward",
          "url": "https://dev.azure.com/MGB-DEV/_apis/wit/workItems/80",
          "attributes": {
            "isLocked": "false",
            "name": "Child"
          }
        },
        {
          "rel": "System.LinkTypes.Hierarchy-Forward",
          "url": "https://dev.azure.com/MGB-DEV/_apis/wit/workItems/77",
          "attributes": {
            "isLocked": "false",
            "name": "Child"
          }
        },
        {
          "rel": "System.LinkTypes.Hierarchy-Forward",
          "url": "https://dev.azure.com/MGB-DEV/_apis/wit/workItems/79",
          "attributes": {
            "isLocked": "false",
            "name": "Child"
          }
        },
        {
          "rel": "System.LinkTypes.Hierarchy-Forward",
          "url": "https://dev.azure.com/MGB-DEV/_apis/wit/workItems/78",
          "attributes": {
            "isLocked": "false",
            "name": "Child"
          }
        },
        {
          "rel": "ArtifactLink",
          "url": "vstfs:///Git/Commit/1fae89f5-0dca-4497-b0cd-8a16794a4eef%2f0be2b275-2954-4f2e-9473-0dbeca21dcbe%2ff152113d89d446a2ecf053079f6ab3aa6ea4448f",
          "attributes": {
            "authorizedDate": "2022-12-07T16:36:01.563Z",
            "id": "4906682",
            "resourceCreatedDate": "2022-12-07T16:36:01.563Z",
            "resourceModifiedDate": "2022-12-07T16:36:01.563Z",
            "revisedDate": "9999-01-01T00:00:00Z",
            "name": "Fixed in Commit"
          }
        }
      ],
      "url": "https://dev.azure.com/MGB-DEV/_apis/wit/workItems/76"
    },
    {
      "id": 82,
      "rev": 5,
      "fields": {
        "System.AreaPath": "$ProjectName$\\PPM-HIP",
        "System.TeamProject": "DEMO-CMMI",
        "System.IterationPath": "$ProjectName$\\PPM-HIP",
        "System.WorkItemType": "Feature",
        "System.State": "Proposed",
        "System.Reason": "New",
        "System.CreatedDate": "2019-11-13T00:10:03.55Z",
        "System.CreatedBy": "Kapasakalidis, Panagiotis <pkapasakalidis@mgb.org>",
        "System.ChangedDate": "2022-12-07T16:35:58.23Z",
        "System.ChangedBy": "Mburu, Bart Henya <bmburu1@partners.org>",
        "System.Title": "Add to Cart",
        "Microsoft.VSTS.Scheduling.Effort": 0.0,
        "System.Description": null,
        "System.AssignedTo": "Eugene Clark <ehclark@mgb.org>",
        "Microsoft.VSTS.Scheduling.RemainingWork": 0.0,
        "Microsoft.VSTS.Common.Priority": 2.0,
        "System.BoardLane": null,
        "System.Tags": null,
        "Microsoft.VSTS.TCM.Steps": null,
        "Microsoft.VSTS.TCM.Parameters": null,
        "Microsoft.VSTS.TCM.LocalDataSource": null,
        "Microsoft.VSTS.TCM.AutomationStatus": null,
        "System.History": null
      },
      "relations": [
        {
          "rel": "System.LinkTypes.Hierarchy-Forward",
          "url": "https://dev.azure.com/MGB-DEV/_apis/wit/workItems/84",
          "attributes": {
            "isLocked": "false",
            "name": "Child"
          }
        },
        {
          "rel": "System.LinkTypes.Hierarchy-Forward",
          "url": "https://dev.azure.com/MGB-DEV/_apis/wit/workItems/85",
          "attributes": {
            "isLocked": "false",
            "name": "Child"
          }
        },
        {
          "rel": "System.LinkTypes.Hierarchy-Forward",
          "url": "https://dev.azure.com/MGB-DEV/_apis/wit/workItems/83",
          "attributes": {
            "isLocked": "false",
            "name": "Child"
          }
        },
        {
          "rel": "System.LinkTypes.Hierarchy-Reverse",
          "url": "https://dev.azure.com/MGB-DEV/_apis/wit/workItems/130",
          "attributes": {
            "isLocked": "false",
            "name": "Parent"
          }
        },
        {
          "rel": "ArtifactLink",
          "url": "vstfs:///Git/Commit/1fae89f5-0dca-4497-b0cd-8a16794a4eef%2f0be2b275-2954-4f2e-9473-0dbeca21dcbe%2f0bdad224e6ebf6cb2ee3c315f71df1d79d9886df",
          "attributes": {
            "authorizedDate": "2022-12-07T16:35:58.23Z",
            "id": "4906646",
            "resourceCreatedDate": "2022-12-07T16:35:58.23Z",
            "resourceModifiedDate": "2022-12-07T16:35:58.23Z",
            "revisedDate": "9999-01-01T00:00:00Z",
            "name": "Fixed in Commit"
          }
        }
      ],
      "url": "https://dev.azure.com/MGB-DEV/_apis/wit/workItems/82"
    },
    {
      "id": 86,
      "rev": 4,
      "fields": {
        "System.AreaPath": "$ProjectName$\\PPM-HIP",
        "System.TeamProject": "DEMO-CMMI",
        "System.IterationPath": "$ProjectName$\\PPM-HIP",
        "System.WorkItemType": "Feature",
        "System.State": "Proposed",
        "System.Reason": "New",
        "System.CreatedDate": "2019-11-13T00:10:03.55Z",
        "System.CreatedBy": "Kapasakalidis, Panagiotis <pkapasakalidis@mgb.org>",
        "System.ChangedDate": "2019-11-16T17:23:18.577Z",
        "System.ChangedBy": "Kapasakalidis, Panagiotis <pkapasakalidis@mgb.org>",
        "System.Title": "Enter Order",
        "Microsoft.VSTS.Scheduling.Effort": 0.0,
        "System.Description": null,
        "System.AssignedTo": "Eugene Clark <ehclark@mgb.org>",
        "Microsoft.VSTS.Scheduling.RemainingWork": 0.0,
        "Microsoft.VSTS.Common.Priority": 2.0,
        "System.BoardLane": null,
        "System.Tags": null,
        "Microsoft.VSTS.TCM.Steps": null,
        "Microsoft.VSTS.TCM.Parameters": null,
        "Microsoft.VSTS.TCM.LocalDataSource": null,
        "Microsoft.VSTS.TCM.AutomationStatus": null,
        "System.History": null
      },
      "relations": [
        {
          "rel": "System.LinkTypes.Hierarchy-Forward",
          "url": "https://dev.azure.com/MGB-DEV/_apis/wit/workItems/88",
          "attributes": {
            "isLocked": "false",
            "name": "Child"
          }
        },
        {
          "rel": "System.LinkTypes.Hierarchy-Forward",
          "url": "https://dev.azure.com/MGB-DEV/_apis/wit/workItems/91",
          "attributes": {
            "isLocked": "false",
            "name": "Child"
          }
        },
        {
          "rel": "System.LinkTypes.Hierarchy-Forward",
          "url": "https://dev.azure.com/MGB-DEV/_apis/wit/workItems/89",
          "attributes": {
            "isLocked": "false",
            "name": "Child"
          }
        },
        {
          "rel": "System.LinkTypes.Hierarchy-Reverse",
          "url": "https://dev.azure.com/MGB-DEV/_apis/wit/workItems/130",
          "attributes": {
            "isLocked": "false",
            "name": "Parent"
          }
        },
        {
          "rel": "System.LinkTypes.Hierarchy-Forward",
          "url": "https://dev.azure.com/MGB-DEV/_apis/wit/workItems/87",
          "attributes": {
            "isLocked": "false",
            "name": "Child"
          }
        },
        {
          "rel": "System.LinkTypes.Hierarchy-Forward",
          "url": "https://dev.azure.com/MGB-DEV/_apis/wit/workItems/90",
          "attributes": {
            "isLocked": "false",
            "name": "Child"
          }
        }
      ],
      "url": "https://dev.azure.com/MGB-DEV/_apis/wit/workItems/86"
    },
    {
      "id": 92,
      "rev": 4,
      "fields": {
        "System.AreaPath": "$ProjectName$\\PPM-HIP",
        "System.TeamProject": "DEMO-CMMI",
        "System.IterationPath": "$ProjectName$\\PPM-HIP",
        "System.WorkItemType": "Feature",
        "System.State": "Proposed",
        "System.Reason": "New",
        "System.CreatedDate": "2019-11-13T00:10:03.55Z",
        "System.CreatedBy": "Kapasakalidis, Panagiotis <pkapasakalidis@mgb.org>",
        "System.ChangedDate": "2019-11-16T17:23:18.643Z",
        "System.ChangedBy": "Kapasakalidis, Panagiotis <pkapasakalidis@mgb.org>",
        "System.Title": "View Pending Order List",
        "Microsoft.VSTS.Scheduling.Effort": 0.0,
        "System.Description": null,
        "System.AssignedTo": "Eugene Clark <ehclark@mgb.org>",
        "Microsoft.VSTS.Scheduling.RemainingWork": 0.0,
        "Microsoft.VSTS.Common.Priority": 2.0,
        "System.BoardLane": null,
        "System.Tags": null,
        "Microsoft.VSTS.TCM.Steps": null,
        "Microsoft.VSTS.TCM.Parameters": null,
        "Microsoft.VSTS.TCM.LocalDataSource": null,
        "Microsoft.VSTS.TCM.AutomationStatus": null,
        "System.History": null
      },
      "relations": [
        {
          "rel": "System.LinkTypes.Hierarchy-Reverse",
          "url": "https://dev.azure.com/MGB-DEV/_apis/wit/workItems/131",
          "attributes": {
            "isLocked": "false",
            "name": "Parent"
          }
        },
        {
          "rel": "System.LinkTypes.Hierarchy-Forward",
          "url": "https://dev.azure.com/MGB-DEV/_apis/wit/workItems/93",
          "attributes": {
            "isLocked": "false",
            "name": "Child"
          }
        },
        {
          "rel": "System.LinkTypes.Hierarchy-Forward",
          "url": "https://dev.azure.com/MGB-DEV/_apis/wit/workItems/94",
          "attributes": {
            "isLocked": "false",
            "name": "Child"
          }
        }
      ],
      "url": "https://dev.azure.com/MGB-DEV/_apis/wit/workItems/92"
    },
    {
      "id": 95,
      "rev": 4,
      "fields": {
        "System.AreaPath": "$ProjectName$\\PPM-HIP",
        "System.TeamProject": "DEMO-CMMI",
        "System.IterationPath": "$ProjectName$\\PPM-HIP",
        "System.WorkItemType": "Feature",
        "System.State": "Proposed",
        "System.Reason": "New",
        "System.CreatedDate": "2019-11-13T00:10:03.55Z",
        "System.CreatedBy": "Kapasakalidis, Panagiotis <pkapasakalidis@mgb.org>",
        "System.ChangedDate": "2019-11-16T17:23:18.56Z",
        "System.ChangedBy": "Kapasakalidis, Panagiotis <pkapasakalidis@mgb.org>",
        "System.Title": "Cancel Order",
        "Microsoft.VSTS.Scheduling.Effort": 0.0,
        "System.Description": null,
        "System.AssignedTo": "Eugene Clark <ehclark@mgb.org>",
        "Microsoft.VSTS.Scheduling.RemainingWork": 0.0,
        "Microsoft.VSTS.Common.Priority": 2.0,
        "System.BoardLane": null,
        "System.Tags": null,
        "Microsoft.VSTS.TCM.Steps": null,
        "Microsoft.VSTS.TCM.Parameters": null,
        "Microsoft.VSTS.TCM.LocalDataSource": null,
        "Microsoft.VSTS.TCM.AutomationStatus": null,
        "System.History": null
      },
      "relations": [
        {
          "rel": "System.LinkTypes.Hierarchy-Reverse",
          "url": "https://dev.azure.com/MGB-DEV/_apis/wit/workItems/131",
          "attributes": {
            "isLocked": "false",
            "name": "Parent"
          }
        },
        {
          "rel": "System.LinkTypes.Hierarchy-Forward",
          "url": "https://dev.azure.com/MGB-DEV/_apis/wit/workItems/98",
          "attributes": {
            "isLocked": "false",
            "name": "Child"
          }
        },
        {
          "rel": "System.LinkTypes.Hierarchy-Forward",
          "url": "https://dev.azure.com/MGB-DEV/_apis/wit/workItems/96",
          "attributes": {
            "isLocked": "false",
            "name": "Child"
          }
        },
        {
          "rel": "System.LinkTypes.Hierarchy-Forward",
          "url": "https://dev.azure.com/MGB-DEV/_apis/wit/workItems/97",
          "attributes": {
            "isLocked": "false",
            "name": "Child"
          }
        }
      ],
      "url": "https://dev.azure.com/MGB-DEV/_apis/wit/workItems/95"
    },
    {
      "id": 99,
      "rev": 4,
      "fields": {
        "System.AreaPath": "$ProjectName$\\PPM-HIP",
        "System.TeamProject": "DEMO-CMMI",
        "System.IterationPath": "$ProjectName$\\PPM-HIP",
        "System.WorkItemType": "Feature",
        "System.State": "Proposed",
        "System.Reason": "New",
        "System.CreatedDate": "2019-11-13T00:10:03.55Z",
        "System.CreatedBy": "Kapasakalidis, Panagiotis <pkapasakalidis@mgb.org>",
        "System.ChangedDate": "2019-11-16T17:23:18.51Z",
        "System.ChangedBy": "Kapasakalidis, Panagiotis <pkapasakalidis@mgb.org>",
        "System.Title": "Send Order Update to Customer",
        "Microsoft.VSTS.Scheduling.Effort": 0.0,
        "System.Description": null,
        "System.AssignedTo": "Eugene Clark <ehclark@mgb.org>",
        "Microsoft.VSTS.Scheduling.RemainingWork": 0.0,
        "Microsoft.VSTS.Common.Priority": 2.0,
        "System.BoardLane": null,
        "System.Tags": null,
        "Microsoft.VSTS.TCM.Steps": null,
        "Microsoft.VSTS.TCM.Parameters": null,
        "Microsoft.VSTS.TCM.LocalDataSource": null,
        "Microsoft.VSTS.TCM.AutomationStatus": null,
        "System.History": null
      },
      "relations": [
        {
          "rel": "System.LinkTypes.Hierarchy-Reverse",
          "url": "https://dev.azure.com/MGB-DEV/_apis/wit/workItems/131",
          "attributes": {
            "isLocked": "false",
            "name": "Parent"
          }
        },
        {
          "rel": "System.LinkTypes.Hierarchy-Forward",
          "url": "https://dev.azure.com/MGB-DEV/_apis/wit/workItems/101",
          "attributes": {
            "isLocked": "false",
            "name": "Child"
          }
        },
        {
          "rel": "System.LinkTypes.Hierarchy-Forward",
          "url": "https://dev.azure.com/MGB-DEV/_apis/wit/workItems/100",
          "attributes": {
            "isLocked": "false",
            "name": "Child"
          }
        }
      ],
      "url": "https://dev.azure.com/MGB-DEV/_apis/wit/workItems/99"
    },
    {
      "id": 102,
      "rev": 6,
      "fields": {
        "System.AreaPath": "$ProjectName$\\PPM-HIP",
        "System.TeamProject": "DEMO-CMMI",
        "System.IterationPath": "$ProjectName$\\PPM-HIP",
        "System.WorkItemType": "Feature",
        "System.State": "Proposed",
        "System.Reason": "New",
        "System.CreatedDate": "2019-11-13T00:10:03.55Z",
        "System.CreatedBy": "Kapasakalidis, Panagiotis <pkapasakalidis@mgb.org>",
        "System.ChangedDate": "2022-12-07T16:36:01.34Z",
        "System.ChangedBy": "Mburu, Bart Henya <bmburu1@partners.org>",
        "System.Title": "Add User",
        "Microsoft.VSTS.Scheduling.Effort": 0.0,
        "System.Description": null,
        "System.AssignedTo": "Eugene Clark <ehclark@mgb.org>",
        "Microsoft.VSTS.Scheduling.RemainingWork": 0.0,
        "Microsoft.VSTS.Common.Priority": 2.0,
        "System.BoardLane": null,
        "System.Tags": null,
        "Microsoft.VSTS.TCM.Steps": null,
        "Microsoft.VSTS.TCM.Parameters": null,
        "Microsoft.VSTS.TCM.LocalDataSource": null,
        "Microsoft.VSTS.TCM.AutomationStatus": null,
        "System.History": null
      },
      "relations": [
        {
          "rel": "System.LinkTypes.Hierarchy-Reverse",
          "url": "https://dev.azure.com/MGB-DEV/_apis/wit/workItems/132",
          "attributes": {
            "isLocked": "false",
            "name": "Parent"
          }
        },
        {
          "rel": "System.LinkTypes.Hierarchy-Forward",
          "url": "https://dev.azure.com/MGB-DEV/_apis/wit/workItems/103",
          "attributes": {
            "isLocked": "false",
            "name": "Child"
          }
        },
        {
          "rel": "System.LinkTypes.Hierarchy-Forward",
          "url": "https://dev.azure.com/MGB-DEV/_apis/wit/workItems/105",
          "attributes": {
            "isLocked": "false",
            "name": "Child"
          }
        },
        {
          "rel": "System.LinkTypes.Hierarchy-Forward",
          "url": "https://dev.azure.com/MGB-DEV/_apis/wit/workItems/104",
          "attributes": {
            "isLocked": "false",
            "name": "Child"
          }
        },
        {
          "rel": "ArtifactLink",
          "url": "vstfs:///Git/Commit/1fae89f5-0dca-4497-b0cd-8a16794a4eef%2f0be2b275-2954-4f2e-9473-0dbeca21dcbe%2f3a361b5756b9e8ec2863b5c561785163bcb9ebaf",
          "attributes": {
            "authorizedDate": "2022-12-07T16:35:59.203Z",
            "id": "4906654",
            "resourceCreatedDate": "2022-12-07T16:35:59.203Z",
            "resourceModifiedDate": "2022-12-07T16:35:59.203Z",
            "revisedDate": "9999-01-01T00:00:00Z",
            "name": "Fixed in Commit"
          }
        },
        {
          "rel": "ArtifactLink",
          "url": "vstfs:///Git/Commit/1fae89f5-0dca-4497-b0cd-8a16794a4eef%2f0be2b275-2954-4f2e-9473-0dbeca21dcbe%2fd85fff0d19b6fc61238a2d375c7b56faf24d8259",
          "attributes": {
            "authorizedDate": "2022-12-07T16:36:01.34Z",
            "id": "4906675",
            "resourceCreatedDate": "2022-12-07T16:36:01.34Z",
            "resourceModifiedDate": "2022-12-07T16:36:01.34Z",
            "revisedDate": "9999-01-01T00:00:00Z",
            "name": "Fixed in Commit"
          }
        }
      ],
      "url": "https://dev.azure.com/MGB-DEV/_apis/wit/workItems/102"
    },
    {
      "id": 106,
      "rev": 4,
      "fields": {
        "System.AreaPath": "$ProjectName$\\PPM-HIP",
        "System.TeamProject": "DEMO-CMMI",
        "System.IterationPath": "$ProjectName$\\PPM-HIP",
        "System.WorkItemType": "Feature",
        "System.State": "Proposed",
        "System.Reason": "New",
        "System.CreatedDate": "2019-11-13T00:10:03.55Z",
        "System.CreatedBy": "Kapasakalidis, Panagiotis <pkapasakalidis@mgb.org>",
        "System.ChangedDate": "2019-11-16T17:23:18.69Z",
        "System.ChangedBy": "Kapasakalidis, Panagiotis <pkapasakalidis@mgb.org>",
        "System.Title": "Remove Employee User",
        "Microsoft.VSTS.Scheduling.Effort": 0.0,
        "System.Description": null,
        "System.AssignedTo": "Eugene Clark <ehclark@mgb.org>",
        "Microsoft.VSTS.Scheduling.RemainingWork": 0.0,
        "Microsoft.VSTS.Common.Priority": 2.0,
        "System.BoardLane": null,
        "System.Tags": null,
        "Microsoft.VSTS.TCM.Steps": null,
        "Microsoft.VSTS.TCM.Parameters": null,
        "Microsoft.VSTS.TCM.LocalDataSource": null,
        "Microsoft.VSTS.TCM.AutomationStatus": null,
        "System.History": null
      },
      "relations": [
        {
          "rel": "System.LinkTypes.Hierarchy-Reverse",
          "url": "https://dev.azure.com/MGB-DEV/_apis/wit/workItems/132",
          "attributes": {
            "isLocked": "false",
            "name": "Parent"
          }
        },
        {
          "rel": "System.LinkTypes.Hierarchy-Forward",
          "url": "https://dev.azure.com/MGB-DEV/_apis/wit/workItems/107",
          "attributes": {
            "isLocked": "false",
            "name": "Child"
          }
        },
        {
          "rel": "System.LinkTypes.Hierarchy-Forward",
          "url": "https://dev.azure.com/MGB-DEV/_apis/wit/workItems/109",
          "attributes": {
            "isLocked": "false",
            "name": "Child"
          }
        },
        {
          "rel": "System.LinkTypes.Hierarchy-Forward",
          "url": "https://dev.azure.com/MGB-DEV/_apis/wit/workItems/108",
          "attributes": {
            "isLocked": "false",
            "name": "Child"
          }
        }
      ],
      "url": "https://dev.azure.com/MGB-DEV/_apis/wit/workItems/106"
    },
    {
      "id": 110,
      "rev": 6,
      "fields": {
        "System.AreaPath": "$ProjectName$\\PPM-HIP",
        "System.TeamProject": "DEMO-CMMI",
        "System.IterationPath": "$ProjectName$\\PPM-HIP",
        "System.WorkItemType": "Feature",
        "System.State": "Proposed",
        "System.Reason": "New",
        "System.CreatedDate": "2019-11-13T00:10:03.55Z",
        "System.CreatedBy": "Kapasakalidis, Panagiotis <pkapasakalidis@mgb.org>",
        "System.ChangedDate": "2022-12-07T16:36:01.34Z",
        "System.ChangedBy": "Mburu, Bart Henya <bmburu1@partners.org>",
        "System.Title": "Set User Privileges",
        "Microsoft.VSTS.Scheduling.Effort": 0.0,
        "System.Description": null,
        "System.AssignedTo": "Eugene Clark <ehclark@mgb.org>",
        "Microsoft.VSTS.Scheduling.RemainingWork": 0.0,
        "Microsoft.VSTS.Common.Priority": 2.0,
        "System.BoardLane": null,
        "System.Tags": null,
        "Microsoft.VSTS.TCM.Steps": null,
        "Microsoft.VSTS.TCM.Parameters": null,
        "Microsoft.VSTS.TCM.LocalDataSource": null,
        "Microsoft.VSTS.TCM.AutomationStatus": null,
        "System.History": null
      },
      "relations": [
        {
          "rel": "System.LinkTypes.Hierarchy-Reverse",
          "url": "https://dev.azure.com/MGB-DEV/_apis/wit/workItems/132",
          "attributes": {
            "isLocked": "false",
            "name": "Parent"
          }
        },
        {
          "rel": "System.LinkTypes.Hierarchy-Forward",
          "url": "https://dev.azure.com/MGB-DEV/_apis/wit/workItems/111",
          "attributes": {
            "isLocked": "false",
            "name": "Child"
          }
        },
        {
          "rel": "System.LinkTypes.Hierarchy-Forward",
          "url": "https://dev.azure.com/MGB-DEV/_apis/wit/workItems/112",
          "attributes": {
            "isLocked": "false",
            "name": "Child"
          }
        },
        {
          "rel": "System.LinkTypes.Hierarchy-Forward",
          "url": "https://dev.azure.com/MGB-DEV/_apis/wit/workItems/113",
          "attributes": {
            "isLocked": "false",
            "name": "Child"
          }
        },
        {
          "rel": "ArtifactLink",
          "url": "vstfs:///Git/Commit/1fae89f5-0dca-4497-b0cd-8a16794a4eef%2f0be2b275-2954-4f2e-9473-0dbeca21dcbe%2fd85fff0d19b6fc61238a2d375c7b56faf24d8259",
          "attributes": {
            "authorizedDate": "2022-12-07T16:36:01.34Z",
            "id": "4906678",
            "resourceCreatedDate": "2022-12-07T16:36:01.34Z",
            "resourceModifiedDate": "2022-12-07T16:36:01.34Z",
            "revisedDate": "9999-01-01T00:00:00Z",
            "name": "Fixed in Commit"
          }
        },
        {
          "rel": "ArtifactLink",
          "url": "vstfs:///Git/Commit/1fae89f5-0dca-4497-b0cd-8a16794a4eef%2f0be2b275-2954-4f2e-9473-0dbeca21dcbe%2f1b4e9aad22781f2f28b5dfb82b097698c8235002",
          "attributes": {
            "authorizedDate": "2022-12-07T16:35:58.74Z",
            "id": "4906648",
            "resourceCreatedDate": "2022-12-07T16:35:58.74Z",
            "resourceModifiedDate": "2022-12-07T16:35:58.74Z",
            "revisedDate": "9999-01-01T00:00:00Z",
            "name": "Fixed in Commit"
          }
        }
      ],
      "url": "https://dev.azure.com/MGB-DEV/_apis/wit/workItems/110"
    },
    {
      "id": 114,
      "rev": 5,
      "fields": {
        "System.AreaPath": "$ProjectName$\\PPM-HIP",
        "System.TeamProject": "DEMO-CMMI",
        "System.IterationPath": "$ProjectName$\\PPM-HIP",
        "System.WorkItemType": "Feature",
        "System.State": "Proposed",
        "System.Reason": "New",
        "System.CreatedDate": "2019-11-13T00:10:03.55Z",
        "System.CreatedBy": "Kapasakalidis, Panagiotis <pkapasakalidis@mgb.org>",
        "System.ChangedDate": "2022-12-07T16:36:01.34Z",
        "System.ChangedBy": "Mburu, Bart Henya <bmburu1@partners.org>",
        "System.Title": "Environments",
        "Microsoft.VSTS.Scheduling.Effort": 0.0,
        "System.Description": null,
        "System.AssignedTo": "Eugene Clark <ehclark@mgb.org>",
        "Microsoft.VSTS.Scheduling.RemainingWork": 0.0,
        "Microsoft.VSTS.Common.Priority": 2.0,
        "System.BoardLane": null,
        "System.Tags": null,
        "Microsoft.VSTS.TCM.Steps": null,
        "Microsoft.VSTS.TCM.Parameters": null,
        "Microsoft.VSTS.TCM.LocalDataSource": null,
        "Microsoft.VSTS.TCM.AutomationStatus": null,
        "System.History": null
      },
      "relations": [
        {
          "rel": "System.LinkTypes.Hierarchy-Reverse",
          "url": "https://dev.azure.com/MGB-DEV/_apis/wit/workItems/133",
          "attributes": {
            "isLocked": "false",
            "name": "Parent"
          }
        },
        {
          "rel": "ArtifactLink",
          "url": "vstfs:///Git/Commit/1fae89f5-0dca-4497-b0cd-8a16794a4eef%2f0be2b275-2954-4f2e-9473-0dbeca21dcbe%2fe6a3eef8c6b654356d7c302a9077f267600cc9c8",
          "attributes": {
            "authorizedDate": "2022-12-07T16:36:01.34Z",
            "id": "4906680",
            "resourceCreatedDate": "2022-12-07T16:36:01.34Z",
            "resourceModifiedDate": "2022-12-07T16:36:01.34Z",
            "revisedDate": "9999-01-01T00:00:00Z",
            "name": "Fixed in Commit"
          }
        },
        {
          "rel": "ArtifactLink",
          "url": "vstfs:///Git/Commit/1fae89f5-0dca-4497-b0cd-8a16794a4eef%2f0be2b275-2954-4f2e-9473-0dbeca21dcbe%2fd85fff0d19b6fc61238a2d375c7b56faf24d8259",
          "attributes": {
            "authorizedDate": "2022-12-07T16:36:01.34Z",
            "id": "4906679",
            "resourceCreatedDate": "2022-12-07T16:36:01.34Z",
            "resourceModifiedDate": "2022-12-07T16:36:01.34Z",
            "revisedDate": "9999-01-01T00:00:00Z",
            "name": "Fixed in Commit"
          }
        }
      ],
      "url": "https://dev.azure.com/MGB-DEV/_apis/wit/workItems/114"
    },
    {
      "id": 115,
      "rev": 6,
      "fields": {
        "System.AreaPath": "$ProjectName$\\PPM-HIP",
        "System.TeamProject": "DEMO-CMMI",
        "System.IterationPath": "$ProjectName$\\PPM-HIP",
        "System.WorkItemType": "Feature",
        "System.State": "Proposed",
        "System.Reason": "New",
        "System.CreatedDate": "2019-11-13T00:10:03.55Z",
        "System.CreatedBy": "Kapasakalidis, Panagiotis <pkapasakalidis@mgb.org>",
        "System.ChangedDate": "2022-12-07T16:36:01.34Z",
        "System.ChangedBy": "Mburu, Bart Henya <bmburu1@partners.org>",
        "System.Title": "CI/CD",
        "Microsoft.VSTS.Scheduling.Effort": 0.0,
        "System.Description": null,
        "System.AssignedTo": "Eugene Clark <ehclark@mgb.org>",
        "Microsoft.VSTS.Scheduling.RemainingWork": 0.0,
        "Microsoft.VSTS.Common.Priority": 2.0,
        "System.BoardLane": null,
        "System.Tags": null,
        "Microsoft.VSTS.TCM.Steps": null,
        "Microsoft.VSTS.TCM.Parameters": null,
        "Microsoft.VSTS.TCM.LocalDataSource": null,
        "Microsoft.VSTS.TCM.AutomationStatus": null,
        "System.History": null
      },
      "relations": [
        {
          "rel": "System.LinkTypes.Hierarchy-Reverse",
          "url": "https://dev.azure.com/MGB-DEV/_apis/wit/workItems/133",
          "attributes": {
            "isLocked": "false",
            "name": "Parent"
          }
        },
        {
          "rel": "System.LinkTypes.Hierarchy-Forward",
          "url": "https://dev.azure.com/MGB-DEV/_apis/wit/workItems/116",
          "attributes": {
            "isLocked": "false",
            "name": "Child"
          }
        },
        {
          "rel": "System.LinkTypes.Hierarchy-Forward",
          "url": "https://dev.azure.com/MGB-DEV/_apis/wit/workItems/122",
          "attributes": {
            "isLocked": "false",
            "name": "Child"
          }
        },
        {
          "rel": "System.LinkTypes.Hierarchy-Forward",
          "url": "https://dev.azure.com/MGB-DEV/_apis/wit/workItems/120",
          "attributes": {
            "isLocked": "false",
            "name": "Child"
          }
        },
        {
          "rel": "System.LinkTypes.Hierarchy-Forward",
          "url": "https://dev.azure.com/MGB-DEV/_apis/wit/workItems/124",
          "attributes": {
            "isLocked": "false",
            "name": "Child"
          }
        },
        {
          "rel": "System.LinkTypes.Hierarchy-Forward",
          "url": "https://dev.azure.com/MGB-DEV/_apis/wit/workItems/118",
          "attributes": {
            "isLocked": "false",
            "name": "Child"
          }
        },
        {
          "rel": "ArtifactLink",
          "url": "vstfs:///Git/Commit/1fae89f5-0dca-4497-b0cd-8a16794a4eef%2f0be2b275-2954-4f2e-9473-0dbeca21dcbe%2f0ba6e7e0b5d959a5b842a6a2b6173bde4b74a2a5",
          "attributes": {
            "authorizedDate": "2022-12-07T16:35:58.23Z",
            "id": "4906645",
            "resourceCreatedDate": "2022-12-07T16:35:58.23Z",
            "resourceModifiedDate": "2022-12-07T16:35:58.23Z",
            "revisedDate": "9999-01-01T00:00:00Z",
            "name": "Fixed in Commit"
          }
        },
        {
          "rel": "ArtifactLink",
          "url": "vstfs:///Git/Commit/1fae89f5-0dca-4497-b0cd-8a16794a4eef%2f0be2b275-2954-4f2e-9473-0dbeca21dcbe%2fd85fff0d19b6fc61238a2d375c7b56faf24d8259",
          "attributes": {
            "authorizedDate": "2022-12-07T16:36:01.34Z",
            "id": "4906673",
            "resourceCreatedDate": "2022-12-07T16:36:01.34Z",
            "resourceModifiedDate": "2022-12-07T16:36:01.34Z",
            "revisedDate": "9999-01-01T00:00:00Z",
            "name": "Fixed in Commit"
          }
        }
      ],
      "url": "https://dev.azure.com/MGB-DEV/_apis/wit/workItems/115"
    },
    {
      "id": 501,
      "rev": 4,
      "fields": {
        "System.AreaPath": "DEMO-CMMI",
        "System.TeamProject": "DEMO-CMMI",
        "System.IterationPath": "DEMO-CMMI",
        "System.WorkItemType": "Feature",
        "System.State": "Proposed",
        "System.Reason": "New",
        "System.CreatedDate": "2020-01-17T01:01:35.807Z",
        "System.CreatedBy": "Nicholas Barboutis <nbarboutis@mgb.org>",
        "System.ChangedDate": "2020-01-17T01:32:09.453Z",
        "System.ChangedBy": "Nicholas Barboutis <nbarboutis@mgb.org>",
        "System.Title": "My Custom Extension (integrating files with versioning capabilities)",
        "Microsoft.VSTS.Scheduling.Effort": 0.0,
        "System.Description": "<div>Requirement: Building test extension.</div>",
        "System.AssignedTo": "Nicholas Barboutis <nbarboutis@mgb.org>",
        "Microsoft.VSTS.Scheduling.RemainingWork": 0.0,
        "Microsoft.VSTS.Common.Priority": 2.0,
        "System.BoardLane": null,
        "System.Tags": null,
        "Microsoft.VSTS.TCM.Steps": null,
        "Microsoft.VSTS.TCM.Parameters": null,
        "Microsoft.VSTS.TCM.LocalDataSource": null,
        "Microsoft.VSTS.TCM.AutomationStatus": null,
        "System.History": null
      },
      "relations": [
        {
          "rel": "System.LinkTypes.Hierarchy-Forward",
          "url": "https://dev.azure.com/MGB-DEV/_apis/wit/workItems/502",
          "attributes": {
            "isLocked": "false",
            "name": "Child"
          }
        },
        {
          "rel": "System.LinkTypes.Hierarchy-Forward",
          "url": "https://dev.azure.com/MGB-DEV/_apis/wit/workItems/503",
          "attributes": {
            "isLocked": "false",
            "name": "Child"
          }
        },
        {
          "rel": "System.LinkTypes.Hierarchy-Forward",
          "url": "https://dev.azure.com/MGB-DEV/_apis/wit/workItems/504",
          "attributes": {
            "isLocked": "false",
            "name": "Child"
          }
        }
      ],
      "url": "https://dev.azure.com/MGB-DEV/_apis/wit/workItems/501"
    },
    {
      "id": 570,
      "rev": 6,
      "fields": {
        "System.AreaPath": "$ProjectName$\\Demo Project",
        "System.TeamProject": "DEMO-CMMI",
        "System.IterationPath": "$ProjectName$\\Demo Project\\MAR",
        "System.WorkItemType": "Feature",
        "System.State": "Proposed",
        "System.Reason": "Investigation Complete",
        "System.CreatedDate": "2020-02-03T19:50:42.617Z",
        "System.CreatedBy": "Jolin, Ian W. <ijolin@mgb.org>",
        "System.ChangedDate": "2023-12-26T18:21:16.42Z",
        "System.ChangedBy": "Jolin, Ian W. <ijolin@mgb.org>",
        "System.Title": "Splash Page",
        "Microsoft.VSTS.Scheduling.Effort": 0.0,
        "System.Description": null,
        "System.AssignedTo": "Jolin, Ian W. <ijolin@mgb.org>",
        "Microsoft.VSTS.Scheduling.RemainingWork": 0.0,
        "Microsoft.VSTS.Common.Priority": 2.0,
        "System.BoardLane": null,
        "System.Tags": null,
        "Microsoft.VSTS.TCM.Steps": null,
        "Microsoft.VSTS.TCM.Parameters": null,
        "Microsoft.VSTS.TCM.LocalDataSource": null,
        "Microsoft.VSTS.TCM.AutomationStatus": null,
        "System.History": null
      },
      "relations": [
        {
          "rel": "System.LinkTypes.Hierarchy-Reverse",
          "url": "https://dev.azure.com/MGB-DEV/_apis/wit/workItems/568",
          "attributes": {
            "isLocked": "false",
            "name": "Parent"
          }
        },
        {
          "rel": "System.LinkTypes.Hierarchy-Forward",
          "url": "https://dev.azure.com/MGB-DEV/_apis/wit/workItems/577",
          "attributes": {
            "isLocked": "false",
            "name": "Child"
          }
        },
        {
          "rel": "System.LinkTypes.Hierarchy-Forward",
          "url": "https://dev.azure.com/MGB-DEV/_apis/wit/workItems/575",
          "attributes": {
            "isLocked": "false",
            "name": "Child"
          }
        },
        {
          "rel": "System.LinkTypes.Hierarchy-Forward",
          "url": "https://dev.azure.com/MGB-DEV/_apis/wit/workItems/576",
          "attributes": {
            "isLocked": "false",
            "name": "Child"
          }
        }
      ],
      "url": "https://dev.azure.com/MGB-DEV/_apis/wit/workItems/570"
    },
    {
      "id": 571,
      "rev": 5,
      "fields": {
        "System.AreaPath": "$ProjectName$\\Demo Project",
        "System.TeamProject": "DEMO-CMMI",
        "System.IterationPath": "$ProjectName$\\Demo Project",
        "System.WorkItemType": "Feature",
        "System.State": "Proposed",
        "System.Reason": "Investigation Complete",
        "System.CreatedDate": "2020-02-03T19:51:29.78Z",
        "System.CreatedBy": "Jolin, Ian W. <ijolin@mgb.org>",
        "System.ChangedDate": "2023-12-26T18:25:25.72Z",
        "System.ChangedBy": "Jolin, Ian W. <ijolin@mgb.org>",
        "System.Title": "Submission Form",
        "Microsoft.VSTS.Scheduling.Effort": 0.0,
        "System.Description": null,
        "System.AssignedTo": "Jolin, Ian W. <ijolin@mgb.org>",
        "Microsoft.VSTS.Scheduling.RemainingWork": 0.0,
        "Microsoft.VSTS.Common.Priority": 2.0,
        "System.BoardLane": null,
        "System.Tags": null,
        "Microsoft.VSTS.TCM.Steps": null,
        "Microsoft.VSTS.TCM.Parameters": null,
        "Microsoft.VSTS.TCM.LocalDataSource": null,
        "Microsoft.VSTS.TCM.AutomationStatus": null,
        "System.History": null
      },
      "relations": [
        {
          "rel": "System.LinkTypes.Hierarchy-Forward",
          "url": "https://dev.azure.com/MGB-DEV/_apis/wit/workItems/578",
          "attributes": {
            "isLocked": "false",
            "name": "Child"
          }
        },
        {
          "rel": "System.LinkTypes.Hierarchy-Reverse",
          "url": "https://dev.azure.com/MGB-DEV/_apis/wit/workItems/568",
          "attributes": {
            "isLocked": "false",
            "name": "Parent"
          }
        }
      ],
      "url": "https://dev.azure.com/MGB-DEV/_apis/wit/workItems/571"
    },
    {
      "id": 572,
      "rev": 4,
      "fields": {
        "System.AreaPath": "$ProjectName$\\Demo Project",
        "System.TeamProject": "DEMO-CMMI",
        "System.IterationPath": "$ProjectName$\\Demo Project",
        "System.WorkItemType": "Feature",
        "System.State": "Proposed",
        "System.Reason": "Investigation Complete",
        "System.CreatedDate": "2020-02-03T19:52:10.677Z",
        "System.CreatedBy": "Jolin, Ian W. <ijolin@mgb.org>",
        "System.ChangedDate": "2023-12-26T18:25:32.87Z",
        "System.ChangedBy": "Jolin, Ian W. <ijolin@mgb.org>",
        "System.Title": "Application Rview Page",
        "Microsoft.VSTS.Scheduling.Effort": 0.0,
        "System.Description": null,
        "System.AssignedTo": "Jolin, Ian W. <ijolin@mgb.org>",
        "Microsoft.VSTS.Scheduling.RemainingWork": 0.0,
        "Microsoft.VSTS.Common.Priority": 2.0,
        "System.BoardLane": null,
        "System.Tags": null,
        "Microsoft.VSTS.TCM.Steps": null,
        "Microsoft.VSTS.TCM.Parameters": null,
        "Microsoft.VSTS.TCM.LocalDataSource": null,
        "Microsoft.VSTS.TCM.AutomationStatus": null,
        "System.History": null
      },
      "relations": [
        {
          "rel": "System.LinkTypes.Hierarchy-Reverse",
          "url": "https://dev.azure.com/MGB-DEV/_apis/wit/workItems/568",
          "attributes": {
            "isLocked": "false",
            "name": "Parent"
          }
        },
        {
          "rel": "System.LinkTypes.Hierarchy-Forward",
          "url": "https://dev.azure.com/MGB-DEV/_apis/wit/workItems/574",
          "attributes": {
            "isLocked": "false",
            "name": "Child"
          }
        }
      ],
      "url": "https://dev.azure.com/MGB-DEV/_apis/wit/workItems/572"
    },
    {
      "id": 573,
      "rev": 8,
      "fields": {
        "System.AreaPath": "$ProjectName$\\Demo Project",
        "System.TeamProject": "DEMO-CMMI",
        "System.IterationPath": "$ProjectName$\\Demo Project\\FEB",
        "System.WorkItemType": "Feature",
        "System.State": "Active",
        "System.Reason": "Accepted",
        "System.CreatedDate": "2020-02-03T19:53:32.927Z",
        "System.CreatedBy": "Jolin, Ian W. <ijolin@mgb.org>",
        "System.ChangedDate": "2024-01-17T20:28:15.923Z",
        "System.ChangedBy": "Jolin, Ian W. <ijolin@mgb.org>",
        "System.Title": "EPIC SMOKE TEST",
        "Microsoft.VSTS.Scheduling.Effort": 0.0,
        "System.Description": null,
        "System.AssignedTo": "Jolin, Ian W. <ijolin@mgb.org>",
        "Microsoft.VSTS.Scheduling.RemainingWork": 0.0,
        "Microsoft.VSTS.Common.Priority": 2.0,
        "System.BoardLane": null,
        "System.Tags": null,
        "Microsoft.VSTS.TCM.Steps": null,
        "Microsoft.VSTS.TCM.Parameters": null,
        "Microsoft.VSTS.TCM.LocalDataSource": null,
        "Microsoft.VSTS.TCM.AutomationStatus": null,
        "System.History": null
      },
      "relations": [
        {
          "rel": "System.LinkTypes.Hierarchy-Forward",
          "url": "https://dev.azure.com/MGB-DEV/_apis/wit/workItems/257272",
          "attributes": {
            "isLocked": "false",
            "name": "Child"
          }
        },
        {
          "rel": "System.LinkTypes.Hierarchy-Forward",
          "url": "https://dev.azure.com/MGB-DEV/_apis/wit/workItems/257327",
          "attributes": {
            "isLocked": "false",
            "name": "Child"
          }
        },
        {
          "rel": "System.LinkTypes.Hierarchy-Forward",
          "url": "https://dev.azure.com/MGB-DEV/_apis/wit/workItems/238083",
          "attributes": {
            "isLocked": "false",
            "name": "Child"
          }
        },
        {
          "rel": "System.LinkTypes.Hierarchy-Forward",
          "url": "https://dev.azure.com/MGB-DEV/_apis/wit/workItems/257194",
          "attributes": {
            "isLocked": "false",
            "name": "Child"
          }
        },
        {
          "rel": "System.LinkTypes.Hierarchy-Forward",
          "url": "https://dev.azure.com/MGB-DEV/_apis/wit/workItems/257242",
          "attributes": {
            "isLocked": "false",
            "name": "Child"
          }
        },
        {
          "rel": "System.LinkTypes.Hierarchy-Forward",
          "url": "https://dev.azure.com/MGB-DEV/_apis/wit/workItems/238075",
          "attributes": {
            "isLocked": "false",
            "name": "Child"
          }
        },
        {
          "rel": "System.LinkTypes.Hierarchy-Forward",
          "url": "https://dev.azure.com/MGB-DEV/_apis/wit/workItems/257342",
          "attributes": {
            "isLocked": "false",
            "name": "Child"
          }
        },
        {
          "rel": "System.LinkTypes.Hierarchy-Forward",
          "url": "https://dev.azure.com/MGB-DEV/_apis/wit/workItems/257337",
          "attributes": {
            "isLocked": "false",
            "name": "Child"
          }
        },
        {
          "rel": "System.LinkTypes.Hierarchy-Forward",
          "url": "https://dev.azure.com/MGB-DEV/_apis/wit/workItems/257207",
          "attributes": {
            "isLocked": "false",
            "name": "Child"
          }
        },
        {
          "rel": "System.LinkTypes.Hierarchy-Forward",
          "url": "https://dev.azure.com/MGB-DEV/_apis/wit/workItems/257352",
          "attributes": {
            "isLocked": "false",
            "name": "Child"
          }
        },
        {
          "rel": "System.LinkTypes.Hierarchy-Forward",
          "url": "https://dev.azure.com/MGB-DEV/_apis/wit/workItems/257367",
          "attributes": {
            "isLocked": "false",
            "name": "Child"
          }
        },
        {
          "rel": "System.LinkTypes.Hierarchy-Forward",
          "url": "https://dev.azure.com/MGB-DEV/_apis/wit/workItems/257212",
          "attributes": {
            "isLocked": "false",
            "name": "Child"
          }
        },
        {
          "rel": "System.LinkTypes.Hierarchy-Forward",
          "url": "https://dev.azure.com/MGB-DEV/_apis/wit/workItems/238078",
          "attributes": {
            "isLocked": "false",
            "name": "Child"
          }
        },
        {
          "rel": "System.LinkTypes.Hierarchy-Forward",
          "url": "https://dev.azure.com/MGB-DEV/_apis/wit/workItems/257287",
          "attributes": {
            "isLocked": "false",
            "name": "Child"
          }
        },
        {
          "rel": "System.LinkTypes.Hierarchy-Forward",
          "url": "https://dev.azure.com/MGB-DEV/_apis/wit/workItems/257237",
          "attributes": {
            "isLocked": "false",
            "name": "Child"
          }
        },
        {
          "rel": "System.LinkTypes.Hierarchy-Reverse",
          "url": "https://dev.azure.com/MGB-DEV/_apis/wit/workItems/568",
          "attributes": {
            "isLocked": "false",
            "name": "Parent"
          }
        },
        {
          "rel": "System.LinkTypes.Hierarchy-Forward",
          "url": "https://dev.azure.com/MGB-DEV/_apis/wit/workItems/257222",
          "attributes": {
            "isLocked": "false",
            "name": "Child"
          }
        },
        {
          "rel": "System.LinkTypes.Hierarchy-Forward",
          "url": "https://dev.azure.com/MGB-DEV/_apis/wit/workItems/257297",
          "attributes": {
            "isLocked": "false",
            "name": "Child"
          }
        },
        {
          "rel": "System.LinkTypes.Hierarchy-Forward",
          "url": "https://dev.azure.com/MGB-DEV/_apis/wit/workItems/257372",
          "attributes": {
            "isLocked": "false",
            "name": "Child"
          }
        },
        {
          "rel": "System.LinkTypes.Hierarchy-Forward",
          "url": "https://dev.azure.com/MGB-DEV/_apis/wit/workItems/257307",
          "attributes": {
            "isLocked": "false",
            "name": "Child"
          }
        },
        {
          "rel": "System.LinkTypes.Hierarchy-Forward",
          "url": "https://dev.azure.com/MGB-DEV/_apis/wit/workItems/257267",
          "attributes": {
            "isLocked": "false",
            "name": "Child"
          }
        },
        {
          "rel": "System.LinkTypes.Hierarchy-Forward",
          "url": "https://dev.azure.com/MGB-DEV/_apis/wit/workItems/257317",
          "attributes": {
            "isLocked": "false",
            "name": "Child"
          }
        },
        {
          "rel": "System.LinkTypes.Hierarchy-Forward",
          "url": "https://dev.azure.com/MGB-DEV/_apis/wit/workItems/257332",
          "attributes": {
            "isLocked": "false",
            "name": "Child"
          }
        },
        {
          "rel": "System.LinkTypes.Hierarchy-Forward",
          "url": "https://dev.azure.com/MGB-DEV/_apis/wit/workItems/257257",
          "attributes": {
            "isLocked": "false",
            "name": "Child"
          }
        },
        {
          "rel": "System.LinkTypes.Hierarchy-Forward",
          "url": "https://dev.azure.com/MGB-DEV/_apis/wit/workItems/257322",
          "attributes": {
            "isLocked": "false",
            "name": "Child"
          }
        },
        {
          "rel": "System.LinkTypes.Hierarchy-Forward",
          "url": "https://dev.azure.com/MGB-DEV/_apis/wit/workItems/257252",
          "attributes": {
            "isLocked": "false",
            "name": "Child"
          }
        },
        {
          "rel": "System.LinkTypes.Hierarchy-Forward",
          "url": "https://dev.azure.com/MGB-DEV/_apis/wit/workItems/257357",
          "attributes": {
            "isLocked": "false",
            "name": "Child"
          }
        },
        {
          "rel": "System.LinkTypes.Hierarchy-Forward",
          "url": "https://dev.azure.com/MGB-DEV/_apis/wit/workItems/257227",
          "attributes": {
            "isLocked": "false",
            "name": "Child"
          }
        },
        {
          "rel": "System.LinkTypes.Hierarchy-Forward",
          "url": "https://dev.azure.com/MGB-DEV/_apis/wit/workItems/257282",
          "attributes": {
            "isLocked": "false",
            "name": "Child"
          }
        },
        {
          "rel": "System.LinkTypes.Hierarchy-Forward",
          "url": "https://dev.azure.com/MGB-DEV/_apis/wit/workItems/257217",
          "attributes": {
            "isLocked": "false",
            "name": "Child"
          }
        },
        {
          "rel": "System.LinkTypes.Hierarchy-Forward",
          "url": "https://dev.azure.com/MGB-DEV/_apis/wit/workItems/257302",
          "attributes": {
            "isLocked": "false",
            "name": "Child"
          }
        },
        {
          "rel": "System.LinkTypes.Hierarchy-Forward",
          "url": "https://dev.azure.com/MGB-DEV/_apis/wit/workItems/257262",
          "attributes": {
            "isLocked": "false",
            "name": "Child"
          }
        },
        {
          "rel": "System.LinkTypes.Hierarchy-Forward",
          "url": "https://dev.azure.com/MGB-DEV/_apis/wit/workItems/257362",
          "attributes": {
            "isLocked": "false",
            "name": "Child"
          }
        },
        {
          "rel": "System.LinkTypes.Hierarchy-Forward",
          "url": "https://dev.azure.com/MGB-DEV/_apis/wit/workItems/257202",
          "attributes": {
            "isLocked": "false",
            "name": "Child"
          }
        },
        {
          "rel": "System.LinkTypes.Hierarchy-Forward",
          "url": "https://dev.azure.com/MGB-DEV/_apis/wit/workItems/257061",
          "attributes": {
            "isLocked": "false",
            "name": "Child"
          }
        },
        {
          "rel": "System.LinkTypes.Hierarchy-Forward",
          "url": "https://dev.azure.com/MGB-DEV/_apis/wit/workItems/257292",
          "attributes": {
            "isLocked": "false",
            "name": "Child"
          }
        },
        {
          "rel": "System.LinkTypes.Hierarchy-Forward",
          "url": "https://dev.azure.com/MGB-DEV/_apis/wit/workItems/257312",
          "attributes": {
            "isLocked": "false",
            "name": "Child"
          }
        },
        {
          "rel": "System.LinkTypes.Hierarchy-Forward",
          "url": "https://dev.azure.com/MGB-DEV/_apis/wit/workItems/257347",
          "attributes": {
            "isLocked": "false",
            "name": "Child"
          }
        },
        {
          "rel": "System.LinkTypes.Hierarchy-Forward",
          "url": "https://dev.azure.com/MGB-DEV/_apis/wit/workItems/257232",
          "attributes": {
            "isLocked": "false",
            "name": "Child"
          }
        },
        {
          "rel": "System.LinkTypes.Hierarchy-Forward",
          "url": "https://dev.azure.com/MGB-DEV/_apis/wit/workItems/257247",
          "attributes": {
            "isLocked": "false",
            "name": "Child"
          }
        },
        {
          "rel": "System.LinkTypes.Hierarchy-Forward",
          "url": "https://dev.azure.com/MGB-DEV/_apis/wit/workItems/257277",
          "attributes": {
            "isLocked": "false",
            "name": "Child"
          }
        }
      ],
      "url": "https://dev.azure.com/MGB-DEV/_apis/wit/workItems/573"
    },
    {
      "id": 238088,
      "rev": 5,
      "fields": {
        "System.AreaPath": "$ProjectName$\\Demo Project",
        "System.TeamProject": "DEMO-CMMI",
        "System.IterationPath": "$ProjectName$\\Demo Project\\MAY",
        "System.WorkItemType": "Feature",
        "System.State": "Proposed",
        "System.Reason": "Investigation Complete",
        "System.CreatedDate": "2021-04-06T16:26:48.947Z",
        "System.CreatedBy": "Jolin, Ian W. <ijolin@mgb.org>",
        "System.ChangedDate": "2023-12-26T18:22:36.713Z",
        "System.ChangedBy": "Jolin, Ian W. <ijolin@mgb.org>",
        "System.Title": "Feature 1",
        "Microsoft.VSTS.Scheduling.Effort": 0.0,
        "System.Description": null,
        "System.AssignedTo": "Jolin, Ian W. <ijolin@mgb.org>",
        "Microsoft.VSTS.Scheduling.RemainingWork": 0.0,
        "Microsoft.VSTS.Common.Priority": 2.0,
        "System.BoardLane": null,
        "System.Tags": null,
        "Microsoft.VSTS.TCM.Steps": null,
        "Microsoft.VSTS.TCM.Parameters": null,
        "Microsoft.VSTS.TCM.LocalDataSource": null,
        "Microsoft.VSTS.TCM.AutomationStatus": null,
        "System.History": null
      },
      "relations": [
        {
          "rel": "System.LinkTypes.Hierarchy-Forward",
          "url": "https://dev.azure.com/MGB-DEV/_apis/wit/workItems/238092",
          "attributes": {
            "isLocked": "false",
            "name": "Child"
          }
        },
        {
          "rel": "System.LinkTypes.Hierarchy-Forward",
          "url": "https://dev.azure.com/MGB-DEV/_apis/wit/workItems/238091",
          "attributes": {
            "isLocked": "false",
            "name": "Child"
          }
        },
        {
          "rel": "System.LinkTypes.Hierarchy-Reverse",
          "url": "https://dev.azure.com/MGB-DEV/_apis/wit/workItems/238087",
          "attributes": {
            "isLocked": "false",
            "name": "Parent"
          }
        }
      ],
      "url": "https://dev.azure.com/MGB-DEV/_apis/wit/workItems/238088"
    },
    {
      "id": 238089,
      "rev": 5,
      "fields": {
        "System.AreaPath": "$ProjectName$\\Demo Project",
        "System.TeamProject": "DEMO-CMMI",
        "System.IterationPath": "$ProjectName$\\Demo Project\\MAY",
        "System.WorkItemType": "Feature",
        "System.State": "Proposed",
        "System.Reason": "Investigation Complete",
        "System.CreatedDate": "2021-04-06T16:26:58.58Z",
        "System.CreatedBy": "Jolin, Ian W. <ijolin@mgb.org>",
        "System.ChangedDate": "2023-12-26T18:22:46.23Z",
        "System.ChangedBy": "Jolin, Ian W. <ijolin@mgb.org>",
        "System.Title": "Feature 2",
        "Microsoft.VSTS.Scheduling.Effort": 0.0,
        "System.Description": null,
        "System.AssignedTo": "Jolin, Ian W. <ijolin@mgb.org>",
        "Microsoft.VSTS.Scheduling.RemainingWork": 0.0,
        "Microsoft.VSTS.Common.Priority": 2.0,
        "System.BoardLane": null,
        "System.Tags": null,
        "Microsoft.VSTS.TCM.Steps": null,
        "Microsoft.VSTS.TCM.Parameters": null,
        "Microsoft.VSTS.TCM.LocalDataSource": null,
        "Microsoft.VSTS.TCM.AutomationStatus": null,
        "System.History": null
      },
      "relations": [
        {
          "rel": "System.LinkTypes.Hierarchy-Forward",
          "url": "https://dev.azure.com/MGB-DEV/_apis/wit/workItems/238093",
          "attributes": {
            "isLocked": "false",
            "name": "Child"
          }
        },
        {
          "rel": "System.LinkTypes.Hierarchy-Forward",
          "url": "https://dev.azure.com/MGB-DEV/_apis/wit/workItems/229270",
          "attributes": {
            "isLocked": "false",
            "name": "Child"
          }
        },
        {
          "rel": "System.LinkTypes.Hierarchy-Reverse",
          "url": "https://dev.azure.com/MGB-DEV/_apis/wit/workItems/238087",
          "attributes": {
            "isLocked": "false",
            "name": "Parent"
          }
        },
        {
          "rel": "System.LinkTypes.Hierarchy-Forward",
          "url": "https://dev.azure.com/MGB-DEV/_apis/wit/workItems/238094",
          "attributes": {
            "isLocked": "false",
            "name": "Child"
          }
        }
      ],
      "url": "https://dev.azure.com/MGB-DEV/_apis/wit/workItems/238089"
    },
    {
      "id": 238090,
      "rev": 5,
      "fields": {
        "System.AreaPath": "$ProjectName$\\Demo Project",
        "System.TeamProject": "DEMO-CMMI",
        "System.IterationPath": "$ProjectName$\\Demo Project\\JUN",
        "System.WorkItemType": "Feature",
        "System.State": "Proposed",
        "System.Reason": "Investigation Complete",
        "System.CreatedDate": "2021-04-06T16:27:09.517Z",
        "System.CreatedBy": "Jolin, Ian W. <ijolin@mgb.org>",
        "System.ChangedDate": "2023-12-26T18:22:54.217Z",
        "System.ChangedBy": "Jolin, Ian W. <ijolin@mgb.org>",
        "System.Title": "Feature 3",
        "Microsoft.VSTS.Scheduling.Effort": 0.0,
        "System.Description": null,
        "System.AssignedTo": "Jolin, Ian W. <ijolin@mgb.org>",
        "Microsoft.VSTS.Scheduling.RemainingWork": 0.0,
        "Microsoft.VSTS.Common.Priority": 2.0,
        "System.BoardLane": null,
        "System.Tags": null,
        "Microsoft.VSTS.TCM.Steps": null,
        "Microsoft.VSTS.TCM.Parameters": null,
        "Microsoft.VSTS.TCM.LocalDataSource": null,
        "Microsoft.VSTS.TCM.AutomationStatus": null,
        "System.History": null
      },
      "relations": [
        {
          "rel": "System.LinkTypes.Hierarchy-Forward",
          "url": "https://dev.azure.com/MGB-DEV/_apis/wit/workItems/257066",
          "attributes": {
            "isLocked": "false",
            "name": "Child"
          }
        },
        {
          "rel": "System.LinkTypes.Hierarchy-Reverse",
          "url": "https://dev.azure.com/MGB-DEV/_apis/wit/workItems/238087",
          "attributes": {
            "isLocked": "false",
            "name": "Parent"
          }
        },
        {
          "rel": "System.LinkTypes.Hierarchy-Forward",
          "url": "https://dev.azure.com/MGB-DEV/_apis/wit/workItems/238096",
          "attributes": {
            "isLocked": "false",
            "name": "Child"
          }
        },
        {
          "rel": "System.LinkTypes.Hierarchy-Forward",
          "url": "https://dev.azure.com/MGB-DEV/_apis/wit/workItems/257083",
          "attributes": {
            "isLocked": "false",
            "name": "Child"
          }
        },
        {
          "rel": "System.LinkTypes.Hierarchy-Forward",
          "url": "https://dev.azure.com/MGB-DEV/_apis/wit/workItems/256950",
          "attributes": {
            "isLocked": "false",
            "name": "Child"
          }
        },
        {
          "rel": "System.LinkTypes.Hierarchy-Forward",
          "url": "https://dev.azure.com/MGB-DEV/_apis/wit/workItems/238095",
          "attributes": {
            "isLocked": "false",
            "name": "Child"
          }
        }
      ],
      "url": "https://dev.azure.com/MGB-DEV/_apis/wit/workItems/238090"
    },
    {
      "id": 256689,
      "rev": 3,
      "fields": {
        "System.AreaPath": "$ProjectName$\\ServiceNow",
        "System.TeamProject": "DEMO-CMMI",
        "System.IterationPath": "$ProjectName$\\ServiceNow",
        "System.WorkItemType": "Feature",
        "System.State": "Active",
        "System.Reason": "Accepted",
        "System.CreatedDate": "2022-09-02T13:42:23.737Z",
        "System.CreatedBy": "Balaji Singh <bsingh@mgb.org>",
        "System.ChangedDate": "2022-09-02T13:51:15.307Z",
        "System.ChangedBy": "Balaji Singh <bsingh@mgb.org>",
        "System.Title": "Feature 1",
        "Microsoft.VSTS.Scheduling.Effort": 0.0,
        "System.Description": null,
        "System.AssignedTo": "Balaji Singh <bsingh@mgb.org>",
        "Microsoft.VSTS.Scheduling.RemainingWork": 0.0,
        "Microsoft.VSTS.Common.Priority": 2.0,
        "System.BoardLane": null,
        "System.Tags": null,
        "Microsoft.VSTS.TCM.Steps": null,
        "Microsoft.VSTS.TCM.Parameters": null,
        "Microsoft.VSTS.TCM.LocalDataSource": null,
        "Microsoft.VSTS.TCM.AutomationStatus": null,
        "System.History": null
      },
      "relations": [
        {
          "rel": "System.LinkTypes.Hierarchy-Forward",
          "url": "https://dev.azure.com/MGB-DEV/_apis/wit/workItems/256691",
          "attributes": {
            "isLocked": "false",
            "name": "Child"
          }
        },
        {
          "rel": "System.LinkTypes.Hierarchy-Reverse",
          "url": "https://dev.azure.com/MGB-DEV/_apis/wit/workItems/256688",
          "attributes": {
            "isLocked": "false",
            "name": "Parent"
          }
        }
      ],
      "url": "https://dev.azure.com/MGB-DEV/_apis/wit/workItems/256689"
    },
    {
      "id": 256690,
      "rev": 2,
      "fields": {
        "System.AreaPath": "$ProjectName$\\ServiceNow",
        "System.TeamProject": "DEMO-CMMI",
        "System.IterationPath": "$ProjectName$\\ServiceNow",
        "System.WorkItemType": "Feature",
        "System.State": "Proposed",
        "System.Reason": "New",
        "System.CreatedDate": "2022-09-02T13:42:34.543Z",
        "System.CreatedBy": "Balaji Singh <bsingh@mgb.org>",
        "System.ChangedDate": "2022-09-02T13:42:34.543Z",
        "System.ChangedBy": "Balaji Singh <bsingh@mgb.org>",
        "System.Title": "Feature 2",
        "Microsoft.VSTS.Scheduling.Effort": 0.0,
        "System.Description": null,
        "System.AssignedTo": "Balaji Singh <bsingh@mgb.org>",
        "Microsoft.VSTS.Scheduling.RemainingWork": 0.0,
        "Microsoft.VSTS.Common.Priority": 2.0,
        "System.BoardLane": null,
        "System.Tags": null,
        "Microsoft.VSTS.TCM.Steps": null,
        "Microsoft.VSTS.TCM.Parameters": null,
        "Microsoft.VSTS.TCM.LocalDataSource": null,
        "Microsoft.VSTS.TCM.AutomationStatus": null,
        "System.History": null
      },
      "relations": [
        {
          "rel": "System.LinkTypes.Hierarchy-Reverse",
          "url": "https://dev.azure.com/MGB-DEV/_apis/wit/workItems/256688",
          "attributes": {
            "isLocked": "false",
            "name": "Parent"
          }
        },
        {
          "rel": "System.LinkTypes.Hierarchy-Forward",
          "url": "https://dev.azure.com/MGB-DEV/_apis/wit/workItems/256694",
          "attributes": {
            "isLocked": "false",
            "name": "Child"
          }
        }
      ],
      "url": "https://dev.azure.com/MGB-DEV/_apis/wit/workItems/256690"
    },
    {
      "id": 256697,
      "rev": 5,
      "fields": {
        "System.AreaPath": "$ProjectName$\\ServiceNow",
        "System.TeamProject": "DEMO-CMMI",
        "System.IterationPath": "$ProjectName$\\ServiceNow\\Sprint 1",
        "System.WorkItemType": "Feature",
        "System.State": "Active",
        "System.Reason": "Closed in Error",
        "System.CreatedDate": "2022-09-02T15:22:03.73Z",
        "System.CreatedBy": "Brandon Regalado <bregalado@mgb.org>",
        "System.ChangedDate": "2022-09-02T15:47:18.46Z",
        "System.ChangedBy": "Brandon Regalado <bregalado@mgb.org>",
        "System.Title": "Update Forms",
        "Microsoft.VSTS.Scheduling.Effort": 2.0,
        "System.Description": "<div><span style=\"font-size:11.0pt;font-family:&quot;Calibri&quot;,sans-serif;\">Update\nexisting forms to display the subscription table(s) rather than the\nnotification message table(s)</span><br> </div>",
        "System.AssignedTo": "Brandon Regalado <bregalado@mgb.org>",
        "Microsoft.VSTS.Scheduling.RemainingWork": 0.0,
        "Microsoft.VSTS.Common.Priority": 2.0,
        "System.BoardLane": null,
        "System.Tags": null,
        "Microsoft.VSTS.TCM.Steps": null,
        "Microsoft.VSTS.TCM.Parameters": null,
        "Microsoft.VSTS.TCM.LocalDataSource": null,
        "Microsoft.VSTS.TCM.AutomationStatus": null,
        "System.History": null
      },
      "relations": [
        {
          "rel": "System.LinkTypes.Hierarchy-Reverse",
          "url": "https://dev.azure.com/MGB-DEV/_apis/wit/workItems/256696",
          "attributes": {
            "isLocked": "false",
            "name": "Parent"
          }
        },
        {
          "rel": "System.LinkTypes.Hierarchy-Forward",
          "url": "https://dev.azure.com/MGB-DEV/_apis/wit/workItems/256698",
          "attributes": {
            "isLocked": "false",
            "name": "Child"
          }
        },
        {
          "rel": "System.LinkTypes.Hierarchy-Forward",
          "url": "https://dev.azure.com/MGB-DEV/_apis/wit/workItems/256699",
          "attributes": {
            "isLocked": "false",
            "name": "Child"
          }
        }
      ],
      "url": "https://dev.azure.com/MGB-DEV/_apis/wit/workItems/256697"
    },
    {
      "id": 256700,
      "rev": 4,
      "fields": {
        "System.AreaPath": "$ProjectName$\\ServiceNow",
        "System.TeamProject": "DEMO-CMMI",
        "System.IterationPath": "$ProjectName$\\ServiceNow\\Sprint 1",
        "System.WorkItemType": "Feature",
        "System.State": "Active",
        "System.Reason": "Closed in Error",
        "System.CreatedDate": "2022-09-02T15:27:21.097Z",
        "System.CreatedBy": "Brandon Regalado <bregalado@mgb.org>",
        "System.ChangedDate": "2022-09-02T15:47:19.137Z",
        "System.ChangedBy": "Brandon Regalado <bregalado@mgb.org>",
        "System.Title": "Update Reports/Dashboard/etc.",
        "Microsoft.VSTS.Scheduling.Effort": 0.0,
        "System.Description": "<div>Create/Update reports, dashboards, homepages, etc. to\naccurately display current list of subscribers when viewing CI information. </div>",
        "System.AssignedTo": "Brandon Regalado <bregalado@mgb.org>",
        "Microsoft.VSTS.Scheduling.RemainingWork": 0.0,
        "Microsoft.VSTS.Common.Priority": 2.0,
        "System.BoardLane": null,
        "System.Tags": null,
        "Microsoft.VSTS.TCM.Steps": null,
        "Microsoft.VSTS.TCM.Parameters": null,
        "Microsoft.VSTS.TCM.LocalDataSource": null,
        "Microsoft.VSTS.TCM.AutomationStatus": null,
        "System.History": null
      },
      "relations": [
        {
          "rel": "System.LinkTypes.Hierarchy-Reverse",
          "url": "https://dev.azure.com/MGB-DEV/_apis/wit/workItems/256696",
          "attributes": {
            "isLocked": "false",
            "name": "Parent"
          }
        }
      ],
      "url": "https://dev.azure.com/MGB-DEV/_apis/wit/workItems/256700"
    },
    {
      "id": 256706,
      "rev": 1,
      "fields": {
        "System.AreaPath": "$ProjectName$\\ServiceNow",
        "System.TeamProject": "DEMO-CMMI",
        "System.IterationPath": "$ProjectName$\\ServiceNow\\Sprint 1",
        "System.WorkItemType": "Feature",
        "System.State": "Proposed",
        "System.Reason": "New",
        "System.CreatedDate": "2022-09-09T15:01:51.27Z",
        "System.CreatedBy": "Brandon Regalado <bregalado@mgb.org>",
        "System.ChangedDate": "2022-09-09T15:01:51.27Z",
        "System.ChangedBy": "Brandon Regalado <bregalado@mgb.org>",
        "System.Title": "Activate Plugin",
        "Microsoft.VSTS.Scheduling.Effort": 0.0,
        "System.Description": null,
        "System.AssignedTo": "Brandon Regalado <bregalado@mgb.org>",
        "Microsoft.VSTS.Scheduling.RemainingWork": 0.0,
        "Microsoft.VSTS.Common.Priority": 2.0,
        "System.BoardLane": null,
        "System.Tags": null,
        "Microsoft.VSTS.TCM.Steps": null,
        "Microsoft.VSTS.TCM.Parameters": null,
        "Microsoft.VSTS.TCM.LocalDataSource": null,
        "Microsoft.VSTS.TCM.AutomationStatus": null,
        "System.History": null
      },
      "relations": [
        {
          "rel": "System.LinkTypes.Hierarchy-Forward",
          "url": "https://dev.azure.com/MGB-DEV/_apis/wit/workItems/256707",
          "attributes": {
            "isLocked": "false",
            "name": "Child"
          }
        },
        {
          "rel": "System.LinkTypes.Hierarchy-Forward",
          "url": "https://dev.azure.com/MGB-DEV/_apis/wit/workItems/256709",
          "attributes": {
            "isLocked": "false",
            "name": "Child"
          }
        },
        {
          "rel": "System.LinkTypes.Hierarchy-Reverse",
          "url": "https://dev.azure.com/MGB-DEV/_apis/wit/workItems/256705",
          "attributes": {
            "isLocked": "false",
            "name": "Parent"
          }
        },
        {
          "rel": "System.LinkTypes.Hierarchy-Forward",
          "url": "https://dev.azure.com/MGB-DEV/_apis/wit/workItems/256708",
          "attributes": {
            "isLocked": "false",
            "name": "Child"
          }
        }
      ],
      "url": "https://dev.azure.com/MGB-DEV/_apis/wit/workItems/256706"
    },
    {
      "id": 256714,
      "rev": 2,
      "fields": {
        "System.AreaPath": "$ProjectName$\\ServiceNow",
        "System.TeamProject": "DEMO-CMMI",
        "System.IterationPath": "$ProjectName$\\ServiceNow\\Sprint 1",
        "System.WorkItemType": "Feature",
        "System.State": "Active",
        "System.Reason": "Accepted",
        "System.CreatedDate": "2022-09-09T15:16:02.867Z",
        "System.CreatedBy": "Brandon Regalado <bregalado@mgb.org>",
        "System.ChangedDate": "2022-09-09T15:18:55.643Z",
        "System.ChangedBy": "Brandon Regalado <bregalado@mgb.org>",
        "System.Title": "User receives auto-reply when no action is taken by ServiceNow in response to an email",
        "Microsoft.VSTS.Scheduling.Effort": 0.0,
        "System.Description": null,
        "System.AssignedTo": "Brandon Regalado <bregalado@mgb.org>",
        "Microsoft.VSTS.Scheduling.RemainingWork": 0.0,
        "Microsoft.VSTS.Common.Priority": 2.0,
        "System.BoardLane": null,
        "System.Tags": null,
        "Microsoft.VSTS.TCM.Steps": null,
        "Microsoft.VSTS.TCM.Parameters": null,
        "Microsoft.VSTS.TCM.LocalDataSource": null,
        "Microsoft.VSTS.TCM.AutomationStatus": null,
        "System.History": null
      },
      "relations": [
        {
          "rel": "System.LinkTypes.Hierarchy-Forward",
          "url": "https://dev.azure.com/MGB-DEV/_apis/wit/workItems/256703",
          "attributes": {
            "isLocked": "false",
            "name": "Child"
          }
        },
        {
          "rel": "System.LinkTypes.Hierarchy-Forward",
          "url": "https://dev.azure.com/MGB-DEV/_apis/wit/workItems/256702",
          "attributes": {
            "isLocked": "false",
            "name": "Child"
          }
        },
        {
          "rel": "System.LinkTypes.Hierarchy-Reverse",
          "url": "https://dev.azure.com/MGB-DEV/_apis/wit/workItems/256701",
          "attributes": {
            "isLocked": "false",
            "name": "Parent"
          }
        }
      ],
      "url": "https://dev.azure.com/MGB-DEV/_apis/wit/workItems/256714"
    },
    {
      "id": 256715,
      "rev": 1,
      "fields": {
        "System.AreaPath": "$ProjectName$\\ServiceNow",
        "System.TeamProject": "DEMO-CMMI",
        "System.IterationPath": "$ProjectName$\\ServiceNow\\Sprint 1",
        "System.WorkItemType": "Feature",
        "System.State": "Proposed",
        "System.Reason": "New",
        "System.CreatedDate": "2022-09-09T15:54:17.18Z",
        "System.CreatedBy": "David Nguyen <DNGUYEN51@PARTNERS.ORG>",
        "System.ChangedDate": "2022-09-09T15:54:17.18Z",
        "System.ChangedBy": "David Nguyen <DNGUYEN51@PARTNERS.ORG>",
        "System.Title": "Add spell check to the form",
        "Microsoft.VSTS.Scheduling.Effort": 2.0,
        "System.Description": "<div>Payer relation team is looking for spellcheck functions on the form </div>",
        "System.AssignedTo": "David Nguyen <DNGUYEN51@PARTNERS.ORG>",
        "Microsoft.VSTS.Scheduling.RemainingWork": 0.0,
        "Microsoft.VSTS.Common.Priority": 2.0,
        "System.BoardLane": null,
        "System.Tags": null,
        "Microsoft.VSTS.TCM.Steps": null,
        "Microsoft.VSTS.TCM.Parameters": null,
        "Microsoft.VSTS.TCM.LocalDataSource": null,
        "Microsoft.VSTS.TCM.AutomationStatus": null,
        "System.History": null
      },
      "relations": [
        {
          "rel": "System.LinkTypes.Hierarchy-Reverse",
          "url": "https://dev.azure.com/MGB-DEV/_apis/wit/workItems/256712",
          "attributes": {
            "isLocked": "false",
            "name": "Parent"
          }
        },
        {
          "rel": "System.LinkTypes.Hierarchy-Forward",
          "url": "https://dev.azure.com/MGB-DEV/_apis/wit/workItems/256718",
          "attributes": {
            "isLocked": "false",
            "name": "Child"
          }
        },
        {
          "rel": "System.LinkTypes.Hierarchy-Forward",
          "url": "https://dev.azure.com/MGB-DEV/_apis/wit/workItems/256716",
          "attributes": {
            "isLocked": "false",
            "name": "Child"
          }
        }
      ],
      "url": "https://dev.azure.com/MGB-DEV/_apis/wit/workItems/256715"
    },
    {
      "id": 256720,
      "rev": 1,
      "fields": {
        "System.AreaPath": "$ProjectName$\\ServiceNow",
        "System.TeamProject": "DEMO-CMMI",
        "System.IterationPath": "$ProjectName$\\ServiceNow\\Sprint 1",
        "System.WorkItemType": "Feature",
        "System.State": "Proposed",
        "System.Reason": "New",
        "System.CreatedDate": "2022-09-12T15:08:35.06Z",
        "System.CreatedBy": "Balaji Singh <bsingh@mgb.org>",
        "System.ChangedDate": "2022-09-12T15:08:35.06Z",
        "System.ChangedBy": "Balaji Singh <bsingh@mgb.org>",
        "System.Title": "KB articles",
        "Microsoft.VSTS.Scheduling.Effort": 0.0,
        "System.Description": null,
        "System.AssignedTo": "Balaji Singh <bsingh@mgb.org>",
        "Microsoft.VSTS.Scheduling.RemainingWork": 0.0,
        "Microsoft.VSTS.Common.Priority": 2.0,
        "System.BoardLane": null,
        "System.Tags": null,
        "Microsoft.VSTS.TCM.Steps": null,
        "Microsoft.VSTS.TCM.Parameters": null,
        "Microsoft.VSTS.TCM.LocalDataSource": null,
        "Microsoft.VSTS.TCM.AutomationStatus": null,
        "System.History": null
      },
      "relations": [
        {
          "rel": "System.LinkTypes.Hierarchy-Forward",
          "url": "https://dev.azure.com/MGB-DEV/_apis/wit/workItems/256722",
          "attributes": {
            "isLocked": "false",
            "name": "Child"
          }
        },
        {
          "rel": "System.LinkTypes.Hierarchy-Forward",
          "url": "https://dev.azure.com/MGB-DEV/_apis/wit/workItems/256721",
          "attributes": {
            "isLocked": "false",
            "name": "Child"
          }
        },
        {
          "rel": "System.LinkTypes.Hierarchy-Reverse",
          "url": "https://dev.azure.com/MGB-DEV/_apis/wit/workItems/256719",
          "attributes": {
            "isLocked": "false",
            "name": "Parent"
          }
        }
      ],
      "url": "https://dev.azure.com/MGB-DEV/_apis/wit/workItems/256720"
    },
    {
      "id": 256725,
      "rev": 3,
      "fields": {
        "System.AreaPath": "$ProjectName$\\ServiceNow",
        "System.TeamProject": "DEMO-CMMI",
        "System.IterationPath": "$ProjectName$\\ServiceNow\\Sprint 1",
        "System.WorkItemType": "Feature",
        "System.State": "Proposed",
        "System.Reason": "New",
        "System.CreatedDate": "2022-09-13T16:16:35.61Z",
        "System.CreatedBy": "Balaji Singh <bsingh@mgb.org>",
        "System.ChangedDate": "2022-09-13T20:37:24.54Z",
        "System.ChangedBy": "Balaji Singh <bsingh@mgb.org>",
        "System.Title": "Update individual user information through script",
        "Microsoft.VSTS.Scheduling.Effort": 0.0,
        "System.Description": "<div>Create a common function which will take a user id (ex. bs950), and will get that user information from AD through LDAP integration.&nbsp; We should be able to invoke this function from script behind an inbound action, or a RESTful web service. </div>",
        "System.AssignedTo": "Andrew Tufts <atufts1@partners.org>",
        "Microsoft.VSTS.Scheduling.RemainingWork": 0.0,
        "Microsoft.VSTS.Common.Priority": 2.0,
        "System.BoardLane": null,
        "System.Tags": null,
        "Microsoft.VSTS.TCM.Steps": null,
        "Microsoft.VSTS.TCM.Parameters": null,
        "Microsoft.VSTS.TCM.LocalDataSource": null,
        "Microsoft.VSTS.TCM.AutomationStatus": null,
        "System.History": null
      },
      "relations": [
        {
          "rel": "System.LinkTypes.Hierarchy-Reverse",
          "url": "https://dev.azure.com/MGB-DEV/_apis/wit/workItems/256724",
          "attributes": {
            "isLocked": "false",
            "name": "Parent"
          }
        }
      ],
      "url": "https://dev.azure.com/MGB-DEV/_apis/wit/workItems/256725"
    }
  ],
  "HttpStatusCode": 0,
  "Message": null
}