{
  "count": 1,
  "value": [
    {
      "id": 257401,
      "rev": 1,
      "fields": {
        "System.AreaPath": "$ProjectName$\\RECOVER-i2b2 Team",
        "System.TeamProject": "DEMO-CMMI",
        "System.IterationPath": "DEMO-CMMI",
        "System.WorkItemType": "Issue",
        "System.State": "Proposed",
        "System.Reason": "New",
        "System.CreatedDate": "2024-01-31T19:00:47.06Z",
        "System.CreatedBy": "Allan Harris <ajharris@mgb.org>",
        "System.ChangedDate": "2024-01-31T19:00:47.06Z",
        "System.ChangedBy": "Allan Harris <ajharris@mgb.org>",
        "System.Title": "Test Issue 1",
        "Microsoft.VSTS.Scheduling.Effort": 0.0,
        "System.Description": null,
        "System.AssignedTo": "Allan Harris <ajharris@mgb.org>",
        "Microsoft.VSTS.Scheduling.RemainingWork": 0.0,
        "Microsoft.VSTS.Common.Priority": 2.0,
        "System.BoardLane": null,
        "System.Tags": null,
        "Microsoft.VSTS.TCM.Steps": null,
        "Microsoft.VSTS.TCM.Parameters": null,
        "Microsoft.VSTS.TCM.LocalDataSource": null,
        "Microsoft.VSTS.TCM.AutomationStatus": null,
        "System.History": null
      },
      "relations": [
        {
          "rel": "Microsoft.VSTS.Common.Affects-Forward",
          "url": "https://dev.azure.com/MGB-DEV/_apis/wit/workItems/257400",
          "attributes": {
            "isLocked": "false",
            "name": "Affects"
          }
        }
      ],
      "url": "https://dev.azure.com/MGB-DEV/_apis/wit/workItems/257401"
    }
  ],
  "HttpStatusCode": 0,
  "Message": null
}