{
  "count": 1,
  "value": [
    {
      "id": 240861,
      "rev": 6,
      "fields": {
        "System.AreaPath": "DEMO-CMMI",
        "System.TeamProject": "DEMO-CMMI",
        "System.IterationPath": "DEMO-CMMI",
        "System.WorkItemType": "Risk",
        "System.State": "Closed",
        "System.Reason": "Mitigated",
        "System.CreatedDate": "2021-09-02T13:43:14.647Z",
        "System.CreatedBy": "Kapasakalidis, Panagiotis <pkapasakalidis@mgb.org>",
        "System.ChangedDate": "2021-09-02T13:45:52.183Z",
        "System.ChangedBy": "Kapasakalidis, Panagiotis <pkapasakalidis@mgb.org>",
        "System.Title": "Test Risk for Takis",
        "Microsoft.VSTS.Scheduling.Effort": 0.0,
        "System.Description": null,
        "System.AssignedTo": "Kapasakalidis, Panagiotis <pkapasakalidis@mgb.org>",
        "Microsoft.VSTS.Scheduling.RemainingWork": 0.0,
        "Microsoft.VSTS.Common.Priority": 2.0,
        "System.BoardLane": null,
        "System.Tags": null,
        "Microsoft.VSTS.TCM.Steps": null,
        "Microsoft.VSTS.TCM.Parameters": null,
        "Microsoft.VSTS.TCM.LocalDataSource": null,
        "Microsoft.VSTS.TCM.AutomationStatus": null,
        "System.History": null
      },
      "relations": null,
      "url": "https://dev.azure.com/MGB-DEV/_apis/wit/workItems/240861"
    }
  ],
  "HttpStatusCode": 0,
  "Message": null
}