{
  "count": 7,
  "value": [
    {
      "id": 125314,
      "rev": 1,
      "fields": {
        "System.AreaPath": "$ProjectName$\\PeC\\Cadence",
        "System.TeamProject": "DEMO-CMMI",
        "System.IterationPath": "DEMO-CMMI",
        "System.WorkItemType": "Shared Steps",
        "System.State": "Active",
        "System.Reason": "New",
        "System.CreatedDate": "2020-06-01T14:32:16.18Z",
        "System.CreatedBy": "Jessie Macasaquit <jmacasaquit@partners.org>",
        "System.ChangedDate": "2020-06-01T14:32:16.18Z",
        "System.ChangedBy": "Jessie Macasaquit <jmacasaquit@partners.org>",
        "System.Title": "LoginA",
        "Microsoft.VSTS.Scheduling.Effort": 0.0,
        "System.Description": null,
        "System.AssignedTo": "Jessie Macasaquit <jmacasaquit@partners.org>",
        "Microsoft.VSTS.Scheduling.RemainingWork": 0.0,
        "Microsoft.VSTS.Common.Priority": 2.0,
        "System.BoardLane": null,
        "System.Tags": null,
        "Microsoft.VSTS.TCM.Steps": "<steps id=\"0\" last=\"2\"><step id=\"1\" type=\"ActionStep\"><parameterizedString isformatted=\"true\">&lt;DIV&gt;&lt;DIV&gt;&lt;P&gt;login as @username&lt;/P&gt;&lt;/DIV&gt;&lt;/DIV&gt;</parameterizedString><parameterizedString isformatted=\"true\">&lt;DIV&gt;&lt;P&gt;&lt;BR/&gt;&lt;/P&gt;&lt;/DIV&gt;</parameterizedString><description/></step><step id=\"2\" type=\"ActionStep\"><parameterizedString isformatted=\"true\">&lt;DIV&gt;&lt;DIV&gt;&lt;P&gt;select @department&lt;/P&gt;&lt;/DIV&gt;&lt;/DIV&gt;</parameterizedString><parameterizedString isformatted=\"true\">&lt;DIV&gt;&lt;P&gt;&lt;BR/&gt;&lt;/P&gt;&lt;/DIV&gt;</parameterizedString><description/></step></steps>",
        "Microsoft.VSTS.TCM.Parameters": "<parameters><param name=\"username\" bind=\"default\"/><param name=\"department\" bind=\"default\"/></parameters>",
        "Microsoft.VSTS.TCM.LocalDataSource": null,
        "Microsoft.VSTS.TCM.AutomationStatus": null,
        "System.History": null
      },
      "relations": [
        {
          "rel": "Microsoft.VSTS.TestCase.SharedStepReferencedBy-Forward",
          "url": "https://dev.azure.com/MGB-DEV/_apis/wit/workItems/125298",
          "attributes": {
            "isLocked": "false",
            "name": "Test Case"
          }
        },
        {
          "rel": "Microsoft.VSTS.TestCase.SharedStepReferencedBy-Forward",
          "url": "https://dev.azure.com/MGB-DEV/_apis/wit/workItems/536",
          "attributes": {
            "isLocked": "false",
            "name": "Test Case"
          }
        }
      ],
      "url": "https://dev.azure.com/MGB-DEV/_apis/wit/workItems/125314"
    },
    {
      "id": 133807,
      "rev": 1,
      "fields": {
        "System.AreaPath": "$ProjectName$\\PeC\\Cadence",
        "System.TeamProject": "DEMO-CMMI",
        "System.IterationPath": "DEMO-CMMI",
        "System.WorkItemType": "Shared Steps",
        "System.State": "Active",
        "System.Reason": "New",
        "System.CreatedDate": "2020-06-02T13:31:17.663Z",
        "System.CreatedBy": "Microsoft.VisualStudio.Services.TFS <00000002-0000-8888-8000-000000000000@2c895908-04e0-4952-89fd-54b0046d6288>",
        "System.ChangedDate": "2020-06-02T13:31:17.663Z",
        "System.ChangedBy": "Corvese, Danielle Morrison <DCORVESE@PARTNERS.ORG>",
        "System.Title": "LoginA",
        "Microsoft.VSTS.Scheduling.Effort": 0.0,
        "System.Description": null,
        "System.AssignedTo": "Jessie Macasaquit <jmacasaquit@partners.org>",
        "Microsoft.VSTS.Scheduling.RemainingWork": 0.0,
        "Microsoft.VSTS.Common.Priority": 2.0,
        "System.BoardLane": null,
        "System.Tags": null,
        "Microsoft.VSTS.TCM.Steps": "<?xml version=\"1.0\" encoding=\"utf-16\"?>\r\n<steps id=\"0\" last=\"2\">\r\n  <step id=\"1\" type=\"ActionStep\">\r\n    <parameterizedString isformatted=\"true\">&lt;DIV&gt;&lt;DIV&gt;&lt;P&gt;login as @username&lt;/P&gt;&lt;/DIV&gt;&lt;/DIV&gt;</parameterizedString>\r\n    <parameterizedString isformatted=\"true\">&lt;DIV&gt;&lt;P&gt;&lt;BR/&gt;&lt;/P&gt;&lt;/DIV&gt;</parameterizedString>\r\n    <description />\r\n  </step>\r\n  <step id=\"2\" type=\"ActionStep\">\r\n    <parameterizedString isformatted=\"true\">&lt;DIV&gt;&lt;DIV&gt;&lt;P&gt;select @department&lt;/P&gt;&lt;/DIV&gt;&lt;/DIV&gt;</parameterizedString>\r\n    <parameterizedString isformatted=\"true\">&lt;DIV&gt;&lt;P&gt;&lt;BR/&gt;&lt;/P&gt;&lt;/DIV&gt;</parameterizedString>\r\n    <description />\r\n  </step>\r\n</steps>",
        "Microsoft.VSTS.TCM.Parameters": "<parameters><param name=\"username\" bind=\"default\"/><param name=\"department\" bind=\"default\"/></parameters>",
        "Microsoft.VSTS.TCM.LocalDataSource": null,
        "Microsoft.VSTS.TCM.AutomationStatus": null,
        "System.History": "TF237027: Created from clone operation. Clone Operation Id: 12 Source Work Item Id: 125314"
      },
      "relations": [
        {
          "rel": "Microsoft.VSTS.TestCase.SharedStepReferencedBy-Forward",
          "url": "https://dev.azure.com/MGB-DEV/_apis/wit/workItems/133808",
          "attributes": {
            "isLocked": "false",
            "name": "Test Case"
          }
        }
      ],
      "url": "https://dev.azure.com/MGB-DEV/_apis/wit/workItems/133807"
    },
    {
      "id": 133820,
      "rev": 1,
      "fields": {
        "System.AreaPath": "DEMO-CMMI",
        "System.TeamProject": "DEMO-CMMI",
        "System.IterationPath": "DEMO-CMMI",
        "System.WorkItemType": "Shared Steps",
        "System.State": "Active",
        "System.Reason": "New",
        "System.CreatedDate": "2020-06-02T16:19:23.467Z",
        "System.CreatedBy": "Joassaint, Christo <cjoassaint@mgb.org>",
        "System.ChangedDate": "2020-06-02T16:19:23.467Z",
        "System.ChangedBy": "Joassaint, Christo <cjoassaint@mgb.org>",
        "System.Title": "SS #1",
        "Microsoft.VSTS.Scheduling.Effort": 0.0,
        "System.Description": null,
        "System.AssignedTo": "Joassaint, Christo <cjoassaint@mgb.org>",
        "Microsoft.VSTS.Scheduling.RemainingWork": 0.0,
        "Microsoft.VSTS.Common.Priority": 2.0,
        "System.BoardLane": null,
        "System.Tags": null,
        "Microsoft.VSTS.TCM.Steps": "<steps id=\"0\" last=\"1\"><step type=\"ActionStep\" id=\"1\"><parameterizedString isformatted=\"true\">&lt;DIV&gt;&lt;P&gt;Test step 2&lt;BR/&gt;&lt;/P&gt;&lt;/DIV&gt;</parameterizedString><parameterizedString isformatted=\"true\">&lt;DIV&gt;&lt;P&gt;&lt;BR/&gt;&lt;/P&gt;&lt;/DIV&gt;</parameterizedString><description /></step></steps>",
        "Microsoft.VSTS.TCM.Parameters": null,
        "Microsoft.VSTS.TCM.LocalDataSource": null,
        "Microsoft.VSTS.TCM.AutomationStatus": null,
        "System.History": null
      },
      "relations": [
        {
          "rel": "Microsoft.VSTS.TestCase.SharedStepReferencedBy-Forward",
          "url": "https://dev.azure.com/MGB-DEV/_apis/wit/workItems/133819",
          "attributes": {
            "isLocked": "false",
            "name": "Test Case"
          }
        }
      ],
      "url": "https://dev.azure.com/MGB-DEV/_apis/wit/workItems/133820"
    },
    {
      "id": 133823,
      "rev": 2,
      "fields": {
        "System.AreaPath": "DEMO-CMMI",
        "System.TeamProject": "DEMO-CMMI",
        "System.IterationPath": "DEMO-CMMI",
        "System.WorkItemType": "Shared Steps",
        "System.State": "Active",
        "System.Reason": "New",
        "System.CreatedDate": "2020-06-02T16:22:25.01Z",
        "System.CreatedBy": "Joassaint, Christo <cjoassaint@mgb.org>",
        "System.ChangedDate": "2020-06-02T16:22:39.08Z",
        "System.ChangedBy": "Joassaint, Christo <cjoassaint@mgb.org>",
        "System.Title": "SS #2",
        "Microsoft.VSTS.Scheduling.Effort": 0.0,
        "System.Description": null,
        "System.AssignedTo": "Joassaint, Christo <cjoassaint@mgb.org>",
        "Microsoft.VSTS.Scheduling.RemainingWork": 0.0,
        "Microsoft.VSTS.Common.Priority": 2.0,
        "System.BoardLane": null,
        "System.Tags": null,
        "Microsoft.VSTS.TCM.Steps": "<steps id=\"0\" last=\"2\"><step type=\"ActionStep\" id=\"1\"><parameterizedString isformatted=\"true\">&lt;DIV&gt;&lt;P&gt;test 123&lt;BR/&gt;&lt;/P&gt;&lt;/DIV&gt;</parameterizedString><parameterizedString isformatted=\"true\">&lt;DIV&gt;&lt;P&gt;&lt;BR/&gt;&lt;/P&gt;&lt;/DIV&gt;</parameterizedString><description /></step><step type=\"ActionStep\" id=\"2\"><parameterizedString isformatted=\"true\">&lt;DIV&gt;&lt;P&gt;&lt;/P&gt;&lt;/DIV&gt;</parameterizedString><parameterizedString isformatted=\"true\" /><description /></step></steps>",
        "Microsoft.VSTS.TCM.Parameters": "<parameters></parameters>",
        "Microsoft.VSTS.TCM.LocalDataSource": null,
        "Microsoft.VSTS.TCM.AutomationStatus": null,
        "System.History": null
      },
      "relations": [
        {
          "rel": "Microsoft.VSTS.TestCase.SharedStepReferencedBy-Forward",
          "url": "https://dev.azure.com/MGB-DEV/_apis/wit/workItems/133821",
          "attributes": {
            "isLocked": "false",
            "name": "Test Case"
          }
        }
      ],
      "url": "https://dev.azure.com/MGB-DEV/_apis/wit/workItems/133823"
    },
    {
      "id": 164179,
      "rev": 1,
      "fields": {
        "System.AreaPath": "$ProjectName$\\PeC\\Interface",
        "System.TeamProject": "DEMO-CMMI",
        "System.IterationPath": "DEMO-CMMI",
        "System.WorkItemType": "Shared Steps",
        "System.State": "Active",
        "System.Reason": "New",
        "System.CreatedDate": "2020-09-02T14:14:33.56Z",
        "System.CreatedBy": "Jessie Macasaquit <jmacasaquit@partners.org>",
        "System.ChangedDate": "2020-09-02T14:14:33.56Z",
        "System.ChangedBy": "Jessie Macasaquit <jmacasaquit@partners.org>",
        "System.Title": "UNI_001a Log-In",
        "Microsoft.VSTS.Scheduling.Effort": 0.0,
        "System.Description": null,
        "System.AssignedTo": "Jessie Macasaquit <jmacasaquit@partners.org>",
        "Microsoft.VSTS.Scheduling.RemainingWork": 0.0,
        "Microsoft.VSTS.Common.Priority": 2.0,
        "System.BoardLane": null,
        "System.Tags": null,
        "Microsoft.VSTS.TCM.Steps": "<steps id=\"0\" last=\"4\"><step id=\"1\" type=\"ActionStep\"><parameterizedString isformatted=\"true\">&lt;DIV&gt;&lt;DIV&gt;&lt;P&gt;Enter necessary @userida and @passworda and click [Log in]. Press Enter.&lt;/P&gt;&lt;/DIV&gt;&lt;/DIV&gt;</parameterizedString><parameterizedString isformatted=\"true\">&lt;DIV&gt;&lt;P&gt;&lt;BR/&gt;&lt;/P&gt;&lt;/DIV&gt;</parameterizedString><description/></step><step id=\"2\" type=\"ActionStep\"><parameterizedString isformatted=\"true\">&lt;DIV&gt;&lt;DIV&gt;&lt;P style=\"font-family: times new roman;font-size: 16px\"&gt;&lt;SPAN style=\"font-family: segoe ui;font-size: 12px\"&gt;In \"Department\" field, click the magnifying glass icon.&lt;/SPAN&gt;&lt;/P&gt;&lt;/DIV&gt;&lt;/DIV&gt;</parameterizedString><parameterizedString isformatted=\"true\">&lt;DIV&gt;&lt;P&gt;&lt;BR/&gt;&lt;/P&gt;&lt;/DIV&gt;</parameterizedString><description/></step><step id=\"3\" type=\"ActionStep\"><parameterizedString isformatted=\"true\">&lt;DIV&gt;&lt;DIV&gt;&lt;P&gt;Select @departmenta and click [Accept].&lt;/P&gt;&lt;/DIV&gt;&lt;/DIV&gt;</parameterizedString><parameterizedString isformatted=\"true\">&lt;DIV&gt;&lt;P&gt;&lt;BR/&gt;&lt;/P&gt;&lt;/DIV&gt;</parameterizedString><description/></step><step id=\"4\" type=\"ActionStep\"><parameterizedString isformatted=\"true\">&lt;DIV&gt;&lt;P&gt;Click [OK]&lt;/P&gt;&lt;/DIV&gt;</parameterizedString><parameterizedString isformatted=\"true\">&lt;DIV&gt;&lt;P&gt;&lt;BR/&gt;&lt;/P&gt;&lt;/DIV&gt;</parameterizedString><description/></step></steps>",
        "Microsoft.VSTS.TCM.Parameters": "<parameters><param name=\"userida\" bind=\"default\"/><param name=\"passworda\" bind=\"default\"/><param name=\"departmenta\" bind=\"default\"/></parameters>",
        "Microsoft.VSTS.TCM.LocalDataSource": null,
        "Microsoft.VSTS.TCM.AutomationStatus": null,
        "System.History": null
      },
      "relations": [
        {
          "rel": "Microsoft.VSTS.TestCase.SharedStepReferencedBy-Forward",
          "url": "https://dev.azure.com/MGB-DEV/_apis/wit/workItems/125304",
          "attributes": {
            "isLocked": "false",
            "name": "Test Case"
          }
        }
      ],
      "url": "https://dev.azure.com/MGB-DEV/_apis/wit/workItems/164179"
    },
    {
      "id": 164180,
      "rev": 1,
      "fields": {
        "System.AreaPath": "$ProjectName$\\PeC\\Ambulatory\\Kaleidoscope",
        "System.TeamProject": "DEMO-CMMI",
        "System.IterationPath": "DEMO-CMMI",
        "System.WorkItemType": "Shared Steps",
        "System.State": "Active",
        "System.Reason": "New",
        "System.CreatedDate": "2020-09-02T14:39:04.807Z",
        "System.CreatedBy": "Jessie Macasaquit <jmacasaquit@partners.org>",
        "System.ChangedDate": "2020-09-02T14:39:04.807Z",
        "System.ChangedBy": "Jessie Macasaquit <jmacasaquit@partners.org>",
        "System.Title": "UNI_001a Log-In (2)",
        "Microsoft.VSTS.Scheduling.Effort": 0.0,
        "System.Description": null,
        "System.AssignedTo": "Jessie Macasaquit <jmacasaquit@partners.org>",
        "Microsoft.VSTS.Scheduling.RemainingWork": 0.0,
        "Microsoft.VSTS.Common.Priority": 2.0,
        "System.BoardLane": null,
        "System.Tags": null,
        "Microsoft.VSTS.TCM.Steps": "<steps id=\"0\" last=\"4\"><step id=\"1\" type=\"ActionStep\"><parameterizedString isformatted=\"true\">&lt;DIV&gt;&lt;DIV&gt;&lt;P&gt;Enter necessary @userida and @passworda and click [Log in]. Press Enter.&lt;/P&gt;&lt;/DIV&gt;&lt;/DIV&gt;</parameterizedString><parameterizedString isformatted=\"true\">&lt;DIV&gt;&lt;P&gt;&lt;BR/&gt;&lt;/P&gt;&lt;/DIV&gt;</parameterizedString><description/></step><step id=\"2\" type=\"ActionStep\"><parameterizedString isformatted=\"true\">&lt;DIV&gt;&lt;DIV&gt;&lt;P style=\"font-family: times new roman;font-size: 16px\"&gt;&lt;SPAN style=\"font-family: segoe ui;font-size: 12px\"&gt;In \"Department\" field, click the magnifying glass icon.&lt;/SPAN&gt;&lt;/P&gt;&lt;/DIV&gt;&lt;/DIV&gt;</parameterizedString><parameterizedString isformatted=\"true\">&lt;DIV&gt;&lt;P&gt;&lt;BR/&gt;&lt;/P&gt;&lt;/DIV&gt;</parameterizedString><description/></step><step id=\"3\" type=\"ActionStep\"><parameterizedString isformatted=\"true\">&lt;DIV&gt;&lt;DIV&gt;&lt;P&gt;Select @departmenta and click [Accept].&lt;/P&gt;&lt;/DIV&gt;&lt;/DIV&gt;</parameterizedString><parameterizedString isformatted=\"true\">&lt;DIV&gt;&lt;P&gt;&lt;BR/&gt;&lt;/P&gt;&lt;/DIV&gt;</parameterizedString><description/></step><step id=\"4\" type=\"ActionStep\"><parameterizedString isformatted=\"true\">&lt;DIV&gt;&lt;P&gt;Click [OK]&lt;/P&gt;&lt;/DIV&gt;</parameterizedString><parameterizedString isformatted=\"true\">&lt;DIV&gt;&lt;P&gt;&lt;BR/&gt;&lt;/P&gt;&lt;/DIV&gt;</parameterizedString><description/></step></steps>",
        "Microsoft.VSTS.TCM.Parameters": "<parameters><param name=\"userida\" bind=\"default\"/><param name=\"passworda\" bind=\"default\"/><param name=\"departmenta\" bind=\"default\"/></parameters>",
        "Microsoft.VSTS.TCM.LocalDataSource": null,
        "Microsoft.VSTS.TCM.AutomationStatus": null,
        "System.History": null
      },
      "relations": [
        {
          "rel": "Microsoft.VSTS.TestCase.SharedStepReferencedBy-Forward",
          "url": "https://dev.azure.com/MGB-DEV/_apis/wit/workItems/125299",
          "attributes": {
            "isLocked": "false",
            "name": "Test Case"
          }
        },
        {
          "rel": "Microsoft.VSTS.TestCase.SharedStepReferencedBy-Forward",
          "url": "https://dev.azure.com/MGB-DEV/_apis/wit/workItems/125300",
          "attributes": {
            "isLocked": "false",
            "name": "Test Case"
          }
        }
      ],
      "url": "https://dev.azure.com/MGB-DEV/_apis/wit/workItems/164180"
    },
    {
      "id": 238139,
      "rev": 2,
      "fields": {
        "System.AreaPath": "DEMO-CMMI",
        "System.TeamProject": "DEMO-CMMI",
        "System.IterationPath": "DEMO-CMMI",
        "System.WorkItemType": "Shared Steps",
        "System.State": "Active",
        "System.Reason": "New",
        "System.CreatedDate": "2021-08-03T16:16:33.47Z",
        "System.CreatedBy": "Joassaint, Christo <cjoassaint@mgb.org>",
        "System.ChangedDate": "2021-08-03T16:18:52.717Z",
        "System.ChangedBy": "Joassaint, Christo <cjoassaint@mgb.org>",
        "System.Title": "Log in",
        "Microsoft.VSTS.Scheduling.Effort": 0.0,
        "System.Description": null,
        "System.AssignedTo": "Joassaint, Christo <cjoassaint@mgb.org>",
        "Microsoft.VSTS.Scheduling.RemainingWork": 0.0,
        "Microsoft.VSTS.Common.Priority": 2.0,
        "System.BoardLane": null,
        "System.Tags": null,
        "Microsoft.VSTS.TCM.Steps": "<steps id=\"0\" last=\"2\"><step id=\"1\" type=\"ActionStep\"><parameterizedString isformatted=\"true\">&lt;DIV&gt;&lt;P&gt;Type in @userID&lt;/P&gt;&lt;/DIV&gt;</parameterizedString><parameterizedString isformatted=\"true\">&lt;DIV&gt;&lt;P&gt;&lt;BR/&gt;&lt;/P&gt;&lt;/DIV&gt;</parameterizedString><description/></step><step id=\"2\" type=\"ActionStep\"><parameterizedString isformatted=\"true\">&lt;DIV&gt;&lt;P&gt;Type in @password&lt;/P&gt;&lt;/DIV&gt;</parameterizedString><parameterizedString isformatted=\"true\">&lt;DIV&gt;&lt;P&gt;&lt;BR/&gt;&lt;/P&gt;&lt;/DIV&gt;</parameterizedString><description/></step></steps>",
        "Microsoft.VSTS.TCM.Parameters": "<parameters><param name='userID'><value></value></param><param name='password'><value></value></param></parameters>",
        "Microsoft.VSTS.TCM.LocalDataSource": null,
        "Microsoft.VSTS.TCM.AutomationStatus": null,
        "System.History": null
      },
      "relations": [
        {
          "rel": "Microsoft.VSTS.TestCase.SharedStepReferencedBy-Forward",
          "url": "https://dev.azure.com/MGB-DEV/_apis/wit/workItems/238140",
          "attributes": {
            "isLocked": "false",
            "name": "Test Case"
          }
        }
      ],
      "url": "https://dev.azure.com/MGB-DEV/_apis/wit/workItems/238139"
    }
  ],
  "HttpStatusCode": 0,
  "Message": null
}