{
  "count": 5,
  "value": [
    {
      "id": 102860,
      "rev": 55,
      "fields": {
        "System.AreaPath": "DEMO-CMMI",
        "System.TeamProject": "DEMO-CMMI",
        "System.IterationPath": "$ProjectName$\\Demo Project",
        "System.WorkItemType": "Shared Parameter",
        "System.State": "Active",
        "System.Reason": "New Shared Parameter",
        "System.CreatedDate": "2020-05-18T14:55:47.11Z",
        "System.CreatedBy": "Jessie Macasaquit <jmacasaquit@partners.org>",
        "System.ChangedDate": "2024-01-22T15:46:09.967Z",
        "System.ChangedBy": "Jolin, Ian W. <ijolin@mgb.org>",
        "System.Title": "DayforCycle",
        "Microsoft.VSTS.Scheduling.Effort": 0.0,
        "System.Description": null,
        "System.AssignedTo": null,
        "Microsoft.VSTS.Scheduling.RemainingWork": 0.0,
        "Microsoft.VSTS.Common.Priority": 0.0,
        "System.BoardLane": null,
        "System.Tags": null,
        "Microsoft.VSTS.TCM.Steps": null,
        "Microsoft.VSTS.TCM.Parameters": "<parameterSet>\r\n  <paramNames>\r\n    <param>DayForCycleA</param>\r\n    <param>med</param>\r\n    <param>medslist</param>\r\n    <param>patient</param>\r\n    <param>department</param>\r\n    <param>user</param>\r\n    <param>DayForCycleB</param>\r\n    <param />\r\n    <param />\r\n    <param />\r\n  </paramNames>\r\n  <paramData lastId=\"27\">\r\n    <dataRow id=\"1\">\r\n      <kvp key=\"DayForCycleA\" value=\"1\" />\r\n      <kvp key=\"med\" value=\"P001\" />\r\n      <kvp key=\"medslist\" value=\"List001\" />\r\n      <kvp key=\"patient\" value=\"John001\" />\r\n      <kvp key=\"department\" value=\"SURG1\" />\r\n      <kvp key=\"user\" value=\"sh001\" />\r\n      <kvp key=\"DayForCycleB\" value=\"1\" />\r\n    </dataRow>\r\n    <dataRow id=\"16\">\r\n      <kvp key=\"med\" value=\"P002\" />\r\n      <kvp key=\"medslist\" value=\"List002\" />\r\n      <kvp key=\"patient\" value=\"John002\" />\r\n      <kvp key=\"department\" value=\"SURG2\" />\r\n      <kvp key=\"user\" value=\"sh002\" />\r\n      <kvp key=\"DayForCycleB\" value=\"2\" />\r\n    </dataRow>\r\n    <dataRow id=\"18\">\r\n      <kvp key=\"user\" value=\"\" />\r\n      <kvp key=\"med\" value=\"\" />\r\n      <kvp key=\"med\" value=\"\" />\r\n      <kvp key=\"med\" value=\"\" />\r\n      <kvp key=\"medslist\" value=\"\" />\r\n      <kvp key=\"medslist\" value=\"\" />\r\n      <kvp key=\"medslist\" value=\"\" />\r\n      <kvp key=\"patient\" value=\"\" />\r\n      <kvp key=\"patient\" value=\"\" />\r\n      <kvp key=\"patient\" value=\"\" />\r\n      <kvp key=\"department\" value=\"\" />\r\n      <kvp key=\"department\" value=\"\" />\r\n      <kvp key=\"department\" value=\"\" />\r\n      <kvp key=\"DayForCycleB\" value=\"\" />\r\n    </dataRow>\r\n    <dataRow id=\"23\">\r\n      <kvp key=\"user\" value=\"\" />\r\n      <kvp key=\"DayForCycleB\" value=\"\" />\r\n    </dataRow>\r\n    <dataRow id=\"24\">\r\n      <kvp key=\"user\" value=\"Test20240122-1\" />\r\n      <kvp key=\"DayForCycleB\" value=\"Test20240122-6\" />\r\n      <kvp key=\"department\" value=\"Test20240122-2\" />\r\n      <kvp key=\"patient\" value=\"Test20240122-3\" />\r\n      <kvp key=\"medslist\" value=\"Test20240122-4\" />\r\n      <kvp key=\"med\" value=\"Test20240122-5\" />\r\n    </dataRow>\r\n    <dataRow id=\"25\">\r\n      <kvp key=\"user\" value=\"\" />\r\n    </dataRow>\r\n  </paramData>\r\n</parameterSet>",
        "Microsoft.VSTS.TCM.LocalDataSource": null,
        "Microsoft.VSTS.TCM.AutomationStatus": null,
        "System.History": null
      },
      "relations": [
        {
          "rel": "Microsoft.VSTS.TestCase.SharedParameterReferencedBy-Forward",
          "url": "https://dev.azure.com/MGB-DEV/_apis/wit/workItems/558",
          "attributes": {
            "isLocked": "false",
            "name": "Referenced By"
          }
        }
      ],
      "url": "https://dev.azure.com/MGB-DEV/_apis/wit/workItems/102860"
    },
    {
      "id": 102861,
      "rev": 4,
      "fields": {
        "System.AreaPath": "DEMO-CMMI",
        "System.TeamProject": "DEMO-CMMI",
        "System.IterationPath": "$ProjectName$\\Demo Project",
        "System.WorkItemType": "Shared Parameter",
        "System.State": "Inactive",
        "System.Reason": "Shared Parameter Deactivated",
        "System.CreatedDate": "2020-05-18T14:56:55.687Z",
        "System.CreatedBy": "Jessie Macasaquit <jmacasaquit@partners.org>",
        "System.ChangedDate": "2020-05-18T15:01:45.02Z",
        "System.ChangedBy": "Jessie Macasaquit <jmacasaquit@partners.org>",
        "System.Title": "Other",
        "Microsoft.VSTS.Scheduling.Effort": 0.0,
        "System.Description": null,
        "System.AssignedTo": null,
        "Microsoft.VSTS.Scheduling.RemainingWork": 0.0,
        "Microsoft.VSTS.Common.Priority": 0.0,
        "System.BoardLane": null,
        "System.Tags": null,
        "Microsoft.VSTS.TCM.Steps": null,
        "Microsoft.VSTS.TCM.Parameters": "<parameterSet><paramNames /><paramData lastId=\"0\" /></parameterSet>",
        "Microsoft.VSTS.TCM.LocalDataSource": null,
        "Microsoft.VSTS.TCM.AutomationStatus": null,
        "System.History": null
      },
      "relations": null,
      "url": "https://dev.azure.com/MGB-DEV/_apis/wit/workItems/102861"
    },
    {
      "id": 102862,
      "rev": 2,
      "fields": {
        "System.AreaPath": "DEMO-CMMI",
        "System.TeamProject": "DEMO-CMMI",
        "System.IterationPath": "$ProjectName$\\Demo Project",
        "System.WorkItemType": "Shared Parameter",
        "System.State": "Active",
        "System.Reason": "New Shared Parameter",
        "System.CreatedDate": "2020-05-18T14:58:13.043Z",
        "System.CreatedBy": "Jessie Macasaquit <jmacasaquit@partners.org>",
        "System.ChangedDate": "2020-05-18T14:58:24.397Z",
        "System.ChangedBy": "Jessie Macasaquit <jmacasaquit@partners.org>",
        "System.Title": "PermanentDay",
        "Microsoft.VSTS.Scheduling.Effort": 0.0,
        "System.Description": null,
        "System.AssignedTo": null,
        "Microsoft.VSTS.Scheduling.RemainingWork": 0.0,
        "Microsoft.VSTS.Common.Priority": 0.0,
        "System.BoardLane": null,
        "System.Tags": null,
        "Microsoft.VSTS.TCM.Steps": null,
        "Microsoft.VSTS.TCM.Parameters": "<parameterSet><paramNames /><paramData lastId=\"0\" /></parameterSet>",
        "Microsoft.VSTS.TCM.LocalDataSource": null,
        "Microsoft.VSTS.TCM.AutomationStatus": null,
        "System.History": null
      },
      "relations": null,
      "url": "https://dev.azure.com/MGB-DEV/_apis/wit/workItems/102862"
    },
    {
      "id": 256635,
      "rev": 3,
      "fields": {
        "System.AreaPath": "DEMO-CMMI",
        "System.TeamProject": "DEMO-CMMI",
        "System.IterationPath": "DEMO-CMMI",
        "System.WorkItemType": "Shared Parameter",
        "System.State": "Active",
        "System.Reason": "New Shared Parameter",
        "System.CreatedDate": "2022-02-09T23:12:40.57Z",
        "System.CreatedBy": "JianJing Qin <jjqin@mgb.org>",
        "System.ChangedDate": "2022-02-09T23:27:29.317Z",
        "System.ChangedBy": "JianJing Qin <jjqin@mgb.org>",
        "System.Title": "testSP",
        "Microsoft.VSTS.Scheduling.Effort": 0.0,
        "System.Description": null,
        "System.AssignedTo": null,
        "Microsoft.VSTS.Scheduling.RemainingWork": 0.0,
        "Microsoft.VSTS.Common.Priority": 0.0,
        "System.BoardLane": null,
        "System.Tags": null,
        "Microsoft.VSTS.TCM.Steps": null,
        "Microsoft.VSTS.TCM.Parameters": "<parameterSet><paramNames><param>a1</param><param>a2</param></paramNames><paramData lastId=\"1\"><dataRow id=\"1\"><kvp key=\"a1\" value=\"1\"/><kvp key=\"a2\" value=\"q\"/></dataRow></paramData></parameterSet>",
        "Microsoft.VSTS.TCM.LocalDataSource": null,
        "Microsoft.VSTS.TCM.AutomationStatus": null,
        "System.History": null
      },
      "relations": null,
      "url": "https://dev.azure.com/MGB-DEV/_apis/wit/workItems/256635"
    },
    {
      "id": 257179,
      "rev": 1,
      "fields": {
        "System.AreaPath": "DEMO-CMMI",
        "System.TeamProject": "DEMO-CMMI",
        "System.IterationPath": "DEMO-CMMI",
        "System.WorkItemType": "Shared Parameter",
        "System.State": "Active",
        "System.Reason": "New Shared Parameter",
        "System.CreatedDate": "2023-12-27T19:53:56.44Z",
        "System.CreatedBy": "Jolin, Ian W. <ijolin@mgb.org>",
        "System.ChangedDate": "2023-12-27T19:53:56.44Z",
        "System.ChangedBy": "Jolin, Ian W. <ijolin@mgb.org>",
        "System.Title": ".add shared parameter set",
        "Microsoft.VSTS.Scheduling.Effort": 0.0,
        "System.Description": null,
        "System.AssignedTo": null,
        "Microsoft.VSTS.Scheduling.RemainingWork": 0.0,
        "Microsoft.VSTS.Common.Priority": 0.0,
        "System.BoardLane": null,
        "System.Tags": null,
        "Microsoft.VSTS.TCM.Steps": null,
        "Microsoft.VSTS.TCM.Parameters": "<parameterSet><paramNames/><paramData lastId=\"0\"/></parameterSet>",
        "Microsoft.VSTS.TCM.LocalDataSource": null,
        "Microsoft.VSTS.TCM.AutomationStatus": null,
        "System.History": null
      },
      "relations": null,
      "url": "https://dev.azure.com/MGB-DEV/_apis/wit/workItems/257179"
    }
  ],
  "HttpStatusCode": 0,
  "Message": null
}