[
  {
    "id": "0d2770ca-1ab9-4d68-9530-16d47d16816d",
    "name": "DFCI-aios-cb-lindvall",
    "description": "DFCI-aios-cb-lindvall Team",
    "isDefault": "false"
  },
  {
    "id": "90d8441b-7445-423b-9c35-f368773ad714",
    "name": "EDDH-DAO",
    "description": "",
    "isDefault": "false"
  },
  {
    "id": "f564eaae-eb86-4af7-b3e1-c88eda6864db",
    "name": "Demo Project",
    "description": "",
    "isDefault": "false"
  },
  {
    "id": "6f562fb6-7e7f-45ed-b2d0-8b0f627147e4",
    "name": "DFCI-Mediaflux",
    "description": "DFCI-Mediaflux Team",
    "isDefault": "false"
  },
  {
    "id": "4a3365ae-bd7c-41e4-8f84-828a22dbb05b",
    "name": "Web Development",
    "description": "Web Development Team for AdobeWebDev",
    "isDefault": "false"
  },
  {
    "id": "769ab8f7-2042-424a-8ead-fd7bbccaa18a",
    "name": "Change Management",
    "description": "",
    "isDefault": "false"
  },
  {
    "id": "1780a54e-50f9-4924-a067-148df336ec7d",
    "name": "RECOVER-i2b2 Team",
    "description": "RECOVER-i2b2 Team",
    "isDefault": "false"
  },
  {
    "id": "0439bcc5-72d2-4c81-9b0b-2376518fa0c9",
    "name": "BryonTestTeam",
    "description": "Testing TerraForm on MGB Agent.",
    "isDefault": "false"
  },
  {
    "id": "61733615-1fcd-40e7-a53e-97c10846ccb4",
    "name": "REF MAPS",
    "description": "REF MAPS Team",
    "isDefault": "false"
  },
  {
    "id": "33799353-815a-40a0-9d21-f1ab4f89d63a",
    "name": "PPM-HIP",
    "description": "",
    "isDefault": "false"
  },
  {
    "id": "81fbff25-f02c-4086-84fd-d1cd654056e0",
    "name": "ClinDoc - NEDS",
    "description": "ClinDoc - NEDS Team",
    "isDefault": "false"
  },
  {
    "id": "c3e19558-5529-4fe8-a06a-55fd9222ea07",
    "name": "DEMO-CMMI Team",
    "description": "The default project team.",
    "isDefault": "true"
  },
  {
    "id": "1368b61d-f72d-4e7c-b939-fa33a2d341aa",
    "name": "MGH HSE",
    "description": "MGH HSE Team",
    "isDefault": "false"
  },
  {
    "id": "3cbd83f0-6b0c-4031-ba0f-b6914a3c9903",
    "name": "TDS-Take-5",
    "description": "TDS Take 5 Team for Azure Hybrid Cloud Testing",
    "isDefault": "false"
  },
  {
    "id": "4e97af89-c37a-4bd8-b3c9-a653925fc09d",
    "name": "QTIM",
    "description": "QTIM-User Team",
    "isDefault": "false"
  },
  {
    "id": "d0da4ac3-c491-45b9-b5d3-3e9c2779839d",
    "name": "SNOW2ADO",
    "description": "Team to test REST API integration between SNOW Integration Hub and ADO Repos/Pipelines",
    "isDefault": "false"
  },
  {
    "id": "c0c1e775-baa8-497f-a705-d53e2c8407d2",
    "name": "PeC",
    "description": "Partners eCare Team",
    "isDefault": "false"
  },
  {
    "id": "a1ae2afe-8715-4a98-b711-8c8f70872f56",
    "name": "ServiceNow",
    "description": "ServiceNow Team",
    "isDefault": "false"
  },
  {
    "id": "5ececacf-abce-4cdb-89a8-3aa4b82e9f67",
    "name": "Neuroscience Data Science Center",
    "description": "Neuroscience Data Science Center Team.  Provisioning a project for the Neuroscience Data Science Center to aid in our goal of sharing code and non-PII data sets internally.",
    "isDefault": "false"
  }
]