{
  "Extensions": [
    {
      "extensionName": "AWS Toolkit for Azure DevOps",
      "link": "<a href='https://marketplace.visualstudio.com/items?itemName=AmazonWebServices.aws-vsts-tools' target='_blank'><b>AWS Toolkit for Azure DevOps</b></a>",
      "publisherId": "AmazonWebServices",
      "extensionId": "aws-vsts-tools",
      "publisherName": "Amazon Web Services",
      "License": "<a href='https://marketplace.visualstudio.com/items?itemName=AmazonWebServices.aws-vsts-tools' target='_blank'>License Terms</a>"
    },
    {
      "extensionName": "ADO Security Scanner",
      "link": "<a href='https://marketplace.visualstudio.com/items?itemName=azsdktm.ADOSecurityScanner' target='_blank'><b>ADO Security Scanner</b></a>",
      "publisherId": "azsdktm",
      "extensionId": "ADOSecurityScanner",
      "publisherName": "Microsoft",
      "License": "<a href='https://marketplace.visualstudio.com/items?itemName=azsdktm.ADOSecurityScanner' target='_blank'>License Terms</a>"
    },
    {
      "extensionName": "WorkItem Updater",
      "link": "<a href='https://marketplace.visualstudio.com/items?itemName=BlueBasher.bluebasher-workitemupdater' target='_blank'><b>WorkItem Updater</b></a>",
      "publisherId": "BlueBasher",
      "extensionId": "bluebasher-workitemupdater",
      "publisherName": "Blue Basher",
      "License": "<a href='https://marketplace.visualstudio.com/items?itemName=BlueBasher.bluebasher-workitemupdater' target='_blank'>License Terms</a>"
    },
    {
      "extensionName": "Azure DevOps Open in Excel",
      "link": "<a href='https://marketplace.visualstudio.com/items?itemName=blueprint.vsts-open-work-items-in-excel' target='_blank'><b>Azure DevOps Open in Excel</b></a>",
      "publisherId": "blueprint",
      "extensionId": "vsts-open-work-items-in-excel",
      "publisherName": "Microsoft DevLabs",
      "License": "<a href='https://marketplace.visualstudio.com/items?itemName=blueprint.vsts-open-work-items-in-excel' target='_blank'>License Terms</a>"
    },
    {
      "extensionName": "Datadog CI Visibility",
      "link": "<a href='https://marketplace.visualstudio.com/items?itemName=Datadog.ci-visibility' target='_blank'><b>Datadog CI Visibility</b></a>",
      "publisherId": "Datadog",
      "extensionId": "ci-visibility",
      "publisherName": "Datadog",
      "License": "<a href='https://marketplace.visualstudio.com/items?itemName=Datadog.ci-visibility' target='_blank'>License Terms</a>"
    },
    {
      "extensionName": "Databricks Script Deployment Task by Data Thirst",
      "link": "<a href='https://marketplace.visualstudio.com/items?itemName=DataThirstLtd.databricksDeployScriptsTasks' target='_blank'><b>Databricks Script Deployment Task by Data Thirst</b></a>",
      "publisherId": "DataThirstLtd",
      "extensionId": "databricksDeployScriptsTasks",
      "publisherName": "Data Thirst Ltd",
      "License": "<a href='https://marketplace.visualstudio.com/items?itemName=DataThirstLtd.databricksDeployScriptsTasks' target='_blank'>License Terms</a>"
    },
    {
      "extensionName": "Ghost Inspector Integration",
      "link": "<a href='https://marketplace.visualstudio.com/items?itemName=ghost-inspector.ghost-inspector-vsts-extension' target='_blank'><b>Ghost Inspector Integration</b></a>",
      "publisherId": "ghost-inspector",
      "extensionId": "ghost-inspector-vsts-extension",
      "publisherName": "Ghost Inspector",
      "License": "<a href='https://marketplace.visualstudio.com/items?itemName=ghost-inspector.ghost-inspector-vsts-extension' target='_blank'>License Terms</a>"
    },
    {
      "extensionName": "GitVersion",
      "link": "<a href='https://marketplace.visualstudio.com/items?itemName=gittools.gitversion' target='_blank'><b>GitVersion</b></a>",
      "publisherId": "gittools",
      "extensionId": "gitversion",
      "publisherName": "GitTools",
      "License": "<a href='https://marketplace.visualstudio.com/items?itemName=gittools.gitversion' target='_blank'>License Terms</a>"
    },
    {
      "extensionName": "Sprint Goal",
      "link": "<a href='https://marketplace.visualstudio.com/items?itemName=keesschollaart.sprint-goal' target='_blank'><b>Sprint Goal</b></a>",
      "publisherId": "keesschollaart",
      "extensionId": "sprint-goal",
      "publisherName": "Kees Schollaart",
      "License": "<a href='https://marketplace.visualstudio.com/items?itemName=keesschollaart.sprint-goal' target='_blank'>License Terms</a>"
    },
    {
      "extensionName": "Deltanji Extension MGB-Dev",
      "link": "<a href='https://marketplace.visualstudio.com/items?itemName=MassGeneralBrighamReady.deltanji-dev' target='_blank'><b>Deltanji Extension MGB-Dev</b></a>",
      "publisherId": "MassGeneralBrighamReady",
      "extensionId": "deltanji-dev",
      "publisherName": "Mass General Brigham",
      "License": "<a href='https://marketplace.visualstudio.com/items?itemName=MassGeneralBrighamReady.deltanji-dev' target='_blank'>License Terms</a>"
    },
    {
      "extensionName": "Team Files Extension MGB-Dev",
      "link": "<a href='https://marketplace.visualstudio.com/items?itemName=MassGeneralBrighamReady.team-files-mgbdev' target='_blank'><b>Team Files Extension MGB-Dev</b></a>",
      "publisherId": "MassGeneralBrighamReady",
      "extensionId": "team-files-mgbdev",
      "publisherName": "Mass General Brigham",
      "License": "<a href='https://marketplace.visualstudio.com/items?itemName=MassGeneralBrighamReady.team-files-mgbdev' target='_blank'>License Terms</a>"
    },
    {
      "extensionName": "LoadRunner Enterprise CI",
      "link": "<a href='https://marketplace.visualstudio.com/items?itemName=Micro-Focus.PCIntegration' target='_blank'><b>LoadRunner Enterprise CI</b></a>",
      "publisherId": "Micro-Focus",
      "extensionId": "PCIntegration",
      "publisherName": "OpenText (formerly known as Micro Focus)",
      "License": "<a href='https://marketplace.visualstudio.com/items?itemName=Micro-Focus.PCIntegration' target='_blank'>License Terms</a>"
    },
    {
      "extensionName": "PowerApps BuildTools - DEPRECATED (0.3.7)",
      "link": "<a href='https://marketplace.visualstudio.com/items?itemName=microsoft-IsvExpTools.PowerApps-BuildTools' target='_blank'><b>PowerApps BuildTools - DEPRECATED (0.3.7)</b></a>",
      "publisherId": "microsoft-IsvExpTools",
      "extensionId": "PowerApps-BuildTools",
      "publisherName": "Microsoft",
      "License": "<a href='https://marketplace.visualstudio.com/items?itemName=microsoft-IsvExpTools.PowerApps-BuildTools' target='_blank'>License Terms</a>"
    },
    {
      "extensionName": "Power Platform Build Tools (2.0.51)",
      "link": "<a href='https://marketplace.visualstudio.com/items?itemName=microsoft-IsvExpTools.PowerPlatform-BuildTools' target='_blank'><b>Power Platform Build Tools (2.0.51)</b></a>",
      "publisherId": "microsoft-IsvExpTools",
      "extensionId": "PowerPlatform-BuildTools",
      "publisherName": "Microsoft",
      "License": "<a href='https://marketplace.visualstudio.com/items?itemName=microsoft-IsvExpTools.PowerPlatform-BuildTools' target='_blank'>License Terms</a>"
    },
    {
      "extensionName": "Advanced Security Build Tasks",
      "link": "<a href='https://marketplace.visualstudio.com/items?itemName=ms.advancedsecurity-tasks' target='_blank'><b>Advanced Security Build Tasks</b></a>",
      "publisherId": "ms",
      "extensionId": "advancedsecurity-tasks",
      "publisherName": "Microsoft",
      "License": "<a href='https://marketplace.visualstudio.com/items?itemName=ms.advancedsecurity-tasks' target='_blank'>License Terms</a>"
    },
    {
      "extensionName": "Color picklist control",
      "link": "<a href='https://marketplace.visualstudio.com/items?itemName=ms-devlabs.color-form-control' target='_blank'><b>Color picklist control</b></a>",
      "publisherId": "ms-devlabs",
      "extensionId": "color-form-control",
      "publisherName": "Microsoft DevLabs",
      "License": "<a href='https://marketplace.visualstudio.com/items?itemName=ms-devlabs.color-form-control' target='_blank'>License Terms</a>"
    },
    {
      "extensionName": "Pull Request Merge Conflict Extension",
      "link": "<a href='https://marketplace.visualstudio.com/items?itemName=ms-devlabs.conflicts-tab' target='_blank'><b>Pull Request Merge Conflict Extension</b></a>",
      "publisherId": "ms-devlabs",
      "extensionId": "conflicts-tab",
      "publisherName": "Microsoft DevLabs",
      "License": "<a href='https://marketplace.visualstudio.com/items?itemName=ms-devlabs.conflicts-tab' target='_blank'>License Terms</a>"
    },
    {
      "extensionName": "Terraform",
      "link": "<a href='https://marketplace.visualstudio.com/items?itemName=ms-devlabs.custom-terraform-tasks' target='_blank'><b>Terraform</b></a>",
      "publisherId": "ms-devlabs",
      "extensionId": "custom-terraform-tasks",
      "publisherName": "Microsoft DevLabs",
      "License": "<a href='https://marketplace.visualstudio.com/items?itemName=ms-devlabs.custom-terraform-tasks' target='_blank'>License Terms</a>"
    },
    {
      "extensionName": "Estimate",
      "link": "<a href='https://marketplace.visualstudio.com/items?itemName=ms-devlabs.estimate' target='_blank'><b>Estimate</b></a>",
      "publisherId": "ms-devlabs",
      "extensionId": "estimate",
      "publisherName": "Microsoft DevLabs",
      "License": "<a href='https://marketplace.visualstudio.com/items?itemName=ms-devlabs.estimate' target='_blank'>License Terms</a>"
    },
    {
      "extensionName": "Team Calendar",
      "link": "<a href='https://marketplace.visualstudio.com/items?itemName=ms-devlabs.team-calendar' target='_blank'><b>Team Calendar</b></a>",
      "publisherId": "ms-devlabs",
      "extensionId": "team-calendar",
      "publisherName": "Microsoft DevLabs",
      "License": "<a href='https://marketplace.visualstudio.com/items?itemName=ms-devlabs.team-calendar' target='_blank'>License Terms</a>"
    },
    {
      "extensionName": "Retrospectives",
      "link": "<a href='https://marketplace.visualstudio.com/items?itemName=ms-devlabs.team-retrospectives' target='_blank'><b>Retrospectives</b></a>",
      "publisherId": "ms-devlabs",
      "extensionId": "team-retrospectives",
      "publisherName": "Microsoft DevLabs",
      "License": "<a href='https://marketplace.visualstudio.com/items?itemName=ms-devlabs.team-retrospectives' target='_blank'>License Terms</a>"
    },
    {
      "extensionName": "Team Project Health",
      "link": "<a href='https://marketplace.visualstudio.com/items?itemName=ms-devlabs.TeamProjectHealth' target='_blank'><b>Team Project Health</b></a>",
      "publisherId": "ms-devlabs",
      "extensionId": "TeamProjectHealth",
      "publisherName": "Microsoft DevLabs",
      "License": "<a href='https://marketplace.visualstudio.com/items?itemName=ms-devlabs.TeamProjectHealth' target='_blank'>License Terms</a>"
    },
    {
      "extensionName": "Test Case Explorer",
      "link": "<a href='https://marketplace.visualstudio.com/items?itemName=ms-devlabs.TestCaseExplorer' target='_blank'><b>Test Case Explorer</b></a>",
      "publisherId": "ms-devlabs",
      "extensionId": "TestCaseExplorer",
      "publisherName": "Microsoft DevLabs",
      "License": "<a href='https://marketplace.visualstudio.com/items?itemName=ms-devlabs.TestCaseExplorer' target='_blank'>License Terms</a>"
    },
    {
      "extensionName": "Multivalue control",
      "link": "<a href='https://marketplace.visualstudio.com/items?itemName=ms-devlabs.vsts-extensions-multivalue-control' target='_blank'><b>Multivalue control</b></a>",
      "publisherId": "ms-devlabs",
      "extensionId": "vsts-extensions-multivalue-control",
      "publisherName": "Microsoft DevLabs",
      "License": "<a href='https://marketplace.visualstudio.com/items?itemName=ms-devlabs.vsts-extensions-multivalue-control' target='_blank'>License Terms</a>"
    },
    {
      "extensionName": "Feature timeline and Epic Roadmap",
      "link": "<a href='https://marketplace.visualstudio.com/items?itemName=ms-devlabs.workitem-feature-timeline-extension' target='_blank'><b>Feature timeline and Epic Roadmap</b></a>",
      "publisherId": "ms-devlabs",
      "extensionId": "workitem-feature-timeline-extension",
      "publisherName": "Microsoft DevLabs",
      "License": "<a href='https://marketplace.visualstudio.com/items?itemName=ms-devlabs.workitem-feature-timeline-extension' target='_blank'>License Terms</a>"
    },
    {
      "extensionName": "Banner Settings",
      "link": "<a href='https://marketplace.visualstudio.com/items?itemName=ms-eswm.banner-settings-hub' target='_blank'><b>Banner Settings</b></a>",
      "publisherId": "ms-eswm",
      "extensionId": "banner-settings-hub",
      "publisherName": "Microsoft",
      "License": "<a href='https://marketplace.visualstudio.com/items?itemName=ms-eswm.banner-settings-hub' target='_blank'>License Terms</a>"
    },
    {
      "extensionName": "TFS artifacts for Release Management",
      "link": "<a href='https://marketplace.visualstudio.com/items?itemName=ms-vscs-rm.vss-services-externaltfs' target='_blank'><b>TFS artifacts for Release Management</b></a>",
      "publisherId": "ms-vscs-rm",
      "extensionId": "vss-services-externaltfs",
      "publisherName": "Microsoft",
      "License": "<a href='https://marketplace.visualstudio.com/items?itemName=ms-vscs-rm.vss-services-externaltfs' target='_blank'>License Terms</a>"
    },
    {
      "extensionName": "ServiceNow Change Management",
      "link": "<a href='https://marketplace.visualstudio.com/items?itemName=ms-vscs-rm.vss-services-servicenowchangerequestmanagement' target='_blank'><b>ServiceNow Change Management</b></a>",
      "publisherId": "ms-vscs-rm",
      "extensionId": "vss-services-servicenowchangerequestmanagement",
      "publisherName": "Microsoft",
      "License": "<a href='https://marketplace.visualstudio.com/items?itemName=ms-vscs-rm.vss-services-servicenowchangerequestmanagement' target='_blank'>License Terms</a>"
    },
    {
      "extensionName": "Create Work Item",
      "link": "<a href='https://marketplace.visualstudio.com/items?itemName=mspremier.CreateWorkItem' target='_blank'><b>Create Work Item</b></a>",
      "publisherId": "mspremier",
      "extensionId": "CreateWorkItem",
      "publisherName": "Microsoft",
      "License": "<a href='https://marketplace.visualstudio.com/items?itemName=mspremier.CreateWorkItem' target='_blank'>License Terms</a>"
    },
    {
      "extensionName": "Wiql Editor",
      "link": "<a href='https://marketplace.visualstudio.com/items?itemName=ottostreifel.wiql-editor' target='_blank'><b>Wiql Editor</b></a>",
      "publisherId": "ottostreifel",
      "extensionId": "wiql-editor",
      "publisherName": "Otto Streifel",
      "License": "<a href='https://marketplace.visualstudio.com/items?itemName=ottostreifel.wiql-editor' target='_blank'>License Terms</a>"
    },
    {
      "extensionName": "Ranorex Azure DevOps build task",
      "link": "<a href='https://marketplace.visualstudio.com/items?itemName=Ranorex.RanorexAzureDevOpsBuildTasks' target='_blank'><b>Ranorex Azure DevOps build task</b></a>",
      "publisherId": "Ranorex",
      "extensionId": "RanorexAzureDevOpsBuildTasks",
      "publisherName": "Ranorex",
      "License": "<a href='https://marketplace.visualstudio.com/items?itemName=Ranorex.RanorexAzureDevOpsBuildTasks' target='_blank'>License Terms</a>"
    },
    {
      "extensionName": "ServiceNow DevOps",
      "link": "<a href='https://marketplace.visualstudio.com/items?itemName=ServiceNow.vss-services-servicenow-devops' target='_blank'><b>ServiceNow DevOps</b></a>",
      "publisherId": "ServiceNow",
      "extensionId": "vss-services-servicenow-devops",
      "publisherName": "ServiceNow",
      "License": "<a href='https://marketplace.visualstudio.com/items?itemName=ServiceNow.vss-services-servicenow-devops' target='_blank'>License Terms</a>"
    },
    {
      "extensionName": "SonarCloud",
      "link": "<a href='https://marketplace.visualstudio.com/items?itemName=SonarSource.sonarcloud' target='_blank'><b>SonarCloud</b></a>",
      "publisherId": "SonarSource",
      "extensionId": "sonarcloud",
      "publisherName": "SonarSource",
      "License": "<a href='https://marketplace.visualstudio.com/items?itemName=SonarSource.sonarcloud' target='_blank'>License Terms</a>"
    },
    {
      "extensionName": "SSIS DevOps Tools",
      "link": "<a href='https://marketplace.visualstudio.com/items?itemName=SSIS.ssis-devops-tools' target='_blank'><b>SSIS DevOps Tools</b></a>",
      "publisherId": "SSIS",
      "extensionId": "ssis-devops-tools",
      "publisherName": "Microsoft",
      "License": "<a href='https://marketplace.visualstudio.com/items?itemName=SSIS.ssis-devops-tools' target='_blank'>License Terms</a>"
    },
    {
      "extensionName": "Team Capacity Management",
      "link": "<a href='https://marketplace.visualstudio.com/items?itemName=tfc.team-capacity' target='_blank'><b>Team Capacity Management</b></a>",
      "publisherId": "tfc",
      "extensionId": "team-capacity",
      "publisherName": "Team Foundation Consulting",
      "License": "<a href='https://marketplace.visualstudio.com/items?itemName=tfc.team-capacity' target='_blank'>License Terms</a>"
    },
    {
      "extensionName": "Veracode",
      "link": "<a href='https://marketplace.visualstudio.com/items?itemName=Veracode.veracode-vsts-build-extension' target='_blank'><b>Veracode</b></a>",
      "publisherId": "Veracode",
      "extensionId": "veracode-vsts-build-extension",
      "publisherName": "Veracode",
      "License": "<a href='https://marketplace.visualstudio.com/items?itemName=Veracode.veracode-vsts-build-extension' target='_blank'>License Terms</a>"
    },
    {
      "extensionName": "Tags Manager",
      "link": "<a href='https://marketplace.visualstudio.com/items?itemName=YodLabs.TagsManager2' target='_blank'><b>Tags Manager</b></a>",
      "publisherId": "YodLabs",
      "extensionId": "TagsManager2",
      "publisherName": "Yod Labs",
      "License": "<a href='https://marketplace.visualstudio.com/items?itemName=YodLabs.TagsManager2' target='_blank'>License Terms</a>"
    },
    {
      "extensionName": "Code Search",
      "link": "<a href='https://marketplace.visualstudio.com/items?itemName=ms.vss-code-search' target='_blank'><b>Code Search</b></a>",
      "publisherId": "ms",
      "extensionId": "vss-code-search",
      "publisherName": "Microsoft",
      "License": "<a href='https://marketplace.visualstudio.com/items?itemName=ms.vss-code-search' target='_blank'>License Terms</a>"
    }
  ]
}