{
  "children": [
    {
      "name": "Test New",
      "structureType": "iteration",
      "hasChildren": false
    },
    {
      "name": "Bob",
      "structureType": "iteration",
      "hasChildren": false
    },
    {
      "name": "Release",
      "structureType": "iteration",
      "hasChildren": false
    },
    {
      "name": "Demo Project",
      "structureType": "iteration",
      "hasChildren": false
    }
  ],
  "name": "DEMO-CMMI",
  "structureType": "iteration",
  "hasChildren": true
}